snapshot_id,client_id,snapshot_date,aum_value,target_allocation_equity,target_allocation_bonds,target_allocation_cash,actual_allocation_equity,actual_allocation_bonds,actual_allocation_cash,drift_pct,goal_progress_pct,ytd_return,benchmark_return,risk_score
PS0001,C0001,2024-12-11,180078.52,0.75,0.2,0.05,0.72,0.23,0.05,3.0,46.8,0.0794,0.0074,3.7
PS0002,C0001,2025-01-10,182172.78,0.75,0.2,0.05,0.724,0.226,0.05,2.6,48.7,-0.1806,0.0035,3.7
PS0003,C0001,2025-02-09,178546.1,0.75,0.2,0.05,0.794,0.156,0.05,4.4,50.8,0.0642,0.0038,3.7
PS0004,C0001,2025-03-11,179296.44,0.75,0.2,0.05,0.652,0.298,0.05,9.8,60.0,0.1073,-0.0399,3.7
PS0005,C0001,2025-04-10,185141.29,0.75,0.2,0.05,0.684,0.266,0.05,6.6,51.7,0.0645,-0.0162,3.7
PS0006,C0001,2025-05-10,190735.09,0.75,0.2,0.05,0.731,0.219,0.05,1.9,56.3,0.0537,0.0024,3.7
PS0007,C0001,2025-06-09,212222.83,0.75,0.2,0.05,0.686,0.264,0.05,6.4,69.6,0.0419,-0.0116,3.7
PS0008,C0001,2025-07-09,206350.31,0.75,0.2,0.05,0.844,0.106,0.05,9.4,58.9,0.0581,-0.0252,3.7
PS0009,C0001,2025-08-08,198667.04,0.75,0.2,0.05,0.751,0.199,0.05,0.1,64.6,-0.003,0.0185,3.7
PS0010,C0001,2025-09-07,199410.69,0.75,0.2,0.05,0.718,0.232,0.05,3.2,61.8,0.0993,0.0193,3.7
PS0011,C0001,2025-10-07,192293.42,0.75,0.2,0.05,0.752,0.198,0.05,0.2,62.5,-0.0399,-0.0163,3.7
PS0012,C0001,2025-11-06,192881.49,0.75,0.2,0.05,0.689,0.261,0.05,6.1,59.4,0.1051,0.0201,3.7
PS0013,C0001,2025-12-06,196732.26,0.75,0.2,0.05,0.85,0.1,0.05,10.0,69.8,0.0628,-0.0024,3.7
PS0014,C0001,2026-01-05,196791.87,0.75,0.2,0.05,0.762,0.188,0.05,1.2,68.6,-0.1324,-0.002,3.7
PS0015,C0001,2026-02-04,197616.46,0.75,0.2,0.05,0.815,0.135,0.05,6.5,65.5,-0.0396,-0.0049,3.7
PS0016,C0001,2026-03-06,211860.65,0.75,0.2,0.05,0.751,0.199,0.05,0.1,68.9,-0.0056,-0.0017,3.7
PS0017,C0001,2026-04-05,215502.7,0.75,0.2,0.05,0.674,0.276,0.05,7.6,78.6,0.0292,0.021,3.7
PS0018,C0001,2026-05-05,218983.85,0.75,0.2,0.05,0.633,0.317,0.05,11.7,83.5,0.0045,0.0609,3.7
PS0019,C0002,2024-12-11,115659.66,0.55,0.35,0.1,0.562,0.338,0.1,1.2,48.8,0.0783,0.0512,2.1
PS0020,C0002,2025-01-10,120879.56,0.55,0.35,0.1,0.528,0.372,0.1,2.2,48.8,-0.0726,-0.0244,2.1
PS0021,C0002,2025-02-09,125119.33,0.55,0.35,0.1,0.545,0.355,0.1,0.5,55.9,0.0745,-0.027,2.1
PS0022,C0002,2025-03-11,123455.86,0.55,0.35,0.1,0.556,0.344,0.1,0.6,47.8,0.0578,-0.0087,2.1
PS0023,C0002,2025-04-10,117844.12,0.55,0.35,0.1,0.516,0.384,0.1,3.4,60.9,0.0486,-0.0671,2.1
PS0024,C0002,2025-05-10,124130.32,0.55,0.35,0.1,0.523,0.377,0.1,2.7,59.5,0.1763,-0.0239,2.1
PS0025,C0002,2025-06-09,130836.71,0.55,0.35,0.1,0.486,0.414,0.1,6.4,62.4,0.0608,-0.0465,2.1
PS0026,C0002,2025-07-09,123632.14,0.55,0.35,0.1,0.48,0.42,0.1,7.0,58.6,0.024,0.0425,2.1
PS0027,C0002,2025-08-08,126188.2,0.55,0.35,0.1,0.619,0.281,0.1,6.9,59.5,0.081,0.0064,2.1
PS0028,C0002,2025-09-07,120422.85,0.55,0.35,0.1,0.469,0.431,0.1,8.1,55.9,0.0411,-0.0102,2.1
PS0029,C0002,2025-10-07,121187.03,0.55,0.35,0.1,0.595,0.305,0.1,4.5,69.1,-0.0079,-0.0074,2.1
PS0030,C0002,2025-11-06,124887.39,0.55,0.35,0.1,0.597,0.303,0.1,4.7,68.6,0.0819,0.0545,2.1
PS0031,C0002,2025-12-06,129986.45,0.55,0.35,0.1,0.518,0.382,0.1,3.2,73.0,0.0848,-0.0406,2.1
PS0032,C0002,2026-01-05,133516.31,0.55,0.35,0.1,0.63,0.27,0.1,8.0,69.8,0.0685,-0.0458,2.1
PS0033,C0002,2026-02-04,136854.48,0.55,0.35,0.1,0.537,0.363,0.1,1.3,68.7,0.1328,0.0339,2.1
PS0034,C0002,2026-03-06,138859.74,0.55,0.35,0.1,0.551,0.349,0.1,0.1,69.3,0.0583,0.0089,2.1
PS0035,C0002,2026-04-05,134170.48,0.55,0.35,0.1,0.578,0.322,0.1,2.8,68.1,-0.0094,0.0016,2.1
PS0036,C0002,2026-05-05,141274.32,0.55,0.35,0.1,0.531,0.369,0.1,1.9,72.9,-0.0347,0.0482,2.1
PS0037,C0003,2024-12-11,221192.13,0.75,0.2,0.05,0.697,0.253,0.05,5.3,45.4,0.0169,0.0416,5.8
PS0038,C0003,2025-01-10,218676.1,0.75,0.2,0.05,0.668,0.282,0.05,8.2,56.1,0.0649,0.0283,5.8
PS0039,C0003,2025-02-09,223623.86,0.75,0.2,0.05,0.692,0.258,0.05,5.8,57.1,0.0435,0.0224,5.8
PS0040,C0003,2025-03-11,211439.4,0.75,0.2,0.05,0.582,0.368,0.05,16.8,51.7,0.1084,0.025,5.8
PS0041,C0003,2025-04-10,218294.64,0.75,0.2,0.05,0.818,0.132,0.05,6.8,53.6,-0.087,-0.0028,5.8
PS0042,C0003,2025-05-10,222288.9,0.75,0.2,0.05,0.651,0.299,0.05,9.9,53.3,0.0469,-0.0233,5.8
PS0043,C0003,2025-06-09,223634.86,0.75,0.2,0.05,0.706,0.244,0.05,4.4,64.0,0.0951,-0.001,5.8
PS0044,C0003,2025-07-09,232934.27,0.75,0.2,0.05,0.837,0.113,0.05,8.7,60.2,-0.0157,-0.0303,5.8
PS0045,C0003,2025-08-08,240053.32,0.75,0.2,0.05,0.811,0.139,0.05,6.1,58.6,0.0536,0.0351,5.8
PS0046,C0003,2025-09-07,246079.34,0.75,0.2,0.05,0.753,0.197,0.05,0.3,67.9,0.0955,0.0309,5.8
PS0047,C0003,2025-10-07,238462.57,0.75,0.2,0.05,0.754,0.196,0.05,0.4,68.7,0.0231,0.0044,5.8
PS0048,C0003,2025-11-06,232231.01,0.75,0.2,0.05,0.763,0.187,0.05,1.3,70.1,0.073,-0.0274,5.8
PS0049,C0003,2025-12-06,234037.72,0.75,0.2,0.05,0.666,0.284,0.05,8.4,73.5,0.1597,-0.0167,5.8
PS0050,C0003,2026-01-05,237652.86,0.75,0.2,0.05,0.7,0.25,0.05,5.0,78.9,0.028,-0.0432,5.8
PS0051,C0003,2026-02-04,250063.47,0.75,0.2,0.05,0.718,0.232,0.05,3.2,73.2,0.1487,0.0125,5.8
PS0052,C0003,2026-03-06,246298.83,0.75,0.2,0.05,0.774,0.176,0.05,2.4,75.9,-0.0209,0.0105,5.8
PS0053,C0003,2026-04-05,240503.89,0.75,0.2,0.05,0.664,0.286,0.05,8.6,75.1,-0.0705,-0.0158,5.8
PS0054,C0003,2026-05-05,224885.95,0.75,0.2,0.05,0.649,0.301,0.05,10.1,83.6,-0.0724,0.0097,5.8
PS0055,C0004,2024-12-11,979414.85,0.55,0.35,0.1,0.665,0.235,0.1,11.5,49.2,0.0418,-0.0042,6.1
PS0056,C0004,2025-01-10,956411.68,0.55,0.35,0.1,0.482,0.418,0.1,6.8,51.3,0.0566,-0.0335,6.1
PS0057,C0004,2025-02-09,949293.37,0.55,0.35,0.1,0.564,0.336,0.1,1.4,60.8,-0.0153,0.0275,6.1
PS0058,C0004,2025-03-11,999080.47,0.55,0.35,0.1,0.575,0.325,0.1,2.5,53.8,0.1686,-0.0109,6.1
PS0059,C0004,2025-04-10,1042528.53,0.55,0.35,0.1,0.627,0.273,0.1,7.7,61.7,-0.0459,0.0148,6.1
PS0060,C0004,2025-05-10,1030344.8,0.55,0.35,0.1,0.555,0.345,0.1,0.5,64.1,0.1192,-0.0075,6.1
PS0061,C0004,2025-06-09,1020658.16,0.55,0.35,0.1,0.591,0.309,0.1,4.1,54.6,0.2103,0.0474,6.1
PS0062,C0004,2025-07-09,975223.22,0.55,0.35,0.1,0.638,0.262,0.1,8.8,64.9,0.1121,-0.0097,6.1
PS0063,C0004,2025-08-08,984720.58,0.55,0.35,0.1,0.59,0.31,0.1,4.0,56.7,0.0523,0.0185,6.1
PS0064,C0004,2025-09-07,1038291.0,0.55,0.35,0.1,0.544,0.356,0.1,0.6,63.0,-0.0628,-0.0151,6.1
PS0065,C0004,2025-10-07,1077270.33,0.55,0.35,0.1,0.567,0.333,0.1,1.7,57.0,0.1182,-0.0181,6.1
PS0066,C0004,2025-11-06,1063343.09,0.55,0.35,0.1,0.525,0.375,0.1,2.5,69.0,0.1324,0.0145,6.1
PS0067,C0004,2025-12-06,1092199.06,0.55,0.35,0.1,0.5,0.4,0.1,5.0,58.4,0.1886,0.0116,6.1
PS0068,C0004,2026-01-05,1138537.95,0.55,0.35,0.1,0.636,0.264,0.1,8.6,71.9,0.0805,0.0368,6.1
PS0069,C0004,2026-02-04,1175000.91,0.55,0.35,0.1,0.611,0.289,0.1,6.1,62.2,0.0367,-0.011,6.1
PS0070,C0004,2026-03-06,1150301.82,0.55,0.35,0.1,0.469,0.431,0.1,8.1,69.5,0.0753,0.0293,6.1
PS0071,C0004,2026-04-05,1160126.49,0.55,0.35,0.1,0.433,0.467,0.1,11.7,72.2,0.0793,0.0187,6.1
PS0072,C0004,2026-05-05,1201089.43,0.55,0.35,0.1,0.606,0.294,0.1,5.6,71.7,0.0599,0.022,6.1
PS0073,C0005,2024-12-11,3340308.72,0.9,0.08,0.02,0.933,0.047,0.02,3.3,40.9,0.0408,0.0126,7.9
PS0074,C0005,2025-01-10,3190549.51,0.9,0.08,0.02,0.905,0.075,0.02,0.5,53.5,-0.2119,0.0423,7.9
PS0075,C0005,2025-02-09,3205485.93,0.9,0.08,0.02,0.987,0,0.013,8.7,57.8,-0.0388,0.0065,7.9
PS0076,C0005,2025-03-11,3274405.64,0.9,0.08,0.02,0.879,0.101,0.02,2.1,47.1,-0.0615,0.0275,7.9
PS0077,C0005,2025-04-10,2992807.97,0.9,0.08,0.02,0.972,0.008,0.02,7.2,51.3,0.0435,0.001,7.9
PS0078,C0005,2025-05-10,3047700.72,0.9,0.08,0.02,0.9,0.08,0.02,0.0,51.3,-0.1147,0.0209,7.9
PS0079,C0005,2025-06-09,3128978.32,0.9,0.08,0.02,0.947,0.033,0.02,4.7,62.7,0.0093,0.006,7.9
PS0080,C0005,2025-07-09,3096597.84,0.9,0.08,0.02,0.848,0.132,0.02,5.2,60.5,0.1239,0.0168,7.9
PS0081,C0005,2025-08-08,3226647.9,0.9,0.08,0.02,0.907,0.073,0.02,0.7,61.4,-0.0861,0.0152,7.9
PS0082,C0005,2025-09-07,3348300.87,0.9,0.08,0.02,0.962,0.018,0.02,6.2,63.7,-0.0013,-0.0155,7.9
PS0083,C0005,2025-10-07,3287814.66,0.9,0.08,0.02,0.935,0.045,0.02,3.5,71.7,-0.014,0.0154,7.9
PS0084,C0005,2025-11-06,3268542.05,0.9,0.08,0.02,0.909,0.071,0.02,0.9,68.3,-0.0421,0.0226,7.9
PS0085,C0005,2025-12-06,3197741.45,0.9,0.08,0.02,0.886,0.094,0.02,1.4,70.5,0.0147,0.0307,7.9
PS0086,C0005,2026-01-05,3000427.01,0.9,0.08,0.02,0.918,0.062,0.02,1.8,70.2,0.1093,-0.0056,7.9
PS0087,C0005,2026-02-04,3162900.16,0.9,0.08,0.02,0.962,0.018,0.02,6.2,66.3,0.1633,0.0074,7.9
PS0088,C0005,2026-03-06,3166652.26,0.9,0.08,0.02,0.92,0.06,0.02,2.0,73.4,0.0032,-0.0337,7.9
PS0089,C0005,2026-04-05,3105759.92,0.9,0.08,0.02,0.939,0.041,0.02,3.9,74.3,0.1722,0.0406,7.9
PS0090,C0005,2026-05-05,3115111.98,0.9,0.08,0.02,0.899,0.081,0.02,0.1,65.9,-0.0024,0.0115,7.9
PS0091,C0006,2024-12-11,150199.47,0.55,0.35,0.1,0.667,0.233,0.1,11.7,51.0,-0.0379,0.0291,5.8
PS0092,C0006,2025-01-10,153909.82,0.55,0.35,0.1,0.554,0.346,0.1,0.4,46.8,0.1407,0.0542,5.8
PS0093,C0006,2025-02-09,160376.4,0.55,0.35,0.1,0.481,0.419,0.1,6.9,53.2,-0.0502,0.0307,5.8
PS0094,C0006,2025-03-11,170004.77,0.55,0.35,0.1,0.614,0.286,0.1,6.4,65.9,-0.0173,0.0335,5.8
PS0095,C0006,2025-04-10,178582.14,0.55,0.35,0.1,0.527,0.373,0.1,2.3,62.2,0.1732,0.027,5.8
PS0096,C0006,2025-05-10,174015.82,0.55,0.35,0.1,0.47,0.43,0.1,8.0,63.8,0.0173,-0.0044,5.8
PS0097,C0006,2025-06-09,186656.76,0.55,0.35,0.1,0.576,0.324,0.1,2.6,55.4,0.0632,0.0003,5.8
PS0098,C0006,2025-07-09,182643.69,0.55,0.35,0.1,0.531,0.369,0.1,1.9,59.6,0.0593,0.0238,5.8
PS0099,C0006,2025-08-08,194121.89,0.55,0.35,0.1,0.528,0.372,0.1,2.2,70.0,0.0931,-0.0287,5.8
PS0100,C0006,2025-09-07,196075.22,0.55,0.35,0.1,0.591,0.309,0.1,4.1,55.4,-0.0331,-0.0061,5.8
PS0101,C0006,2025-10-07,196828.9,0.55,0.35,0.1,0.568,0.332,0.1,1.8,60.0,0.0641,0.0035,5.8
PS0102,C0006,2025-11-06,207277.83,0.55,0.35,0.1,0.521,0.379,0.1,2.9,64.9,0.0538,0.0001,5.8
PS0103,C0006,2025-12-06,208785.97,0.55,0.35,0.1,0.536,0.364,0.1,1.4,62.1,-0.0597,-0.001,5.8
PS0104,C0006,2026-01-05,217355.36,0.55,0.35,0.1,0.551,0.349,0.1,0.1,72.1,-0.0906,0.0006,5.8
PS0105,C0006,2026-02-04,217362.67,0.55,0.35,0.1,0.532,0.368,0.1,1.8,76.5,0.0183,-0.0068,5.8
PS0106,C0006,2026-03-06,218766.81,0.55,0.35,0.1,0.648,0.252,0.1,9.8,67.7,-0.1099,-0.0143,5.8
PS0107,C0006,2026-04-05,215501.79,0.55,0.35,0.1,0.558,0.342,0.1,0.8,69.7,-0.0055,-0.0018,5.8
PS0108,C0006,2026-05-05,225047.27,0.55,0.35,0.1,0.578,0.322,0.1,2.8,69.5,-0.0356,0.0101,5.8
PS0109,C0007,2024-12-11,152836.64,0.3,0.5,0.2,0.395,0.405,0.2,9.5,51.2,0.1136,-0.0247,4.3
PS0110,C0007,2025-01-10,158720.95,0.3,0.5,0.2,0.252,0.548,0.2,4.8,51.4,-0.0343,0.0561,4.3
PS0111,C0007,2025-02-09,159845.09,0.3,0.5,0.2,0.232,0.568,0.2,6.8,48.9,0.0076,0.0305,4.3
PS0112,C0007,2025-03-11,158778.09,0.3,0.5,0.2,0.311,0.489,0.2,1.1,59.3,0.0721,-0.0435,4.3
PS0113,C0007,2025-04-10,160940.97,0.3,0.5,0.2,0.345,0.455,0.2,4.5,58.4,0.0566,0.0318,4.3
PS0114,C0007,2025-05-10,161966.2,0.3,0.5,0.2,0.359,0.441,0.2,5.9,54.2,-0.0423,0.0439,4.3
PS0115,C0007,2025-06-09,165088.32,0.3,0.5,0.2,0.213,0.587,0.2,8.7,62.5,0.0567,0.0054,4.3
PS0116,C0007,2025-07-09,171584.74,0.3,0.5,0.2,0.273,0.527,0.2,2.7,62.1,-0.0308,0.0078,4.3
PS0117,C0007,2025-08-08,181660.77,0.3,0.5,0.2,0.201,0.599,0.2,9.9,50.7,-0.0171,0.0211,4.3
PS0118,C0007,2025-09-07,180992.63,0.3,0.5,0.2,0.296,0.504,0.2,0.4,58.2,0.0252,0.0068,4.3
PS0119,C0007,2025-10-07,180116.32,0.3,0.5,0.2,0.343,0.457,0.2,4.3,65.0,0.1148,-0.0098,4.3
PS0120,C0007,2025-11-06,184476.32,0.3,0.5,0.2,0.395,0.405,0.2,9.5,60.0,0.0571,-0.0126,4.3
PS0121,C0007,2025-12-06,187873.77,0.3,0.5,0.2,0.219,0.581,0.2,8.1,68.3,0.1313,0.0019,4.3
PS0122,C0007,2026-01-05,175418.16,0.3,0.5,0.2,0.242,0.558,0.2,5.8,73.2,0.096,0.0363,4.3
PS0123,C0007,2026-02-04,170039.25,0.3,0.5,0.2,0.324,0.476,0.2,2.4,68.5,0.21,0.021,4.3
PS0124,C0007,2026-03-06,173572.38,0.3,0.5,0.2,0.275,0.525,0.2,2.5,67.1,-0.0137,0.0112,4.3
PS0125,C0007,2026-04-05,174039.61,0.3,0.5,0.2,0.26,0.54,0.2,4.0,74.8,0.0378,0.0092,4.3
PS0126,C0007,2026-05-05,160067.78,0.3,0.5,0.2,0.134,0.666,0.2,16.6,79.0,-0.0513,-0.0022,4.3
PS0127,C0008,2024-12-11,2841284.7,0.55,0.35,0.1,0.47,0.43,0.1,8.0,39.2,-0.0327,0.0076,2.3
PS0128,C0008,2025-01-10,2955821.98,0.55,0.35,0.1,0.553,0.347,0.1,0.3,50.3,0.0639,-0.0138,2.3
PS0129,C0008,2025-02-09,2934791.49,0.55,0.35,0.1,0.516,0.384,0.1,3.4,43.6,0.015,-0.0445,2.3
PS0130,C0008,2025-03-11,2839768.78,0.55,0.35,0.1,0.451,0.449,0.1,9.9,53.5,0.1013,-0.0313,2.3
PS0131,C0008,2025-04-10,2650684.75,0.55,0.35,0.1,0.548,0.352,0.1,0.2,53.1,0.0094,0.0113,2.3
PS0132,C0008,2025-05-10,2769127.42,0.55,0.35,0.1,0.558,0.342,0.1,0.8,54.6,0.1308,-0.0127,2.3
PS0133,C0008,2025-06-09,2814294.61,0.55,0.35,0.1,0.486,0.414,0.1,6.4,61.4,-0.059,-0.0454,2.3
PS0134,C0008,2025-07-09,2933314.32,0.55,0.35,0.1,0.5,0.4,0.1,5.0,57.9,0.0895,0.0283,2.3
PS0135,C0008,2025-08-08,2936912.33,0.55,0.35,0.1,0.571,0.329,0.1,2.1,61.1,0.2128,-0.0246,2.3
PS0136,C0008,2025-09-07,3003014.21,0.55,0.35,0.1,0.565,0.335,0.1,1.5,58.2,0.1285,-0.0039,2.3
PS0137,C0008,2025-10-07,3079855.56,0.55,0.35,0.1,0.636,0.264,0.1,8.6,62.4,0.0404,0.0111,2.3
PS0138,C0008,2025-11-06,2893602.02,0.55,0.35,0.1,0.515,0.385,0.1,3.5,71.5,0.0958,-0.0029,2.3
PS0139,C0008,2025-12-06,2776975.29,0.55,0.35,0.1,0.592,0.308,0.1,4.2,64.4,-0.0024,-0.0084,2.3
PS0140,C0008,2026-01-05,2731969.84,0.55,0.35,0.1,0.539,0.361,0.1,1.1,65.0,0.0922,-0.0065,2.3
PS0141,C0008,2026-02-04,2740553.45,0.55,0.35,0.1,0.529,0.371,0.1,2.1,73.4,0.2221,0.0139,2.3
PS0142,C0008,2026-03-06,2869745.69,0.55,0.35,0.1,0.509,0.391,0.1,4.1,76.2,0.2021,0.0113,2.3
PS0143,C0008,2026-04-05,2758265.99,0.55,0.35,0.1,0.517,0.383,0.1,3.3,73.7,0.1808,0.0164,2.3
PS0144,C0008,2026-05-05,2711989.89,0.55,0.35,0.1,0.548,0.352,0.1,0.2,76.0,0.1395,0.0111,2.3
PS0145,C0009,2024-12-11,431288.34,0.75,0.2,0.05,0.768,0.182,0.05,1.8,55.0,0.0814,0.012,7.0
PS0146,C0009,2025-01-10,433037.3,0.75,0.2,0.05,0.76,0.19,0.05,1.0,44.7,-0.0291,-0.0104,7.0
PS0147,C0009,2025-02-09,448658.88,0.75,0.2,0.05,0.667,0.283,0.05,8.3,53.0,-0.0133,-0.0113,7.0
PS0148,C0009,2025-03-11,454427.1,0.75,0.2,0.05,0.729,0.221,0.05,2.1,70.6,-0.0619,-0.0138,7.0
PS0149,C0009,2025-04-10,475949.69,0.75,0.2,0.05,0.847,0.103,0.05,9.7,58.1,-0.0547,-0.0264,7.0
PS0150,C0009,2025-05-10,464276.25,0.75,0.2,0.05,0.727,0.223,0.05,2.3,52.8,0.1417,0.0036,7.0
PS0151,C0009,2025-06-09,485059.67,0.75,0.2,0.05,0.724,0.226,0.05,2.6,63.0,-0.0517,0.0659,7.0
PS0152,C0009,2025-07-09,471612.55,0.75,0.2,0.05,0.754,0.196,0.05,0.4,67.9,0.1843,-0.0206,7.0
PS0153,C0009,2025-08-08,454802.34,0.75,0.2,0.05,0.895,0.055,0.05,14.5,57.2,0.1552,0.0299,7.0
PS0154,C0009,2025-09-07,463264.13,0.75,0.2,0.05,0.727,0.223,0.05,2.3,58.3,0.0824,0.0288,7.0
PS0155,C0009,2025-10-07,466906.31,0.75,0.2,0.05,0.722,0.228,0.05,2.8,72.0,0.001,0.0021,7.0
PS0156,C0009,2025-11-06,511629.7,0.75,0.2,0.05,0.782,0.168,0.05,3.2,70.6,0.0939,0.0087,7.0
PS0157,C0009,2025-12-06,529583.55,0.75,0.2,0.05,0.714,0.236,0.05,3.6,71.2,-0.0184,0.0309,7.0
PS0158,C0009,2026-01-05,558436.07,0.75,0.2,0.05,0.779,0.171,0.05,2.9,69.5,0.132,-0.0172,7.0
PS0159,C0009,2026-02-04,553750.97,0.75,0.2,0.05,0.838,0.112,0.05,8.8,67.8,0.0757,0.0083,7.0
PS0160,C0009,2026-03-06,556375.23,0.75,0.2,0.05,0.821,0.129,0.05,7.1,66.5,0.1436,0.0049,7.0
PS0161,C0009,2026-04-05,535578.63,0.75,0.2,0.05,0.785,0.165,0.05,3.5,72.7,0.0042,-0.006,7.0
PS0162,C0009,2026-05-05,536239.32,0.75,0.2,0.05,0.699,0.251,0.05,5.1,72.7,0.1604,0.0426,7.0
PS0163,C0010,2024-12-11,443988.53,0.3,0.5,0.2,0.353,0.447,0.2,5.3,49.7,-0.014,0.0289,2.8
PS0164,C0010,2025-01-10,441898.8,0.3,0.5,0.2,0.343,0.457,0.2,4.3,51.1,0.0263,0.0245,2.8
PS0165,C0010,2025-02-09,416219.05,0.3,0.5,0.2,0.36,0.44,0.2,6.0,52.1,0.0779,-0.0043,2.8
PS0166,C0010,2025-03-11,444578.33,0.3,0.5,0.2,0.372,0.428,0.2,7.2,54.1,0.0196,-0.0193,2.8
PS0167,C0010,2025-04-10,470965.43,0.3,0.5,0.2,0.312,0.488,0.2,1.2,52.2,0.1839,-0.0168,2.8
PS0168,C0010,2025-05-10,493380.33,0.3,0.5,0.2,0.352,0.448,0.2,5.2,67.6,0.0492,0.0438,2.8
PS0169,C0010,2025-06-09,509761.44,0.3,0.5,0.2,0.349,0.451,0.2,4.9,60.9,0.0202,0.0061,2.8
PS0170,C0010,2025-07-09,506846.42,0.3,0.5,0.2,0.275,0.525,0.2,2.5,55.6,-0.1398,0.0311,2.8
PS0171,C0010,2025-08-08,509515.23,0.3,0.5,0.2,0.305,0.495,0.2,0.5,61.7,0.005,0.0419,2.8
PS0172,C0010,2025-09-07,552238.33,0.3,0.5,0.2,0.21,0.59,0.2,9.0,70.0,0.0652,0.0225,2.8
PS0173,C0010,2025-10-07,580719.21,0.3,0.5,0.2,0.165,0.635,0.2,13.5,69.8,0.0086,-0.0071,2.8
PS0174,C0010,2025-11-06,567477.79,0.3,0.5,0.2,0.334,0.466,0.2,3.4,64.1,0.1392,-0.0029,2.8
PS0175,C0010,2025-12-06,576348.09,0.3,0.5,0.2,0.261,0.539,0.2,3.9,73.3,-0.0502,0.0323,2.8
PS0176,C0010,2026-01-05,566315.15,0.3,0.5,0.2,0.284,0.516,0.2,1.6,73.8,0.0809,0.014,2.8
PS0177,C0010,2026-02-04,585362.31,0.3,0.5,0.2,0.256,0.544,0.2,4.4,63.8,-0.1403,0.0694,2.8
PS0178,C0010,2026-03-06,591661.14,0.3,0.5,0.2,0.38,0.42,0.2,8.0,82.6,-0.0361,-0.0067,2.8
PS0179,C0010,2026-04-05,607751.57,0.3,0.5,0.2,0.33,0.47,0.2,3.0,76.3,0.0922,0.0349,2.8
PS0180,C0010,2026-05-05,599099.9,0.3,0.5,0.2,0.218,0.582,0.2,8.2,64.3,-0.0487,-0.0432,2.8
PS0181,C0011,2024-12-11,455060.05,0.55,0.35,0.1,0.605,0.295,0.1,5.5,52.6,0.0122,-0.0011,6.7
PS0182,C0011,2025-01-10,459578.97,0.55,0.35,0.1,0.518,0.382,0.1,3.2,47.9,0.0866,0.0091,6.7
PS0183,C0011,2025-02-09,474643.96,0.55,0.35,0.1,0.41,0.49,0.1,14.0,51.4,-0.0165,0.0161,6.7
PS0184,C0011,2025-03-11,469195.84,0.55,0.35,0.1,0.517,0.383,0.1,3.3,51.9,0.0854,0.0515,6.7
PS0185,C0011,2025-04-10,485827.8,0.55,0.35,0.1,0.454,0.446,0.1,9.6,56.4,-0.0056,0.0258,6.7
PS0186,C0011,2025-05-10,473343.88,0.55,0.35,0.1,0.528,0.372,0.1,2.2,57.7,0.0132,0.0118,6.7
PS0187,C0011,2025-06-09,480441.62,0.55,0.35,0.1,0.595,0.305,0.1,4.5,53.0,0.1283,0.0176,6.7
PS0188,C0011,2025-07-09,487759.62,0.55,0.35,0.1,0.509,0.391,0.1,4.1,49.9,0.0566,0.0507,6.7
PS0189,C0011,2025-08-08,508501.07,0.55,0.35,0.1,0.485,0.415,0.1,6.5,69.1,-0.024,0.0414,6.7
PS0190,C0011,2025-09-07,518059.43,0.55,0.35,0.1,0.7,0.2,0.1,15.0,72.0,0.0398,0.043,6.7
PS0191,C0011,2025-10-07,535461.85,0.55,0.35,0.1,0.633,0.267,0.1,8.3,60.4,-0.0107,0.0511,6.7
PS0192,C0011,2025-11-06,548373.69,0.55,0.35,0.1,0.424,0.476,0.1,12.6,58.7,0.0582,0.0477,6.7
PS0193,C0011,2025-12-06,574777.13,0.55,0.35,0.1,0.574,0.326,0.1,2.4,71.9,-0.1029,-0.0238,6.7
PS0194,C0011,2026-01-05,575989.19,0.55,0.35,0.1,0.591,0.309,0.1,4.1,67.8,0.0398,0.0044,6.7
PS0195,C0011,2026-02-04,543072.85,0.55,0.35,0.1,0.56,0.34,0.1,1.0,67.5,0.1573,0.0123,6.7
PS0196,C0011,2026-03-06,545956.46,0.55,0.35,0.1,0.558,0.342,0.1,0.8,21.5,0.0649,0.0171,6.7
PS0197,C0011,2026-04-05,534488.91,0.55,0.35,0.1,0.662,0.238,0.1,11.2,31.0,0.0868,0.0228,6.7
PS0198,C0011,2026-05-05,527107.89,0.55,0.35,0.1,0.456,0.444,0.1,9.4,37.0,0.0399,-0.0413,6.7
PS0199,C0012,2024-12-11,836789.27,0.9,0.08,0.02,0.998,0,0.002,9.8,53.7,-0.0802,-0.0428,10
PS0200,C0012,2025-01-10,862182.68,0.9,0.08,0.02,1,0,0,23.6,47.1,0.099,0.0033,10
PS0201,C0012,2025-02-09,873370.71,0.9,0.08,0.02,0.956,0.024,0.02,5.6,58.4,0.1955,-0.0219,10
PS0202,C0012,2025-03-11,943673.7,0.9,0.08,0.02,0.814,0.166,0.02,8.6,54.9,0.0109,0.0344,10
PS0203,C0012,2025-04-10,983435.73,0.9,0.08,0.02,0.909,0.071,0.02,0.9,51.4,0.0176,0.0139,10
PS0204,C0012,2025-05-10,928999.37,0.9,0.08,0.02,0.871,0.109,0.02,2.9,50.9,-0.0072,0.0007,10
PS0205,C0012,2025-06-09,946143.05,0.9,0.08,0.02,0.903,0.077,0.02,0.3,59.4,0.112,0.0051,10
PS0206,C0012,2025-07-09,947642.12,0.9,0.08,0.02,0.854,0.126,0.02,4.6,51.5,0.2089,-0.0191,10
PS0207,C0012,2025-08-08,995089.38,0.9,0.08,0.02,0.83,0.15,0.02,7.0,55.9,-0.0402,0.0436,10
PS0208,C0012,2025-09-07,1044051.03,0.9,0.08,0.02,0.941,0.039,0.02,4.1,77.3,0.0868,-0.0297,10
PS0209,C0012,2025-10-07,1000477.52,0.9,0.08,0.02,0.855,0.125,0.02,4.5,75.8,0.0457,0.0161,10
PS0210,C0012,2025-11-06,1005193.47,0.9,0.08,0.02,0.883,0.097,0.02,1.7,71.5,0.156,0.0516,10
PS0211,C0012,2025-12-06,981379.0,0.9,0.08,0.02,0.946,0.034,0.02,4.6,77.7,0.0649,0.0006,10
PS0212,C0012,2026-01-05,1095783.21,0.9,0.08,0.02,0.895,0.085,0.02,0.5,67.8,0.0784,0.0094,10
PS0213,C0012,2026-02-04,1118465.81,0.9,0.08,0.02,0.876,0.104,0.02,2.4,80.8,0.1285,-0.0483,10
PS0214,C0012,2026-03-06,1105757.78,0.9,0.08,0.02,0.865,0.115,0.02,3.5,78.6,0.1448,-0.0137,10
PS0215,C0012,2026-04-05,1042034.95,0.9,0.08,0.02,0.914,0.066,0.02,1.4,77.6,-0.0213,0.0023,10
PS0216,C0012,2026-05-05,992729.29,0.9,0.08,0.02,1,0,0,10.2,72.9,-0.0259,-0.0267,10
PS0217,C0013,2024-12-11,4830558.4,0.55,0.35,0.1,0.578,0.322,0.1,2.8,48.9,0.1646,0.0083,5.6
PS0218,C0013,2025-01-10,4696959.98,0.55,0.35,0.1,0.609,0.291,0.1,5.9,43.9,0.1843,-0.0069,5.6
PS0219,C0013,2025-02-09,4771573.34,0.55,0.35,0.1,0.639,0.261,0.1,8.9,55.0,0.0613,0.036,5.6
PS0220,C0013,2025-03-11,4889773.6,0.55,0.35,0.1,0.532,0.368,0.1,1.8,55.0,0.1158,-0.0287,5.6
PS0221,C0013,2025-04-10,4871400.77,0.55,0.35,0.1,0.472,0.428,0.1,7.8,50.8,0.1659,-0.0027,5.6
PS0222,C0013,2025-05-10,4685642.2,0.55,0.35,0.1,0.564,0.336,0.1,1.4,64.3,0.2284,0.0489,5.6
PS0223,C0013,2025-06-09,4574636.43,0.55,0.35,0.1,0.598,0.302,0.1,4.8,63.5,0.1152,-0.0175,5.6
PS0224,C0013,2025-07-09,4585778.8,0.55,0.35,0.1,0.563,0.337,0.1,1.3,56.1,0.0253,0.0165,5.6
PS0225,C0013,2025-08-08,4569168.45,0.55,0.35,0.1,0.473,0.427,0.1,7.7,67.5,0.0488,0.0227,5.6
PS0226,C0013,2025-09-07,4523406.95,0.55,0.35,0.1,0.581,0.319,0.1,3.1,73.0,0.0492,0.0013,5.6
PS0227,C0013,2025-10-07,4667337.43,0.55,0.35,0.1,0.639,0.261,0.1,8.9,68.7,0.1791,-0.0077,5.6
PS0228,C0013,2025-11-06,4838158.94,0.55,0.35,0.1,0.498,0.402,0.1,5.2,76.1,0.0219,-0.0291,5.6
PS0229,C0013,2025-12-06,4598020.7,0.55,0.35,0.1,0.489,0.411,0.1,6.1,70.7,-0.0583,0.0116,5.6
PS0230,C0013,2026-01-05,4660115.63,0.55,0.35,0.1,0.565,0.335,0.1,1.5,78.4,0.1327,-0.0039,5.6
PS0231,C0013,2026-02-04,4886271.09,0.55,0.35,0.1,0.505,0.395,0.1,4.5,70.8,0.0831,-0.0077,5.6
PS0232,C0013,2026-03-06,4987191.29,0.55,0.35,0.1,0.547,0.353,0.1,0.3,66.9,0.0727,-0.0117,5.6
PS0233,C0013,2026-04-05,4906396.92,0.55,0.35,0.1,0.529,0.371,0.1,2.1,83.9,0.0993,0.0223,5.6
PS0234,C0013,2026-05-05,4592736.75,0.55,0.35,0.1,0.628,0.272,0.1,7.8,77.2,0.0862,0.0269,5.6
PS0235,C0014,2024-12-11,2528897.62,0.55,0.35,0.1,0.514,0.386,0.1,3.6,51.0,0.0538,0.0322,6.0
PS0236,C0014,2025-01-10,2515863.67,0.55,0.35,0.1,0.581,0.319,0.1,3.1,48.2,-0.0264,0.0165,6.0
PS0237,C0014,2025-02-09,2491502.84,0.55,0.35,0.1,0.439,0.461,0.1,11.1,59.7,0.0356,0.0078,6.0
PS0238,C0014,2025-03-11,2492725.61,0.55,0.35,0.1,0.588,0.312,0.1,3.8,50.1,0.0152,0.0079,6.0
PS0239,C0014,2025-04-10,2407058.11,0.55,0.35,0.1,0.61,0.29,0.1,6.0,47.2,0.0604,0.0009,6.0
PS0240,C0014,2025-05-10,2419992.24,0.55,0.35,0.1,0.461,0.439,0.1,8.9,53.8,0.1616,-0.0069,6.0
PS0241,C0014,2025-06-09,2329159.92,0.55,0.35,0.1,0.497,0.403,0.1,5.3,57.2,-0.0308,0.0143,6.0
PS0242,C0014,2025-07-09,2421217.07,0.55,0.35,0.1,0.604,0.296,0.1,5.4,59.2,0.0094,-0.0021,6.0
PS0243,C0014,2025-08-08,2473579.93,0.55,0.35,0.1,0.528,0.372,0.1,2.2,59.8,0.0428,0.0146,6.0
PS0244,C0014,2025-09-07,2376316.31,0.55,0.35,0.1,0.507,0.393,0.1,4.3,60.0,0.0188,0.0043,6.0
PS0245,C0014,2025-10-07,2300332.31,0.55,0.35,0.1,0.635,0.265,0.1,8.5,67.2,-0.0794,-0.0003,6.0
PS0246,C0014,2025-11-06,2228642.98,0.55,0.35,0.1,0.543,0.357,0.1,0.7,66.5,0.0227,0.0101,6.0
PS0247,C0014,2025-12-06,2342670.18,0.55,0.35,0.1,0.513,0.387,0.1,3.7,65.2,0.1602,0.0005,6.0
PS0248,C0014,2026-01-05,2348230.04,0.55,0.35,0.1,0.529,0.371,0.1,2.1,69.5,0.0057,0.0265,6.0
PS0249,C0014,2026-02-04,2340760.23,0.55,0.35,0.1,0.532,0.368,0.1,1.8,69.4,-0.0356,0.0121,6.0
PS0250,C0014,2026-03-06,2314576.6,0.55,0.35,0.1,0.564,0.336,0.1,1.4,63.8,0.0505,-0.0292,6.0
PS0251,C0014,2026-04-05,2433616.39,0.55,0.35,0.1,0.51,0.39,0.1,4.0,86.2,0.0101,-0.0243,6.0
PS0252,C0014,2026-05-05,2419986.29,0.55,0.35,0.1,0.624,0.276,0.1,7.4,78.8,-0.0773,0.0363,6.0
PS0253,C0015,2024-12-11,482549.58,0.75,0.2,0.05,0.758,0.192,0.05,0.8,49.1,0.1053,0.016,7.5
PS0254,C0015,2025-01-10,468163.77,0.75,0.2,0.05,0.748,0.202,0.05,0.2,47.4,0.0094,-0.0043,7.5
PS0255,C0015,2025-02-09,484049.03,0.75,0.2,0.05,0.726,0.224,0.05,2.4,57.1,0.1466,-0.0267,7.5
PS0256,C0015,2025-03-11,488484.08,0.75,0.2,0.05,0.673,0.277,0.05,7.7,47.8,0.0931,0.0215,7.5
PS0257,C0015,2025-04-10,440231.82,0.75,0.2,0.05,0.822,0.128,0.05,7.2,56.5,0.0291,-0.0294,7.5
PS0258,C0015,2025-05-10,428559.44,0.75,0.2,0.05,0.824,0.126,0.05,7.4,56.4,0.1711,-0.0322,7.5
PS0259,C0015,2025-06-09,433414.97,0.75,0.2,0.05,0.672,0.278,0.05,7.8,51.1,-0.0557,0.023,7.5
PS0260,C0015,2025-07-09,444827.18,0.75,0.2,0.05,0.786,0.164,0.05,3.6,67.9,-0.1008,-0.0106,7.5
PS0261,C0015,2025-08-08,461698.63,0.75,0.2,0.05,0.72,0.23,0.05,3.0,60.5,0.1621,0.0192,7.5
PS0262,C0015,2025-09-07,472666.71,0.75,0.2,0.05,0.785,0.165,0.05,3.5,57.9,0.225,-0.0315,7.5
PS0263,C0015,2025-10-07,481176.23,0.75,0.2,0.05,0.78,0.17,0.05,3.0,59.7,0.0544,0.045,7.5
PS0264,C0015,2025-11-06,491243.27,0.75,0.2,0.05,0.696,0.254,0.05,5.4,60.9,0.0367,0.0403,7.5
PS0265,C0015,2025-12-06,501763.74,0.75,0.2,0.05,0.656,0.294,0.05,9.4,68.4,0.005,-0.0062,7.5
PS0266,C0015,2026-01-05,485114.77,0.75,0.2,0.05,0.763,0.187,0.05,1.3,70.3,0.0404,0.0075,7.5
PS0267,C0015,2026-02-04,481062.56,0.75,0.2,0.05,0.792,0.158,0.05,4.2,65.5,-0.0072,0.0073,7.5
PS0268,C0015,2026-03-06,456236.36,0.75,0.2,0.05,0.673,0.277,0.05,7.7,67.8,-0.0022,-0.0089,7.5
PS0269,C0015,2026-04-05,443181.37,0.75,0.2,0.05,0.785,0.165,0.05,3.5,63.7,-0.074,0.0155,7.5
PS0270,C0015,2026-05-05,458574.4,0.75,0.2,0.05,0.66,0.29,0.05,9.0,71.0,0.1151,0.021,7.5
PS0271,C0016,2024-12-11,209750.84,0.75,0.2,0.05,0.746,0.204,0.05,0.4,46.5,0.0586,-0.0197,3.8
PS0272,C0016,2025-01-10,227354.94,0.75,0.2,0.05,0.741,0.209,0.05,0.9,49.2,-0.1069,-0.0075,3.8
PS0273,C0016,2025-02-09,236395.82,0.75,0.2,0.05,0.755,0.195,0.05,0.5,48.1,0.05,0.0083,3.8
PS0274,C0016,2025-03-11,251523.37,0.75,0.2,0.05,0.769,0.181,0.05,1.9,52.9,0.0128,-0.0087,3.8
PS0275,C0016,2025-04-10,241175.12,0.75,0.2,0.05,0.73,0.22,0.05,2.0,61.3,0.0404,0.045,3.8
PS0276,C0016,2025-05-10,242507.35,0.75,0.2,0.05,0.905,0.045,0.05,15.5,59.5,0.1263,0.0025,3.8
PS0277,C0016,2025-06-09,257063.39,0.75,0.2,0.05,0.74,0.21,0.05,1.0,55.7,0.0267,-0.0111,3.8
PS0278,C0016,2025-07-09,259788.58,0.75,0.2,0.05,0.69,0.26,0.05,6.0,56.6,0.1621,0.0038,3.8
PS0279,C0016,2025-08-08,273317.99,0.75,0.2,0.05,0.756,0.194,0.05,0.6,55.4,-0.0496,-0.0296,3.8
PS0280,C0016,2025-09-07,251632.63,0.75,0.2,0.05,0.866,0.084,0.05,11.6,65.3,0.0548,-0.0145,3.8
PS0281,C0016,2025-10-07,258559.3,0.75,0.2,0.05,0.757,0.193,0.05,0.7,62.6,0.0348,0.0128,3.8
PS0282,C0016,2025-11-06,259556.78,0.75,0.2,0.05,0.685,0.265,0.05,6.5,75.4,-0.0959,0.0228,3.8
PS0283,C0016,2025-12-06,244743.95,0.75,0.2,0.05,0.798,0.152,0.05,4.8,69.4,0.1658,0.0271,3.8
PS0284,C0016,2026-01-05,234991.16,0.75,0.2,0.05,0.84,0.11,0.05,9.0,74.8,-0.0321,-0.03,3.8
PS0285,C0016,2026-02-04,238117.39,0.75,0.2,0.05,0.728,0.222,0.05,2.2,67.7,0.0238,0.0161,3.8
PS0286,C0016,2026-03-06,254891.66,0.75,0.2,0.05,0.691,0.259,0.05,5.9,67.0,0.0063,-0.0212,3.8
PS0287,C0016,2026-04-05,260076.02,0.75,0.2,0.05,0.803,0.147,0.05,5.3,75.8,-0.1751,0.0168,3.8
PS0288,C0016,2026-05-05,254513.78,0.75,0.2,0.05,0.624,0.326,0.05,12.6,70.2,-0.0136,0.0221,3.8
PS0289,C0017,2024-12-11,895735.9,0.3,0.5,0.2,0.146,0.654,0.2,15.4,45.9,0.1718,0.0072,1.0
PS0290,C0017,2025-01-10,881507.81,0.3,0.5,0.2,0.319,0.481,0.2,1.9,52.1,0.0958,-0.0114,1.0
PS0291,C0017,2025-02-09,885608.11,0.3,0.5,0.2,0.325,0.475,0.2,2.5,48.2,0.1335,0.0155,1.0
PS0292,C0017,2025-03-11,854049.58,0.3,0.5,0.2,0.321,0.479,0.2,2.1,50.9,0.1258,-0.0094,1.0
PS0293,C0017,2025-04-10,813081.11,0.3,0.5,0.2,0.373,0.427,0.2,7.3,55.6,0.0196,-0.0293,1.0
PS0294,C0017,2025-05-10,853032.05,0.3,0.5,0.2,0.269,0.531,0.2,3.1,57.6,-0.0355,-0.0223,1.0
PS0295,C0017,2025-06-09,801819.31,0.3,0.5,0.2,0.342,0.458,0.2,4.2,64.8,0.0693,0.0286,1.0
PS0296,C0017,2025-07-09,838507.63,0.3,0.5,0.2,0.238,0.562,0.2,6.2,53.5,0.0138,0.0415,1.0
PS0297,C0017,2025-08-08,797701.38,0.3,0.5,0.2,0.336,0.464,0.2,3.6,70.2,0.0662,-0.0263,1.0
PS0298,C0017,2025-09-07,814411.06,0.3,0.5,0.2,0.327,0.473,0.2,2.7,64.9,-0.0169,0.0354,1.0
PS0299,C0017,2025-10-07,863192.89,0.3,0.5,0.2,0.231,0.569,0.2,6.9,64.0,0.0472,-0.0112,1.0
PS0300,C0017,2025-11-06,881675.11,0.3,0.5,0.2,0.223,0.577,0.2,7.7,62.8,0.2371,-0.0262,1.0
PS0301,C0017,2025-12-06,911261.75,0.3,0.5,0.2,0.258,0.542,0.2,4.2,63.3,0.0422,0.0283,1.0
PS0302,C0017,2026-01-05,964081.21,0.3,0.5,0.2,0.319,0.481,0.2,1.9,70.1,0.0618,0.094,1.0
PS0303,C0017,2026-02-04,942942.64,0.3,0.5,0.2,0.392,0.408,0.2,9.2,68.5,0.03,0.0037,1.0
PS0304,C0017,2026-03-06,920728.26,0.3,0.5,0.2,0.287,0.513,0.2,1.3,77.5,-0.1183,0.005,1.0
PS0305,C0017,2026-04-05,872811.69,0.3,0.5,0.2,0.315,0.485,0.2,1.5,76.1,0.05,0.0083,1.0
PS0306,C0017,2026-05-05,944250.66,0.3,0.5,0.2,0.299,0.501,0.2,0.1,69.7,0.0629,0.0237,1.0
PS0307,C0018,2024-12-11,245087.45,0.3,0.5,0.2,0.227,0.573,0.2,7.3,52.6,-0.0799,-0.0034,3.2
PS0308,C0018,2025-01-10,237917.85,0.3,0.5,0.2,0.319,0.481,0.2,1.9,55.7,-0.068,-0.007,3.2
PS0309,C0018,2025-02-09,252893.42,0.3,0.5,0.2,0.298,0.502,0.2,0.2,56.5,0.0905,-0.0197,3.2
PS0310,C0018,2025-03-11,254054.89,0.3,0.5,0.2,0.361,0.439,0.2,6.1,56.3,0.1417,0.0161,3.2
PS0311,C0018,2025-04-10,252475.0,0.3,0.5,0.2,0.263,0.537,0.2,3.7,44.9,0.0978,-0.0024,3.2
PS0312,C0018,2025-05-10,269118.09,0.3,0.5,0.2,0.21,0.59,0.2,9.0,61.0,0.0552,-0.0029,3.2
PS0313,C0018,2025-06-09,282249.54,0.3,0.5,0.2,0.271,0.529,0.2,2.9,56.1,0.2508,0.025,3.2
PS0314,C0018,2025-07-09,290062.99,0.3,0.5,0.2,0.267,0.533,0.2,3.3,60.9,0.0511,-0.0361,3.2
PS0315,C0018,2025-08-08,294638.82,0.3,0.5,0.2,0.233,0.567,0.2,6.7,62.9,0.0714,0.0135,3.2
PS0316,C0018,2025-09-07,287967.89,0.3,0.5,0.2,0.237,0.563,0.2,6.3,64.6,0.2663,-0.0184,3.2
PS0317,C0018,2025-10-07,298826.42,0.3,0.5,0.2,0.301,0.499,0.2,0.1,53.3,0.0273,-0.0019,3.2
PS0318,C0018,2025-11-06,300723.49,0.3,0.5,0.2,0.369,0.431,0.2,6.9,62.9,0.104,-0.0222,3.2
PS0319,C0018,2025-12-06,292574.7,0.3,0.5,0.2,0.228,0.572,0.2,7.2,67.0,-0.0526,0.0037,3.2
PS0320,C0018,2026-01-05,284905.04,0.3,0.5,0.2,0.183,0.617,0.2,11.7,65.9,0.0726,0.0156,3.2
PS0321,C0018,2026-02-04,273557.65,0.3,0.5,0.2,0.299,0.501,0.2,0.1,74.9,0.1336,0.0155,3.2
PS0322,C0018,2026-03-06,279894.04,0.3,0.5,0.2,0.256,0.544,0.2,4.4,66.9,0.0671,-0.0133,3.2
PS0323,C0018,2026-04-05,282324.81,0.3,0.5,0.2,0.316,0.484,0.2,1.6,72.4,-0.0412,0.0036,3.2
PS0324,C0018,2026-05-05,274887.57,0.3,0.5,0.2,0.32,0.48,0.2,2.0,78.0,-0.1193,0.0325,3.2
PS0325,C0019,2024-12-11,888867.71,0.55,0.35,0.1,0.483,0.417,0.1,6.7,47.7,-0.02,0.0289,3.9
PS0326,C0019,2025-01-10,864697.72,0.55,0.35,0.1,0.652,0.248,0.1,10.2,53.8,0.0919,-0.0246,3.9
PS0327,C0019,2025-02-09,845673.2,0.55,0.35,0.1,0.571,0.329,0.1,2.1,53.3,0.0235,0.026,3.9
PS0328,C0019,2025-03-11,866953.43,0.55,0.35,0.1,0.522,0.378,0.1,2.8,50.6,0.0346,-0.0092,3.9
PS0329,C0019,2025-04-10,907422.61,0.55,0.35,0.1,0.594,0.306,0.1,4.4,54.2,0.0446,0.0175,3.9
PS0330,C0019,2025-05-10,877732.53,0.55,0.35,0.1,0.651,0.249,0.1,10.1,60.7,0.0487,0.0108,3.9
PS0331,C0019,2025-06-09,955037.69,0.55,0.35,0.1,0.462,0.438,0.1,8.8,54.4,0.0273,0.0194,3.9
PS0332,C0019,2025-07-09,976546.12,0.55,0.35,0.1,0.522,0.378,0.1,2.8,56.2,-0.0038,0.0473,3.9
PS0333,C0019,2025-08-08,956382.35,0.55,0.35,0.1,0.544,0.356,0.1,0.6,61.1,0.1017,0.0048,3.9
PS0334,C0019,2025-09-07,982589.32,0.55,0.35,0.1,0.464,0.436,0.1,8.6,68.8,0.0059,-0.0345,3.9
PS0335,C0019,2025-10-07,966925.88,0.55,0.35,0.1,0.581,0.319,0.1,3.1,70.0,0.0798,-0.0383,3.9
PS0336,C0019,2025-11-06,1010397.47,0.55,0.35,0.1,0.543,0.357,0.1,0.7,66.6,0.1615,-0.0123,3.9
PS0337,C0019,2025-12-06,1021299.58,0.55,0.35,0.1,0.596,0.304,0.1,4.6,63.3,0.1592,-0.0307,3.9
PS0338,C0019,2026-01-05,987962.04,0.55,0.35,0.1,0.509,0.391,0.1,4.1,65.1,0.0536,0.0031,3.9
PS0339,C0019,2026-02-04,998344.29,0.55,0.35,0.1,0.535,0.365,0.1,1.5,69.8,0.0419,0.0284,3.9
PS0340,C0019,2026-03-06,1056578.17,0.55,0.35,0.1,0.523,0.377,0.1,2.7,76.3,0.1466,0.0795,3.9
PS0341,C0019,2026-04-05,1044064.74,0.55,0.35,0.1,0.552,0.348,0.1,0.2,72.8,0.1408,0.0079,3.9
PS0342,C0019,2026-05-05,1053040.83,0.55,0.35,0.1,0.588,0.312,0.1,3.8,73.2,0.0805,-0.0179,3.9
PS0343,C0020,2024-12-11,798073.64,0.75,0.2,0.05,0.742,0.208,0.05,0.8,50.6,-0.0076,-0.0309,5.8
PS0344,C0020,2025-01-10,790203.87,0.75,0.2,0.05,0.736,0.214,0.05,1.4,48.3,0.0742,-0.0357,5.8
PS0345,C0020,2025-02-09,779953.91,0.75,0.2,0.05,0.766,0.184,0.05,1.6,44.3,0.0351,0.0401,5.8
PS0346,C0020,2025-03-11,743715.59,0.75,0.2,0.05,0.719,0.231,0.05,3.1,47.7,-0.1444,-0.0051,5.8
PS0347,C0020,2025-04-10,728668.35,0.75,0.2,0.05,0.845,0.105,0.05,9.5,56.3,0.0022,-0.0372,5.8
PS0348,C0020,2025-05-10,705377.61,0.75,0.2,0.05,0.676,0.274,0.05,7.4,53.3,-0.0068,-0.0111,5.8
PS0349,C0020,2025-06-09,716229.08,0.75,0.2,0.05,0.708,0.242,0.05,4.2,55.7,0.0425,-0.0623,5.8
PS0350,C0020,2025-07-09,694375.16,0.75,0.2,0.05,0.837,0.113,0.05,8.7,56.1,0.1,0.0231,5.8
PS0351,C0020,2025-08-08,736965.64,0.75,0.2,0.05,0.801,0.149,0.05,5.1,61.1,-0.0769,-0.0092,5.8
PS0352,C0020,2025-09-07,749105.42,0.75,0.2,0.05,0.716,0.234,0.05,3.4,64.5,0.1575,0.0219,5.8
PS0353,C0020,2025-10-07,712204.0,0.75,0.2,0.05,0.877,0.073,0.05,12.7,73.9,0.034,0.0215,5.8
PS0354,C0020,2025-11-06,731227.71,0.75,0.2,0.05,0.723,0.227,0.05,2.7,64.1,-0.0408,0.0196,5.8
PS0355,C0020,2025-12-06,707981.21,0.75,0.2,0.05,0.735,0.215,0.05,1.5,67.8,0.0167,-0.022,5.8
PS0356,C0020,2026-01-05,738046.15,0.75,0.2,0.05,0.759,0.191,0.05,0.9,66.9,0.077,-0.0207,5.8
PS0357,C0020,2026-02-04,736419.23,0.75,0.2,0.05,0.741,0.209,0.05,0.9,69.7,-0.0211,0.0088,5.8
PS0358,C0020,2026-03-06,771241.45,0.75,0.2,0.05,0.719,0.231,0.05,3.1,74.3,-0.0723,0.0055,5.8
PS0359,C0020,2026-04-05,751844.94,0.75,0.2,0.05,0.746,0.204,0.05,0.4,74.2,-0.0615,0.0093,5.8
PS0360,C0020,2026-05-05,753880.89,0.75,0.2,0.05,0.757,0.193,0.05,0.7,78.8,0.1652,0.0151,5.8
PS0361,C0021,2024-12-11,168905.9,0.9,0.08,0.02,0.953,0.027,0.02,5.3,46.1,0.1535,0.01,8.5
PS0362,C0021,2025-01-10,167681.58,0.9,0.08,0.02,0.852,0.128,0.02,4.8,54.2,0.1146,-0.037,8.5
PS0363,C0021,2025-02-09,168449.17,0.9,0.08,0.02,0.918,0.062,0.02,1.8,46.1,0.0095,0.0026,8.5
PS0364,C0021,2025-03-11,170460.19,0.9,0.08,0.02,0.896,0.084,0.02,0.4,56.0,0.0693,-0.0549,8.5
PS0365,C0021,2025-04-10,174496.7,0.9,0.08,0.02,0.906,0.074,0.02,0.6,49.4,0.0439,0.0073,8.5
PS0366,C0021,2025-05-10,172472.93,0.9,0.08,0.02,0.956,0.024,0.02,5.6,63.6,0.1134,-0.0402,8.5
PS0367,C0021,2025-06-09,161919.29,0.9,0.08,0.02,0.973,0.007,0.02,7.3,62.8,0.0308,-0.0209,8.5
PS0368,C0021,2025-07-09,161918.42,0.9,0.08,0.02,0.915,0.065,0.02,1.5,63.5,0.0051,-0.0012,8.5
PS0369,C0021,2025-08-08,162412.16,0.9,0.08,0.02,0.951,0.029,0.02,5.1,56.9,0.0429,0.0011,8.5
PS0370,C0021,2025-09-07,168585.37,0.9,0.08,0.02,0.955,0.025,0.02,5.5,67.9,0.02,-0.0118,8.5
PS0371,C0021,2025-10-07,166445.56,0.9,0.08,0.02,0.897,0.083,0.02,0.3,70.4,0.0443,-0.0438,8.5
PS0372,C0021,2025-11-06,163357.98,0.9,0.08,0.02,0.958,0.022,0.02,5.8,69.6,0.0276,-0.0046,8.5
PS0373,C0021,2025-12-06,161075.29,0.9,0.08,0.02,0.91,0.07,0.02,1.0,72.1,0.1019,-0.0105,8.5
PS0374,C0021,2026-01-05,158976.88,0.9,0.08,0.02,0.964,0.016,0.02,6.4,63.4,0.0645,0.0092,8.5
PS0375,C0021,2026-02-04,165004.82,0.9,0.08,0.02,0.921,0.059,0.02,2.1,62.6,0.0473,0.041,8.5
PS0376,C0021,2026-03-06,171510.39,0.9,0.08,0.02,0.84,0.14,0.02,6.0,69.4,0.0901,-0.0285,8.5
PS0377,C0021,2026-04-05,166102.33,0.9,0.08,0.02,0.906,0.074,0.02,0.6,70.2,-0.1082,-0.0281,8.5
PS0378,C0021,2026-05-05,162670.73,0.9,0.08,0.02,0.886,0.094,0.02,1.4,72.5,0.0563,-0.0036,8.5
PS0379,C0022,2024-12-11,707692.87,0.75,0.2,0.05,0.728,0.222,0.05,2.2,45.5,0.155,0.0154,4.8
PS0380,C0022,2025-01-10,727981.1,0.75,0.2,0.05,0.736,0.214,0.05,1.4,57.1,-0.1211,-0.0074,4.8
PS0381,C0022,2025-02-09,732262.83,0.75,0.2,0.05,0.799,0.151,0.05,4.9,56.1,0.0576,0.0097,4.8
PS0382,C0022,2025-03-11,756850.43,0.75,0.2,0.05,0.691,0.259,0.05,5.9,48.5,-0.0176,-0.0177,4.8
PS0383,C0022,2025-04-10,753665.54,0.75,0.2,0.05,0.713,0.237,0.05,3.7,58.3,0.1258,-0.0058,4.8
PS0384,C0022,2025-05-10,774359.74,0.75,0.2,0.05,0.803,0.147,0.05,5.3,60.1,0.1163,-0.0065,4.8
PS0385,C0022,2025-06-09,785684.56,0.75,0.2,0.05,0.692,0.258,0.05,5.8,62.4,0.1304,0.0493,4.8
PS0386,C0022,2025-07-09,805465.98,0.75,0.2,0.05,0.61,0.34,0.05,14.0,68.5,-0.007,-0.0333,4.8
PS0387,C0022,2025-08-08,758795.78,0.75,0.2,0.05,0.807,0.143,0.05,5.7,62.3,-0.0236,-0.0215,4.8
PS0388,C0022,2025-09-07,741751.09,0.75,0.2,0.05,0.706,0.244,0.05,4.4,69.5,-0.0111,0.0242,4.8
PS0389,C0022,2025-10-07,758753.89,0.75,0.2,0.05,0.889,0.061,0.05,13.9,65.3,0.0937,-0.0045,4.8
PS0390,C0022,2025-11-06,809302.41,0.75,0.2,0.05,0.707,0.243,0.05,4.3,70.8,-0.0634,-0.0454,4.8
PS0391,C0022,2025-12-06,833599.89,0.75,0.2,0.05,0.692,0.258,0.05,5.8,76.4,0.0627,-0.0189,4.8
PS0392,C0022,2026-01-05,817016.9,0.75,0.2,0.05,0.729,0.221,0.05,2.1,67.1,-0.0308,-0.0177,4.8
PS0393,C0022,2026-02-04,793242.38,0.75,0.2,0.05,0.725,0.225,0.05,2.5,63.1,0.0446,-0.0188,4.8
PS0394,C0022,2026-03-06,833565.5,0.75,0.2,0.05,0.796,0.154,0.05,4.6,78.4,-0.1045,0.0182,4.8
PS0395,C0022,2026-04-05,804631.93,0.75,0.2,0.05,0.748,0.202,0.05,0.2,79.9,0.1269,0.0305,4.8
PS0396,C0022,2026-05-05,828467.91,0.75,0.2,0.05,0.649,0.301,0.05,10.1,75.6,0.1348,-0.0018,4.8
PS0397,C0023,2024-12-11,80951.19,0.55,0.35,0.1,0.461,0.439,0.1,8.9,44.5,0.1989,0.0057,6.1
PS0398,C0023,2025-01-10,80605.4,0.55,0.35,0.1,0.462,0.438,0.1,8.8,42.6,0.1149,0.0066,6.1
PS0399,C0023,2025-02-09,80944.61,0.55,0.35,0.1,0.594,0.306,0.1,4.4,59.7,0.0159,0.0213,6.1
PS0400,C0023,2025-03-11,80246.64,0.55,0.35,0.1,0.599,0.301,0.1,4.9,51.9,0.0394,0.0425,6.1
PS0401,C0023,2025-04-10,79201.28,0.55,0.35,0.1,0.53,0.37,0.1,2.0,53.0,0.2029,-0.0137,6.1
PS0402,C0023,2025-05-10,78991.02,0.55,0.35,0.1,0.568,0.332,0.1,1.8,53.4,0.0209,0.0507,6.1
PS0403,C0023,2025-06-09,77075.35,0.55,0.35,0.1,0.479,0.421,0.1,7.1,52.8,0.0142,0.0253,6.1
PS0404,C0023,2025-07-09,80150.21,0.55,0.35,0.1,0.591,0.309,0.1,4.1,56.5,0.0508,0.0454,6.1
PS0405,C0023,2025-08-08,76194.55,0.55,0.35,0.1,0.529,0.371,0.1,2.1,56.9,0.1267,0.0159,6.1
PS0406,C0023,2025-09-07,76841.17,0.55,0.35,0.1,0.565,0.335,0.1,1.5,61.6,0.009,-0.0066,6.1
PS0407,C0023,2025-10-07,77068.39,0.55,0.35,0.1,0.543,0.357,0.1,0.7,62.2,0.0878,0.0208,6.1
PS0408,C0023,2025-11-06,79091.88,0.55,0.35,0.1,0.499,0.401,0.1,5.1,58.9,0.0967,-0.0198,6.1
PS0409,C0023,2025-12-06,80672.21,0.55,0.35,0.1,0.649,0.251,0.1,9.9,60.7,-0.08,-0.0184,6.1
PS0410,C0023,2026-01-05,81427.29,0.55,0.35,0.1,0.476,0.424,0.1,7.4,66.0,-0.0133,-0.0054,6.1
PS0411,C0023,2026-02-04,86087.31,0.55,0.35,0.1,0.599,0.301,0.1,4.9,70.4,0.0675,-0.0113,6.1
PS0412,C0023,2026-03-06,82323.45,0.55,0.35,0.1,0.544,0.356,0.1,0.6,78.0,0.1889,-0.0023,6.1
PS0413,C0023,2026-04-05,76889.78,0.55,0.35,0.1,0.589,0.311,0.1,3.9,76.1,0.1154,-0.007,6.1
PS0414,C0023,2026-05-05,75024.62,0.55,0.35,0.1,0.514,0.386,0.1,3.6,73.4,0.0114,0.0113,6.1
PS0415,C0024,2024-12-11,2050988.0,0.55,0.35,0.1,0.653,0.247,0.1,10.3,56.5,0.1198,-0.0154,5.5
PS0416,C0024,2025-01-10,2009455.78,0.55,0.35,0.1,0.519,0.381,0.1,3.1,54.8,0.069,-0.0025,5.5
PS0417,C0024,2025-02-09,1976388.81,0.55,0.35,0.1,0.577,0.323,0.1,2.7,59.9,0.0174,0.0041,5.5
PS0418,C0024,2025-03-11,1917565.87,0.55,0.35,0.1,0.593,0.307,0.1,4.3,57.4,0.1252,-0.044,5.5
PS0419,C0024,2025-04-10,1897295.95,0.55,0.35,0.1,0.521,0.379,0.1,2.9,53.4,0.0847,0.0023,5.5
PS0420,C0024,2025-05-10,1839185.49,0.55,0.35,0.1,0.632,0.268,0.1,8.2,51.7,0.0161,0.0289,5.5
PS0421,C0024,2025-06-09,1891594.08,0.55,0.35,0.1,0.548,0.352,0.1,0.2,61.1,0.0255,-0.0,5.5
PS0422,C0024,2025-07-09,1850238.0,0.55,0.35,0.1,0.642,0.258,0.1,9.2,50.8,0.0549,0.0072,5.5
PS0423,C0024,2025-08-08,1924409.26,0.55,0.35,0.1,0.606,0.294,0.1,5.6,63.8,-0.1479,0.045,5.5
PS0424,C0024,2025-09-07,1953064.98,0.55,0.35,0.1,0.52,0.38,0.1,3.0,57.0,0.0199,0.0399,5.5
PS0425,C0024,2025-10-07,2087056.26,0.55,0.35,0.1,0.594,0.306,0.1,4.4,71.1,0.1701,-0.0339,5.5
PS0426,C0024,2025-11-06,2132021.95,0.55,0.35,0.1,0.557,0.343,0.1,0.7,60.0,0.2253,0.0112,5.5
PS0427,C0024,2025-12-06,2163474.42,0.55,0.35,0.1,0.544,0.356,0.1,0.6,69.9,0.1489,-0.0386,5.5
PS0428,C0024,2026-01-05,2066520.59,0.55,0.35,0.1,0.548,0.352,0.1,0.2,74.0,0.1384,-0.0018,5.5
PS0429,C0024,2026-02-04,2075996.69,0.55,0.35,0.1,0.482,0.418,0.1,6.8,71.0,0.1356,0.0622,5.5
PS0430,C0024,2026-03-06,2014232.74,0.55,0.35,0.1,0.538,0.362,0.1,1.2,78.4,0.0853,-0.0046,5.5
PS0431,C0024,2026-04-05,2041533.75,0.55,0.35,0.1,0.657,0.243,0.1,10.7,81.3,0.0727,0.0098,5.5
PS0432,C0024,2026-05-05,2131053.24,0.55,0.35,0.1,0.569,0.331,0.1,1.9,82.7,0.0955,-0.0493,5.5
PS0433,C0025,2024-12-11,108036.37,0.55,0.35,0.1,0.552,0.348,0.1,0.2,43.4,-0.0247,-0.0181,4.1
PS0434,C0025,2025-01-10,109519.3,0.55,0.35,0.1,0.554,0.346,0.1,0.4,46.7,0.1738,-0.0029,4.1
PS0435,C0025,2025-02-09,108116.78,0.55,0.35,0.1,0.57,0.33,0.1,2.0,47.5,0.2416,-0.0005,4.1
PS0436,C0025,2025-03-11,104226.99,0.55,0.35,0.1,0.547,0.353,0.1,0.3,58.8,0.0005,-0.0256,4.1
PS0437,C0025,2025-04-10,104190.69,0.55,0.35,0.1,0.586,0.314,0.1,3.6,55.4,0.0833,0.0207,4.1
PS0438,C0025,2025-05-10,107234.58,0.55,0.35,0.1,0.586,0.314,0.1,3.6,62.5,0.1698,0.0086,4.1
PS0439,C0025,2025-06-09,109828.16,0.55,0.35,0.1,0.463,0.437,0.1,8.7,61.2,0.0535,0.0172,4.1
PS0440,C0025,2025-07-09,104194.33,0.55,0.35,0.1,0.615,0.285,0.1,6.5,48.8,-0.0064,0.0277,4.1
PS0441,C0025,2025-08-08,102184.83,0.55,0.35,0.1,0.587,0.313,0.1,3.7,59.2,-0.026,0.0041,4.1
PS0442,C0025,2025-09-07,100978.94,0.55,0.35,0.1,0.475,0.425,0.1,7.5,61.9,0.0471,0.0235,4.1
PS0443,C0025,2025-10-07,95450.27,0.55,0.35,0.1,0.462,0.438,0.1,8.8,61.3,0.0562,-0.0125,4.1
PS0444,C0025,2025-11-06,92195.03,0.55,0.35,0.1,0.593,0.307,0.1,4.3,61.9,0.0652,0.0409,4.1
PS0445,C0025,2025-12-06,92106.34,0.55,0.35,0.1,0.521,0.379,0.1,2.9,64.7,-0.0408,-0.0035,4.1
PS0446,C0025,2026-01-05,92316.54,0.55,0.35,0.1,0.542,0.358,0.1,0.8,69.3,-0.1561,-0.0012,4.1
PS0447,C0025,2026-02-04,92146.55,0.55,0.35,0.1,0.575,0.325,0.1,2.5,76.0,0.1909,0.0339,4.1
PS0448,C0025,2026-03-06,94186.24,0.55,0.35,0.1,0.648,0.252,0.1,9.8,71.8,0.1087,0.0374,4.1
PS0449,C0025,2026-04-05,98287.51,0.55,0.35,0.1,0.513,0.387,0.1,3.7,68.2,0.0801,0.0059,4.1
PS0450,C0025,2026-05-05,98547.48,0.55,0.35,0.1,0.564,0.336,0.1,1.4,86.7,0.0426,0.0036,4.1
PS0451,C0026,2024-12-11,408932.22,0.75,0.2,0.05,0.783,0.167,0.05,3.3,48.8,0.0837,-0.0179,7.7
PS0452,C0026,2025-01-10,407602.48,0.75,0.2,0.05,0.712,0.238,0.05,3.8,51.4,0.0127,-0.031,7.7
PS0453,C0026,2025-02-09,427873.64,0.75,0.2,0.05,0.754,0.196,0.05,0.4,55.5,0.0089,0.0572,7.7
PS0454,C0026,2025-03-11,439757.89,0.75,0.2,0.05,0.761,0.189,0.05,1.1,56.4,0.0682,-0.0272,7.7
PS0455,C0026,2025-04-10,448993.19,0.75,0.2,0.05,0.704,0.246,0.05,4.6,53.8,0.185,0.0171,7.7
PS0456,C0026,2025-05-10,433904.33,0.75,0.2,0.05,0.698,0.252,0.05,5.2,59.4,0.0606,0.008,7.7
PS0457,C0026,2025-06-09,435096.37,0.75,0.2,0.05,0.695,0.255,0.05,5.5,51.9,-0.0187,0.019,7.7
PS0458,C0026,2025-07-09,445516.63,0.75,0.2,0.05,0.83,0.12,0.05,8.0,66.2,-0.2092,-0.0108,7.7
PS0459,C0026,2025-08-08,459428.02,0.75,0.2,0.05,0.687,0.263,0.05,6.3,62.9,0.0709,0.016,7.7
PS0460,C0026,2025-09-07,459969.1,0.75,0.2,0.05,0.762,0.188,0.05,1.2,68.1,-0.1463,0.0101,7.7
PS0461,C0026,2025-10-07,447426.81,0.75,0.2,0.05,0.73,0.22,0.05,2.0,64.9,0.0162,0.0283,7.7
PS0462,C0026,2025-11-06,460230.48,0.75,0.2,0.05,0.819,0.131,0.05,6.9,62.9,0.1197,-0.0047,7.7
PS0463,C0026,2025-12-06,465283.94,0.75,0.2,0.05,0.744,0.206,0.05,0.6,69.4,0.1173,0.0166,7.7
PS0464,C0026,2026-01-05,483055.36,0.75,0.2,0.05,0.673,0.277,0.05,7.7,66.9,-0.058,-0.0094,7.7
PS0465,C0026,2026-02-04,499769.84,0.75,0.2,0.05,0.803,0.147,0.05,5.3,75.2,-0.05,0.0285,7.7
PS0466,C0026,2026-03-06,507921.41,0.75,0.2,0.05,0.771,0.179,0.05,2.1,67.4,0.2381,0.0211,7.7
PS0467,C0026,2026-04-05,518590.31,0.75,0.2,0.05,0.745,0.205,0.05,0.5,71.6,0.0268,-0.0231,7.7
PS0468,C0026,2026-05-05,559565.23,0.75,0.2,0.05,0.745,0.205,0.05,0.5,73.7,0.0667,-0.0029,7.7
PS0469,C0027,2024-12-11,13203175.95,0.55,0.35,0.1,0.462,0.438,0.1,8.8,53.7,0.1959,0.0339,4.3
PS0470,C0027,2025-01-10,13756999.69,0.55,0.35,0.1,0.55,0.35,0.1,0.0,47.1,0.2334,-0.0126,4.3
PS0471,C0027,2025-02-09,13342079.76,0.55,0.35,0.1,0.659,0.241,0.1,10.9,54.4,0.0506,0.0578,4.3
PS0472,C0027,2025-03-11,12931451.21,0.55,0.35,0.1,0.464,0.436,0.1,8.6,45.6,0.1544,-0.019,4.3
PS0473,C0027,2025-04-10,13116278.07,0.55,0.35,0.1,0.583,0.317,0.1,3.3,65.8,0.088,0.0128,4.3
PS0474,C0027,2025-05-10,13269418.96,0.55,0.35,0.1,0.591,0.309,0.1,4.1,54.4,-0.0286,0.0101,4.3
PS0475,C0027,2025-06-09,13173464.29,0.55,0.35,0.1,0.476,0.424,0.1,7.4,69.0,-0.0219,0.0096,4.3
PS0476,C0027,2025-07-09,13716046.83,0.55,0.35,0.1,0.568,0.332,0.1,1.8,66.9,0.0749,-0.0197,4.3
PS0477,C0027,2025-08-08,12988390.43,0.55,0.35,0.1,0.431,0.469,0.1,11.9,57.3,0.141,-0.0293,4.3
PS0478,C0027,2025-09-07,12944730.68,0.55,0.35,0.1,0.457,0.443,0.1,9.3,51.5,-0.0111,0.0109,4.3
PS0479,C0027,2025-10-07,12878742.69,0.55,0.35,0.1,0.507,0.393,0.1,4.3,66.9,0.0588,-0.0103,4.3
PS0480,C0027,2025-11-06,13640892.95,0.55,0.35,0.1,0.573,0.327,0.1,2.3,68.5,0.0026,0.0268,4.3
PS0481,C0027,2025-12-06,13718980.98,0.55,0.35,0.1,0.534,0.366,0.1,1.6,72.8,0.1629,0.0482,4.3
PS0482,C0027,2026-01-05,13555020.67,0.55,0.35,0.1,0.556,0.344,0.1,0.6,63.0,-0.0786,0.0146,4.3
PS0483,C0027,2026-02-04,13470211.88,0.55,0.35,0.1,0.528,0.372,0.1,2.2,71.9,0.0088,0.0154,4.3
PS0484,C0027,2026-03-06,13942677.51,0.55,0.35,0.1,0.755,0.145,0.1,20.5,61.3,0.0046,-0.0113,4.3
PS0485,C0027,2026-04-05,14260763.14,0.55,0.35,0.1,0.355,0.545,0.1,19.5,77.3,0.0428,0.0133,4.3
PS0486,C0027,2026-05-05,14355515.94,0.55,0.35,0.1,0.711,0.189,0.1,16.1,71.4,0.0591,-0.0132,4.3
PS0487,C0028,2024-12-11,2448162.35,0.75,0.2,0.05,0.717,0.233,0.05,3.3,46.2,0.0213,-0.0343,8.5
PS0488,C0028,2025-01-10,2526130.53,0.75,0.2,0.05,0.78,0.17,0.05,3.0,48.2,0.0349,-0.0111,8.5
PS0489,C0028,2025-02-09,2742808.8,0.75,0.2,0.05,0.767,0.183,0.05,1.7,59.5,0.0071,-0.0016,8.5
PS0490,C0028,2025-03-11,2857035.35,0.75,0.2,0.05,0.783,0.167,0.05,3.3,52.0,0.0555,0.0011,8.5
PS0491,C0028,2025-04-10,2739099.35,0.75,0.2,0.05,0.752,0.198,0.05,0.2,52.0,-0.0209,-0.0287,8.5
PS0492,C0028,2025-05-10,2688121.15,0.75,0.2,0.05,0.793,0.157,0.05,4.3,65.0,0.1649,0.0339,8.5
PS0493,C0028,2025-06-09,2437681.12,0.75,0.2,0.05,0.721,0.229,0.05,2.9,64.9,0.1293,-0.0385,8.5
PS0494,C0028,2025-07-09,2286140.88,0.75,0.2,0.05,0.705,0.245,0.05,4.5,56.1,0.0588,0.0247,8.5
PS0495,C0028,2025-08-08,2339390.94,0.75,0.2,0.05,0.578,0.372,0.05,17.2,62.1,0.19,-0.006,8.5
PS0496,C0028,2025-09-07,2358475.81,0.75,0.2,0.05,0.842,0.108,0.05,9.2,67.3,0.0941,-0.0153,8.5
PS0497,C0028,2025-10-07,2379211.91,0.75,0.2,0.05,0.661,0.289,0.05,8.9,66.3,-0.0122,0.0049,8.5
PS0498,C0028,2025-11-06,2401030.32,0.75,0.2,0.05,0.813,0.137,0.05,6.3,64.3,0.0887,-0.0015,8.5
PS0499,C0028,2025-12-06,2375843.19,0.75,0.2,0.05,0.697,0.253,0.05,5.3,67.9,0.0701,-0.0061,8.5
PS0500,C0028,2026-01-05,2355408.81,0.75,0.2,0.05,0.655,0.295,0.05,9.5,70.6,0.1277,0.0097,8.5
PS0501,C0028,2026-02-04,2411439.78,0.75,0.2,0.05,0.766,0.184,0.05,1.6,65.7,0.0383,0.0194,8.5
PS0502,C0028,2026-03-06,2495752.28,0.75,0.2,0.05,0.888,0.062,0.05,13.8,76.2,0.0351,0.0306,8.5
PS0503,C0028,2026-04-05,2485662.53,0.75,0.2,0.05,0.73,0.22,0.05,2.0,74.9,0.0386,-0.0098,8.5
PS0504,C0028,2026-05-05,2370843.09,0.75,0.2,0.05,0.659,0.291,0.05,9.1,69.9,0.0957,0.031,8.5
PS0505,C0029,2024-12-11,167230.63,0.3,0.5,0.2,0.401,0.399,0.2,10.1,43.8,0.0485,0.0017,4.2
PS0506,C0029,2025-01-10,159716.22,0.3,0.5,0.2,0.384,0.416,0.2,8.4,57.0,0.0585,-0.0092,4.2
PS0507,C0029,2025-02-09,159291.85,0.3,0.5,0.2,0.274,0.526,0.2,2.6,44.8,-0.0437,0.0328,4.2
PS0508,C0029,2025-03-11,168625.36,0.3,0.5,0.2,0.324,0.476,0.2,2.4,57.6,0.0864,0.0278,4.2
PS0509,C0029,2025-04-10,164196.26,0.3,0.5,0.2,0.301,0.499,0.2,0.1,51.4,0.0462,0.0061,4.2
PS0510,C0029,2025-05-10,159103.65,0.3,0.5,0.2,0.382,0.418,0.2,8.2,61.0,0.1151,-0.0001,4.2
PS0511,C0029,2025-06-09,163716.31,0.3,0.5,0.2,0.201,0.599,0.2,9.9,55.6,-0.0215,0.0185,4.2
PS0512,C0029,2025-07-09,168621.44,0.3,0.5,0.2,0.207,0.593,0.2,9.3,60.9,0.1147,0.0446,4.2
PS0513,C0029,2025-08-08,167362.34,0.3,0.5,0.2,0.346,0.454,0.2,4.6,65.8,0.0595,0.0378,4.2
PS0514,C0029,2025-09-07,170066.89,0.3,0.5,0.2,0.263,0.537,0.2,3.7,61.1,0.0029,-0.0172,4.2
PS0515,C0029,2025-10-07,164996.42,0.3,0.5,0.2,0.356,0.444,0.2,5.6,57.4,0.2393,-0.0388,4.2
PS0516,C0029,2025-11-06,149477.99,0.3,0.5,0.2,0.2,0.6,0.2,10.0,76.0,0.079,0.0549,4.2
PS0517,C0029,2025-12-06,143162.0,0.3,0.5,0.2,0.199,0.601,0.2,10.1,61.9,0.1754,-0.0067,4.2
PS0518,C0029,2026-01-05,138687.8,0.3,0.5,0.2,0.423,0.377,0.2,12.3,61.3,-0.0395,0.0278,4.2
PS0519,C0029,2026-02-04,140901.59,0.3,0.5,0.2,0.262,0.538,0.2,3.8,67.6,0.0712,0.003,4.2
PS0520,C0029,2026-03-06,139524.35,0.3,0.5,0.2,0.402,0.398,0.2,10.2,70.4,0.0865,0.0152,4.2
PS0521,C0029,2026-04-05,140514.22,0.3,0.5,0.2,0.328,0.472,0.2,2.8,74.2,0.1094,0.0272,4.2
PS0522,C0029,2026-05-05,144833.88,0.3,0.5,0.2,0.355,0.445,0.2,5.5,86.7,0.0821,0.0225,4.2
PS0523,C0030,2024-12-11,102359.85,0.75,0.2,0.05,0.742,0.208,0.05,0.8,47.5,-0.104,0.0116,8.3
PS0524,C0030,2025-01-10,104697.65,0.75,0.2,0.05,0.755,0.195,0.05,0.5,48.4,0.14,-0.0127,8.3
PS0525,C0030,2025-02-09,106309.1,0.75,0.2,0.05,0.679,0.271,0.05,7.1,60.5,-0.0488,-0.0537,8.3
PS0526,C0030,2025-03-11,108359.14,0.75,0.2,0.05,0.746,0.204,0.05,0.4,46.5,0.0951,0.0504,8.3
PS0527,C0030,2025-04-10,112439.47,0.75,0.2,0.05,0.708,0.242,0.05,4.2,51.0,0.0224,-0.0234,8.3
PS0528,C0030,2025-05-10,112573.28,0.75,0.2,0.05,0.771,0.179,0.05,2.1,60.6,-0.117,0.0327,8.3
PS0529,C0030,2025-06-09,111203.24,0.75,0.2,0.05,0.761,0.189,0.05,1.1,52.1,0.044,0.0113,8.3
PS0530,C0030,2025-07-09,109389.67,0.75,0.2,0.05,0.776,0.174,0.05,2.6,61.5,0.133,0.0173,8.3
PS0531,C0030,2025-08-08,107121.32,0.75,0.2,0.05,0.763,0.187,0.05,1.3,58.8,0.0417,-0.0418,8.3
PS0532,C0030,2025-09-07,99507.17,0.75,0.2,0.05,0.841,0.109,0.05,9.1,66.6,0.0205,0.002,8.3
PS0533,C0030,2025-10-07,101112.86,0.75,0.2,0.05,0.687,0.263,0.05,6.3,60.5,0.0186,-0.0033,8.3
PS0534,C0030,2025-11-06,104891.0,0.75,0.2,0.05,0.727,0.223,0.05,2.3,71.5,0.0654,0.002,8.3
PS0535,C0030,2025-12-06,104369.58,0.75,0.2,0.05,0.711,0.239,0.05,3.9,62.8,0.2274,-0.0437,8.3
PS0536,C0030,2026-01-05,104151.9,0.75,0.2,0.05,0.816,0.134,0.05,6.6,66.4,-0.0142,-0.0327,8.3
PS0537,C0030,2026-02-04,109349.46,0.75,0.2,0.05,0.763,0.187,0.05,1.3,63.4,0.0027,-0.0169,8.3
PS0538,C0030,2026-03-06,109635.84,0.75,0.2,0.05,0.739,0.211,0.05,1.1,70.0,-0.0519,0.0066,8.3
PS0539,C0030,2026-04-05,108110.41,0.75,0.2,0.05,0.738,0.212,0.05,1.2,65.9,0.0423,0.0068,8.3
PS0540,C0030,2026-05-05,110175.27,0.75,0.2,0.05,0.821,0.129,0.05,7.1,81.7,-0.0123,0.0489,8.3
PS0541,C0031,2024-12-11,897382.66,0.75,0.2,0.05,0.764,0.186,0.05,1.4,49.1,0.0598,-0.027,9.3
PS0542,C0031,2025-01-10,927965.98,0.75,0.2,0.05,0.664,0.286,0.05,8.6,51.8,0.0949,0.0578,9.3
PS0543,C0031,2025-02-09,969225.2,0.75,0.2,0.05,0.792,0.158,0.05,4.2,51.5,-0.0662,0.0802,9.3
PS0544,C0031,2025-03-11,974334.68,0.75,0.2,0.05,0.796,0.154,0.05,4.6,52.1,0.1142,0.008,9.3
PS0545,C0031,2025-04-10,984806.76,0.75,0.2,0.05,0.778,0.172,0.05,2.8,55.9,0.0824,-0.0298,9.3
PS0546,C0031,2025-05-10,994441.75,0.75,0.2,0.05,0.758,0.192,0.05,0.8,57.4,-0.0575,0.0082,9.3
PS0547,C0031,2025-06-09,1009094.93,0.75,0.2,0.05,0.81,0.14,0.05,6.0,66.7,-0.0622,-0.0079,9.3
PS0548,C0031,2025-07-09,1092329.58,0.75,0.2,0.05,0.768,0.182,0.05,1.8,60.3,0.0827,-0.0184,9.3
PS0549,C0031,2025-08-08,1118553.43,0.75,0.2,0.05,0.692,0.258,0.05,5.8,65.7,0.1159,0.0014,9.3
PS0550,C0031,2025-09-07,1169564.2,0.75,0.2,0.05,0.676,0.274,0.05,7.4,71.7,0.1331,0.0148,9.3
PS0551,C0031,2025-10-07,1166171.33,0.75,0.2,0.05,0.778,0.172,0.05,2.8,59.6,0.1999,-0.0366,9.3
PS0552,C0031,2025-11-06,1233304.58,0.75,0.2,0.05,0.83,0.12,0.05,8.0,69.1,0.1415,0.0091,9.3
PS0553,C0031,2025-12-06,1290592.21,0.75,0.2,0.05,0.858,0.092,0.05,10.8,63.9,-0.0079,0.0304,9.3
PS0554,C0031,2026-01-05,1188037.55,0.75,0.2,0.05,0.707,0.243,0.05,4.3,70.0,0.2762,0.0099,9.3
PS0555,C0031,2026-02-04,1241251.95,0.75,0.2,0.05,0.702,0.248,0.05,4.8,62.3,0.0196,0.0229,9.3
PS0556,C0031,2026-03-06,1235040.85,0.75,0.2,0.05,0.727,0.223,0.05,2.3,76.5,0.1871,0.0047,9.3
PS0557,C0031,2026-04-05,1228024.6,0.75,0.2,0.05,0.648,0.302,0.05,10.2,72.6,0.3202,0.0262,9.3
PS0558,C0031,2026-05-05,1243224.96,0.75,0.2,0.05,0.608,0.342,0.05,14.2,79.8,0.2329,-0.0332,9.3
PS0559,C0032,2024-12-11,807915.37,0.55,0.35,0.1,0.485,0.415,0.1,6.5,42.2,0.124,-0.0012,4.4
PS0560,C0032,2025-01-10,848524.89,0.55,0.35,0.1,0.536,0.364,0.1,1.4,53.7,-0.0321,-0.0305,4.4
PS0561,C0032,2025-02-09,821445.46,0.55,0.35,0.1,0.598,0.302,0.1,4.8,66.7,0.1047,0.0518,4.4
PS0562,C0032,2025-03-11,852322.85,0.55,0.35,0.1,0.566,0.334,0.1,1.6,53.0,-0.0107,0.0336,4.4
PS0563,C0032,2025-04-10,897268.19,0.55,0.35,0.1,0.577,0.323,0.1,2.7,47.3,-0.0113,0.0092,4.4
PS0564,C0032,2025-05-10,878190.58,0.55,0.35,0.1,0.503,0.397,0.1,4.7,59.2,0.0804,0.0053,4.4
PS0565,C0032,2025-06-09,908283.43,0.55,0.35,0.1,0.563,0.337,0.1,1.3,57.6,0.1345,0.0161,4.4
PS0566,C0032,2025-07-09,894071.74,0.55,0.35,0.1,0.621,0.279,0.1,7.1,62.0,-0.0044,0.0678,4.4
PS0567,C0032,2025-08-08,910101.76,0.55,0.35,0.1,0.498,0.402,0.1,5.2,58.6,0.0912,0.0311,4.4
PS0568,C0032,2025-09-07,889850.02,0.55,0.35,0.1,0.519,0.381,0.1,3.1,66.7,0.1125,0.0253,4.4
PS0569,C0032,2025-10-07,970459.02,0.55,0.35,0.1,0.608,0.292,0.1,5.8,62.8,-0.0476,0.0042,4.4
PS0570,C0032,2025-11-06,961639.45,0.55,0.35,0.1,0.587,0.313,0.1,3.7,66.4,0.0758,-0.0187,4.4
PS0571,C0032,2025-12-06,989267.97,0.55,0.35,0.1,0.629,0.271,0.1,7.9,65.7,0.041,-0.026,4.4
PS0572,C0032,2026-01-05,976236.74,0.55,0.35,0.1,0.56,0.34,0.1,1.0,71.7,-0.0867,0.0228,4.4
PS0573,C0032,2026-02-04,1016922.26,0.55,0.35,0.1,0.466,0.434,0.1,8.4,75.8,0.0918,-0.0044,4.4
PS0574,C0032,2026-03-06,1108942.56,0.55,0.35,0.1,0.448,0.452,0.1,10.2,35.2,0.0685,0.0248,4.4
PS0575,C0032,2026-04-05,1048854.89,0.55,0.35,0.1,0.564,0.336,0.1,1.4,32.9,0.0686,0.0155,4.4
PS0576,C0032,2026-05-05,1078172.43,0.55,0.35,0.1,0.603,0.297,0.1,5.3,18.7,0.0142,-0.0035,4.4
PS0577,C0033,2024-12-11,272941.35,0.3,0.5,0.2,0.261,0.539,0.2,3.9,52.0,0.0362,0.038,2.8
PS0578,C0033,2025-01-10,271265.57,0.3,0.5,0.2,0.399,0.401,0.2,9.9,51.5,0.1237,0.0342,2.8
PS0579,C0033,2025-02-09,268626.24,0.3,0.5,0.2,0.35,0.45,0.2,5.0,62.7,0.1605,-0.0316,2.8
PS0580,C0033,2025-03-11,275495.45,0.3,0.5,0.2,0.415,0.385,0.2,11.5,53.4,0.1862,-0.013,2.8
PS0581,C0033,2025-04-10,262216.67,0.3,0.5,0.2,0.374,0.426,0.2,7.4,53.3,0.0722,-0.0221,2.8
PS0582,C0033,2025-05-10,258540.23,0.3,0.5,0.2,0.463,0.337,0.2,16.3,56.7,-0.0066,0.0387,2.8
PS0583,C0033,2025-06-09,239279.59,0.3,0.5,0.2,0.234,0.566,0.2,6.6,55.5,0.0629,0.0053,2.8
PS0584,C0033,2025-07-09,236318.36,0.3,0.5,0.2,0.25,0.55,0.2,5.0,63.4,0.0197,0.0374,2.8
PS0585,C0033,2025-08-08,235727.43,0.3,0.5,0.2,0.269,0.531,0.2,3.1,58.7,-0.0519,-0.0083,2.8
PS0586,C0033,2025-09-07,231038.87,0.3,0.5,0.2,0.293,0.507,0.2,0.7,59.7,-0.0484,-0.0396,2.8
PS0587,C0033,2025-10-07,234492.66,0.3,0.5,0.2,0.341,0.459,0.2,4.1,60.5,0.0317,0.0072,2.8
PS0588,C0033,2025-11-06,236079.31,0.3,0.5,0.2,0.182,0.618,0.2,11.8,68.3,0.0786,-0.0074,2.8
PS0589,C0033,2025-12-06,236495.74,0.3,0.5,0.2,0.248,0.552,0.2,5.2,72.4,0.0252,0.0301,2.8
PS0590,C0033,2026-01-05,229510.63,0.3,0.5,0.2,0.283,0.517,0.2,1.7,69.7,-0.0678,0.016,2.8
PS0591,C0033,2026-02-04,232884.78,0.3,0.5,0.2,0.279,0.521,0.2,2.1,75.4,0.077,-0.006,2.8
PS0592,C0033,2026-03-06,223841.4,0.3,0.5,0.2,0.34,0.46,0.2,4.0,76.5,0.1108,-0.0374,2.8
PS0593,C0033,2026-04-05,217943.11,0.3,0.5,0.2,0.258,0.542,0.2,4.2,69.0,-0.0836,0.0286,2.8
PS0594,C0033,2026-05-05,217663.41,0.3,0.5,0.2,0.273,0.527,0.2,2.7,78.5,-0.0156,0.0151,2.8
PS0595,C0034,2024-12-11,749508.99,0.55,0.35,0.1,0.541,0.359,0.1,0.9,42.8,-0.0622,0.0085,2.1
PS0596,C0034,2025-01-10,782365.45,0.55,0.35,0.1,0.467,0.433,0.1,8.3,62.4,0.0172,0.0249,2.1
PS0597,C0034,2025-02-09,786286.82,0.55,0.35,0.1,0.51,0.39,0.1,4.0,57.3,0.0804,0.0021,2.1
PS0598,C0034,2025-03-11,880800.88,0.55,0.35,0.1,0.588,0.312,0.1,3.8,53.0,-0.0165,0.0237,2.1
PS0599,C0034,2025-04-10,880581.13,0.55,0.35,0.1,0.533,0.367,0.1,1.7,63.0,-0.0133,0.0107,2.1
PS0600,C0034,2025-05-10,818957.34,0.55,0.35,0.1,0.688,0.212,0.1,13.8,45.3,0.0665,0.0006,2.1
PS0601,C0034,2025-06-09,871072.18,0.55,0.35,0.1,0.543,0.357,0.1,0.7,63.5,0.0257,-0.0303,2.1
PS0602,C0034,2025-07-09,831734.39,0.55,0.35,0.1,0.478,0.422,0.1,7.2,62.8,0.2005,-0.0196,2.1
PS0603,C0034,2025-08-08,764530.47,0.55,0.35,0.1,0.42,0.48,0.1,13.0,62.2,0.1568,0.0103,2.1
PS0604,C0034,2025-09-07,758975.61,0.55,0.35,0.1,0.585,0.315,0.1,3.5,62.3,0.0115,0.0304,2.1
PS0605,C0034,2025-10-07,750532.95,0.55,0.35,0.1,0.643,0.257,0.1,9.3,63.6,-0.0479,0.0101,2.1
PS0606,C0034,2025-11-06,729612.74,0.55,0.35,0.1,0.441,0.459,0.1,10.9,73.9,0.102,-0.0124,2.1
PS0607,C0034,2025-12-06,724053.24,0.55,0.35,0.1,0.517,0.383,0.1,3.3,66.9,0.062,0.0001,2.1
PS0608,C0034,2026-01-05,705957.04,0.55,0.35,0.1,0.584,0.316,0.1,3.4,70.3,0.0049,-0.0319,2.1
PS0609,C0034,2026-02-04,718416.91,0.55,0.35,0.1,0.524,0.376,0.1,2.6,76.9,0.0799,0.0273,2.1
PS0610,C0034,2026-03-06,749758.9,0.55,0.35,0.1,0.526,0.374,0.1,2.4,74.2,-0.0256,0.0098,2.1
PS0611,C0034,2026-04-05,784553.53,0.55,0.35,0.1,0.532,0.368,0.1,1.8,66.6,0.1145,0.0273,2.1
PS0612,C0034,2026-05-05,769425.42,0.55,0.35,0.1,0.574,0.326,0.1,2.4,71.2,0.0139,0.0299,2.1
PS0613,C0035,2024-12-11,1042105.93,0.55,0.35,0.1,0.491,0.409,0.1,5.9,58.5,0.0789,-0.0167,7.3
PS0614,C0035,2025-01-10,1052795.62,0.55,0.35,0.1,0.535,0.365,0.1,1.5,47.9,0.0091,-0.0183,7.3
PS0615,C0035,2025-02-09,1029579.98,0.55,0.35,0.1,0.621,0.279,0.1,7.1,53.7,0.1674,0.0173,7.3
PS0616,C0035,2025-03-11,1048675.86,0.55,0.35,0.1,0.553,0.347,0.1,0.3,54.7,-0.0781,0.0199,7.3
PS0617,C0035,2025-04-10,1011896.22,0.55,0.35,0.1,0.458,0.442,0.1,9.2,65.4,0.0396,0.0199,7.3
PS0618,C0035,2025-05-10,1064099.77,0.55,0.35,0.1,0.556,0.344,0.1,0.6,57.7,-0.0096,-0.0012,7.3
PS0619,C0035,2025-06-09,1116778.16,0.55,0.35,0.1,0.501,0.399,0.1,4.9,61.6,0.1472,-0.0139,7.3
PS0620,C0035,2025-07-09,1167862.86,0.55,0.35,0.1,0.488,0.412,0.1,6.2,57.1,0.0849,0.0063,7.3
PS0621,C0035,2025-08-08,1300193.32,0.55,0.35,0.1,0.623,0.277,0.1,7.3,60.3,0.0403,0.0603,7.3
PS0622,C0035,2025-09-07,1290751.06,0.55,0.35,0.1,0.564,0.336,0.1,1.4,62.8,0.0395,0.0118,7.3
PS0623,C0035,2025-10-07,1328791.47,0.55,0.35,0.1,0.589,0.311,0.1,3.9,57.3,0.1636,0.0035,7.3
PS0624,C0035,2025-11-06,1299693.33,0.55,0.35,0.1,0.508,0.392,0.1,4.2,64.2,0.0063,0.0176,7.3
PS0625,C0035,2025-12-06,1415520.36,0.55,0.35,0.1,0.56,0.34,0.1,1.0,71.1,0.0414,-0.0181,7.3
PS0626,C0035,2026-01-05,1476987.34,0.55,0.35,0.1,0.474,0.426,0.1,7.6,74.1,-0.0093,-0.0007,7.3
PS0627,C0035,2026-02-04,1522483.75,0.55,0.35,0.1,0.542,0.358,0.1,0.8,67.4,0.1114,0.0112,7.3
PS0628,C0035,2026-03-06,1566558.21,0.55,0.35,0.1,0.461,0.439,0.1,8.9,69.8,0.0618,0.0269,7.3
PS0629,C0035,2026-04-05,1402414.34,0.55,0.35,0.1,0.452,0.448,0.1,9.8,69.8,0.0685,0.0115,7.3
PS0630,C0035,2026-05-05,1435697.66,0.55,0.35,0.1,0.597,0.303,0.1,4.7,69.3,0.1056,0.0353,7.3
PS0631,C0036,2024-12-11,739667.92,0.55,0.35,0.1,0.579,0.321,0.1,2.9,46.5,0.0389,-0.008,7.0
PS0632,C0036,2025-01-10,783640.16,0.55,0.35,0.1,0.523,0.377,0.1,2.7,48.4,0.0235,-0.0319,7.0
PS0633,C0036,2025-02-09,785740.43,0.55,0.35,0.1,0.593,0.307,0.1,4.3,51.3,0.1048,-0.0416,7.0
PS0634,C0036,2025-03-11,819564.33,0.55,0.35,0.1,0.537,0.363,0.1,1.3,48.7,0.0667,-0.0495,7.0
PS0635,C0036,2025-04-10,809112.94,0.55,0.35,0.1,0.507,0.393,0.1,4.3,58.1,-0.0628,0.0398,7.0
PS0636,C0036,2025-05-10,822134.91,0.55,0.35,0.1,0.471,0.429,0.1,7.9,53.8,0.1949,-0.0032,7.0
PS0637,C0036,2025-06-09,873607.16,0.55,0.35,0.1,0.573,0.327,0.1,2.3,59.2,0.0966,0.0209,7.0
PS0638,C0036,2025-07-09,874693.33,0.55,0.35,0.1,0.643,0.257,0.1,9.3,58.2,0.0642,0.0355,7.0
PS0639,C0036,2025-08-08,897250.6,0.55,0.35,0.1,0.565,0.335,0.1,1.5,58.4,-0.1749,0.0252,7.0
PS0640,C0036,2025-09-07,915358.62,0.55,0.35,0.1,0.602,0.298,0.1,5.2,62.2,0.1326,0.0118,7.0
PS0641,C0036,2025-10-07,894220.49,0.55,0.35,0.1,0.586,0.314,0.1,3.6,66.6,0.1514,-0.0161,7.0
PS0642,C0036,2025-11-06,914691.61,0.55,0.35,0.1,0.544,0.356,0.1,0.6,61.7,0.0496,-0.0117,7.0
PS0643,C0036,2025-12-06,928207.98,0.55,0.35,0.1,0.472,0.428,0.1,7.8,61.5,0.078,0.0077,7.0
PS0644,C0036,2026-01-05,929890.14,0.55,0.35,0.1,0.529,0.371,0.1,2.1,69.0,0.1064,0.0277,7.0
PS0645,C0036,2026-02-04,915470.45,0.55,0.35,0.1,0.538,0.362,0.1,1.2,71.6,0.0644,0.005,7.0
PS0646,C0036,2026-03-06,967973.8,0.55,0.35,0.1,0.518,0.382,0.1,3.2,73.3,0.1089,0.0194,7.0
PS0647,C0036,2026-04-05,940234.07,0.55,0.35,0.1,0.562,0.338,0.1,1.2,72.9,0.19,0.0347,7.0
PS0648,C0036,2026-05-05,940921.22,0.55,0.35,0.1,0.586,0.314,0.1,3.6,83.4,0.1214,-0.0414,7.0
PS0649,C0037,2024-12-11,361190.81,0.75,0.2,0.05,0.719,0.231,0.05,3.1,48.6,0.056,0.005,3.7
PS0650,C0037,2025-01-10,376982.26,0.75,0.2,0.05,0.716,0.234,0.05,3.4,50.5,0.1769,-0.0177,3.7
PS0651,C0037,2025-02-09,385225.09,0.75,0.2,0.05,0.791,0.159,0.05,4.1,59.4,0.1179,0.002,3.7
PS0652,C0037,2025-03-11,375820.03,0.75,0.2,0.05,0.669,0.281,0.05,8.1,55.5,0.0256,0.024,3.7
PS0653,C0037,2025-04-10,359910.58,0.75,0.2,0.05,0.647,0.303,0.05,10.3,57.7,0.0373,0.0138,3.7
PS0654,C0037,2025-05-10,358297.23,0.75,0.2,0.05,0.791,0.159,0.05,4.1,55.8,-0.0456,-0.0257,3.7
PS0655,C0037,2025-06-09,389349.76,0.75,0.2,0.05,0.644,0.306,0.05,10.6,52.1,0.2478,0.028,3.7
PS0656,C0037,2025-07-09,373346.55,0.75,0.2,0.05,0.759,0.191,0.05,0.9,62.9,-0.0638,-0.0036,3.7
PS0657,C0037,2025-08-08,405138.44,0.75,0.2,0.05,0.742,0.208,0.05,0.8,45.1,-0.0796,0.0291,3.7
PS0658,C0037,2025-09-07,406867.49,0.75,0.2,0.05,0.679,0.271,0.05,7.1,60.4,0.1041,-0.023,3.7
PS0659,C0037,2025-10-07,431273.39,0.75,0.2,0.05,0.725,0.225,0.05,2.5,68.8,0.0585,-0.0197,3.7
PS0660,C0037,2025-11-06,449771.68,0.75,0.2,0.05,0.688,0.262,0.05,6.2,66.9,-0.0842,0.0064,3.7
PS0661,C0037,2025-12-06,438213.59,0.75,0.2,0.05,0.751,0.199,0.05,0.1,70.4,-0.0391,0.0053,3.7
PS0662,C0037,2026-01-05,444327.32,0.75,0.2,0.05,0.799,0.151,0.05,4.9,65.9,0.1066,-0.0519,3.7
PS0663,C0037,2026-02-04,433916.54,0.75,0.2,0.05,0.668,0.282,0.05,8.2,67.9,-0.0015,0.028,3.7
PS0664,C0037,2026-03-06,422096.84,0.75,0.2,0.05,0.729,0.221,0.05,2.1,75.1,-0.0024,0.024,3.7
PS0665,C0037,2026-04-05,428021.19,0.75,0.2,0.05,0.718,0.232,0.05,3.2,84.5,0.0526,-0.03,3.7
PS0666,C0037,2026-05-05,453284.12,0.75,0.2,0.05,0.703,0.247,0.05,4.7,68.5,0.0595,-0.0037,3.7
PS0667,C0038,2024-12-11,215790.91,0.55,0.35,0.1,0.54,0.36,0.1,1.0,51.2,0.0792,-0.0113,6.0
PS0668,C0038,2025-01-10,211700.31,0.55,0.35,0.1,0.627,0.273,0.1,7.7,48.3,0.0874,-0.0541,6.0
PS0669,C0038,2025-02-09,197040.16,0.55,0.35,0.1,0.582,0.318,0.1,3.2,53.7,-0.0323,0.0221,6.0
PS0670,C0038,2025-03-11,192461.03,0.55,0.35,0.1,0.552,0.348,0.1,0.2,49.9,0.0815,-0.0211,6.0
PS0671,C0038,2025-04-10,191859.52,0.55,0.35,0.1,0.613,0.287,0.1,6.3,56.4,0.101,-0.0052,6.0
PS0672,C0038,2025-05-10,188172.1,0.55,0.35,0.1,0.602,0.298,0.1,5.2,51.5,-0.0108,-0.0202,6.0
PS0673,C0038,2025-06-09,190674.4,0.55,0.35,0.1,0.535,0.365,0.1,1.5,60.0,0.1191,0.0242,6.0
PS0674,C0038,2025-07-09,193420.78,0.55,0.35,0.1,0.542,0.358,0.1,0.8,58.6,0.0685,0.0186,6.0
PS0675,C0038,2025-08-08,188062.98,0.55,0.35,0.1,0.551,0.349,0.1,0.1,59.6,0.1423,0.0059,6.0
PS0676,C0038,2025-09-07,184264.11,0.55,0.35,0.1,0.542,0.358,0.1,0.8,68.2,0.0426,-0.0233,6.0
PS0677,C0038,2025-10-07,188432.36,0.55,0.35,0.1,0.612,0.288,0.1,6.2,67.5,-0.0296,0.0167,6.0
PS0678,C0038,2025-11-06,186156.28,0.55,0.35,0.1,0.626,0.274,0.1,7.6,67.4,0.0074,0.0063,6.0
PS0679,C0038,2025-12-06,181787.19,0.55,0.35,0.1,0.581,0.319,0.1,3.1,65.1,0.157,-0.0052,6.0
PS0680,C0038,2026-01-05,186393.73,0.55,0.35,0.1,0.504,0.396,0.1,4.6,77.4,0.0157,-0.0173,6.0
PS0681,C0038,2026-02-04,181908.3,0.55,0.35,0.1,0.501,0.399,0.1,4.9,82.7,0.1101,-0.0057,6.0
PS0682,C0038,2026-03-06,177871.94,0.55,0.35,0.1,0.668,0.232,0.1,11.8,76.6,0.1755,-0.0137,6.0
PS0683,C0038,2026-04-05,185750.16,0.55,0.35,0.1,0.545,0.355,0.1,0.5,78.1,-0.0406,-0.026,6.0
PS0684,C0038,2026-05-05,176259.78,0.55,0.35,0.1,0.613,0.287,0.1,6.3,81.8,0.1193,0.0263,6.0
PS0685,C0039,2024-12-11,335993.9,0.55,0.35,0.1,0.556,0.344,0.1,0.6,48.3,-0.0585,0.026,7.2
PS0686,C0039,2025-01-10,347326.24,0.55,0.35,0.1,0.608,0.292,0.1,5.8,45.7,0.1712,0.0142,7.2
PS0687,C0039,2025-02-09,350518.07,0.55,0.35,0.1,0.621,0.279,0.1,7.1,57.1,0.0475,-0.0201,7.2
PS0688,C0039,2025-03-11,352870.98,0.55,0.35,0.1,0.529,0.371,0.1,2.1,60.7,0.0058,0.0312,7.2
PS0689,C0039,2025-04-10,343583.67,0.55,0.35,0.1,0.525,0.375,0.1,2.5,60.5,0.0568,-0.0217,7.2
PS0690,C0039,2025-05-10,316371.41,0.55,0.35,0.1,0.462,0.438,0.1,8.8,66.8,-0.0927,-0.0193,7.2
PS0691,C0039,2025-06-09,315387.68,0.55,0.35,0.1,0.578,0.322,0.1,2.8,56.7,0.1058,0.0225,7.2
PS0692,C0039,2025-07-09,327917.65,0.55,0.35,0.1,0.543,0.357,0.1,0.7,61.6,0.0963,0.0181,7.2
PS0693,C0039,2025-08-08,332301.22,0.55,0.35,0.1,0.572,0.328,0.1,2.2,65.6,0.142,-0.0704,7.2
PS0694,C0039,2025-09-07,344154.72,0.55,0.35,0.1,0.519,0.381,0.1,3.1,68.8,0.0649,0.0137,7.2
PS0695,C0039,2025-10-07,333463.09,0.55,0.35,0.1,0.507,0.393,0.1,4.3,77.1,0.1802,-0.0194,7.2
PS0696,C0039,2025-11-06,327861.65,0.55,0.35,0.1,0.541,0.359,0.1,0.9,73.0,-0.0292,0.0405,7.2
PS0697,C0039,2025-12-06,328003.03,0.55,0.35,0.1,0.501,0.399,0.1,4.9,69.7,-0.1934,-0.0025,7.2
PS0698,C0039,2026-01-05,338318.11,0.55,0.35,0.1,0.559,0.341,0.1,0.9,77.6,0.0172,0.0035,7.2
PS0699,C0039,2026-02-04,344524.56,0.55,0.35,0.1,0.534,0.366,0.1,1.6,66.9,0.1538,0.0053,7.2
PS0700,C0039,2026-03-06,336765.73,0.55,0.35,0.1,0.411,0.489,0.1,13.9,76.2,0.0039,-0.0396,7.2
PS0701,C0039,2026-04-05,329651.44,0.55,0.35,0.1,0.552,0.348,0.1,0.2,78.8,0.0356,0.0324,7.2
PS0702,C0039,2026-05-05,328763.64,0.55,0.35,0.1,0.538,0.362,0.1,1.2,75.4,-0.0935,0.0313,7.2
PS0703,C0040,2024-12-11,509990.69,0.3,0.5,0.2,0.361,0.439,0.2,6.1,55.2,0.1024,0.0283,3.0
PS0704,C0040,2025-01-10,512341.77,0.3,0.5,0.2,0.329,0.471,0.2,2.9,63.5,0.0603,0.0588,3.0
PS0705,C0040,2025-02-09,527364.21,0.3,0.5,0.2,0.336,0.464,0.2,3.6,42.8,0.1344,-0.0142,3.0
PS0706,C0040,2025-03-11,569629.15,0.3,0.5,0.2,0.259,0.541,0.2,4.1,53.5,0.1073,-0.0367,3.0
PS0707,C0040,2025-04-10,564043.14,0.3,0.5,0.2,0.264,0.536,0.2,3.6,55.2,0.1017,0.0073,3.0
PS0708,C0040,2025-05-10,576382.57,0.3,0.5,0.2,0.346,0.454,0.2,4.6,53.2,0.0802,0.0057,3.0
PS0709,C0040,2025-06-09,583078.25,0.3,0.5,0.2,0.247,0.553,0.2,5.3,47.0,0.1929,0.0263,3.0
PS0710,C0040,2025-07-09,594753.53,0.3,0.5,0.2,0.282,0.518,0.2,1.8,63.6,0.13,0.0275,3.0
PS0711,C0040,2025-08-08,610511.99,0.3,0.5,0.2,0.211,0.589,0.2,8.9,61.5,0.1305,0.007,3.0
PS0712,C0040,2025-09-07,625270.03,0.3,0.5,0.2,0.416,0.384,0.2,11.6,68.6,-0.0242,0.0097,3.0
PS0713,C0040,2025-10-07,631576.85,0.3,0.5,0.2,0.301,0.499,0.2,0.1,55.7,0.2012,0.052,3.0
PS0714,C0040,2025-11-06,637006.88,0.3,0.5,0.2,0.298,0.502,0.2,0.2,65.5,0.0378,-0.0057,3.0
PS0715,C0040,2025-12-06,701469.08,0.3,0.5,0.2,0.358,0.442,0.2,5.8,70.2,0.0839,0.047,3.0
PS0716,C0040,2026-01-05,668126.04,0.3,0.5,0.2,0.316,0.484,0.2,1.6,70.6,-0.0217,-0.0453,3.0
PS0717,C0040,2026-02-04,649383.82,0.3,0.5,0.2,0.296,0.504,0.2,0.4,74.6,0.0831,-0.0094,3.0
PS0718,C0040,2026-03-06,641428.75,0.3,0.5,0.2,0.286,0.514,0.2,1.4,74.0,0.1036,0.0712,3.0
PS0719,C0040,2026-04-05,663949.72,0.3,0.5,0.2,0.327,0.473,0.2,2.7,76.5,0.0129,0.0103,3.0
PS0720,C0040,2026-05-05,689511.21,0.3,0.5,0.2,0.402,0.398,0.2,10.2,68.7,0.0707,0.0019,3.0
PS0721,C0041,2024-12-11,731516.19,0.55,0.35,0.1,0.595,0.305,0.1,4.5,45.1,-0.0993,-0.0168,3.1
PS0722,C0041,2025-01-10,719726.56,0.55,0.35,0.1,0.582,0.318,0.1,3.2,48.4,0.078,-0.0288,3.1
PS0723,C0041,2025-02-09,740723.88,0.55,0.35,0.1,0.52,0.38,0.1,3.0,59.9,0.0172,-0.0265,3.1
PS0724,C0041,2025-03-11,751730.46,0.55,0.35,0.1,0.494,0.406,0.1,5.6,52.1,0.0422,0.0357,3.1
PS0725,C0041,2025-04-10,762761.82,0.55,0.35,0.1,0.538,0.362,0.1,1.2,58.2,0.0122,0.0173,3.1
PS0726,C0041,2025-05-10,724948.61,0.55,0.35,0.1,0.413,0.487,0.1,13.7,52.6,-0.0158,0.0363,3.1
PS0727,C0041,2025-06-09,698503.65,0.55,0.35,0.1,0.556,0.344,0.1,0.6,66.5,0.0619,0.0073,3.1
PS0728,C0041,2025-07-09,728182.8,0.55,0.35,0.1,0.643,0.257,0.1,9.3,63.5,-0.0582,-0.0366,3.1
PS0729,C0041,2025-08-08,725785.94,0.55,0.35,0.1,0.612,0.288,0.1,6.2,65.9,0.0632,-0.017,3.1
PS0730,C0041,2025-09-07,699277.83,0.55,0.35,0.1,0.611,0.289,0.1,6.1,59.6,0.0567,0.0263,3.1
PS0731,C0041,2025-10-07,706675.82,0.55,0.35,0.1,0.538,0.362,0.1,1.2,58.8,0.1313,-0.0064,3.1
PS0732,C0041,2025-11-06,708593.67,0.55,0.35,0.1,0.534,0.366,0.1,1.6,63.6,-0.0099,0.0029,3.1
PS0733,C0041,2025-12-06,685219.03,0.55,0.35,0.1,0.479,0.421,0.1,7.1,68.9,0.1064,0.0,3.1
PS0734,C0041,2026-01-05,666799.86,0.55,0.35,0.1,0.549,0.351,0.1,0.1,70.1,0.0809,-0.0238,3.1
PS0735,C0041,2026-02-04,661184.26,0.55,0.35,0.1,0.589,0.311,0.1,3.9,70.2,0.037,0.0026,3.1
PS0736,C0041,2026-03-06,608464.69,0.55,0.35,0.1,0.67,0.23,0.1,12.0,70.9,0.1455,-0.0141,3.1
PS0737,C0041,2026-04-05,594614.91,0.55,0.35,0.1,0.475,0.425,0.1,7.5,78.5,0.0591,0.0065,3.1
PS0738,C0041,2026-05-05,569049.32,0.55,0.35,0.1,0.546,0.354,0.1,0.4,78.2,-0.0138,-0.0665,3.1
PS0739,C0042,2024-12-11,4316204.61,0.55,0.35,0.1,0.59,0.31,0.1,4.0,56.4,0.1279,-0.0166,2.4
PS0740,C0042,2025-01-10,4321767.6,0.55,0.35,0.1,0.546,0.354,0.1,0.4,53.2,-0.1141,0.0229,2.4
PS0741,C0042,2025-02-09,4205104.83,0.55,0.35,0.1,0.568,0.332,0.1,1.8,52.0,0.0303,0.0057,2.4
PS0742,C0042,2025-03-11,4217625.28,0.55,0.35,0.1,0.585,0.315,0.1,3.5,50.7,0.0377,-0.0203,2.4
PS0743,C0042,2025-04-10,4547726.96,0.55,0.35,0.1,0.458,0.442,0.1,9.2,60.1,0.0167,-0.0033,2.4
PS0744,C0042,2025-05-10,4522903.4,0.55,0.35,0.1,0.463,0.437,0.1,8.7,62.9,0.0514,0.0065,2.4
PS0745,C0042,2025-06-09,4595022.61,0.55,0.35,0.1,0.588,0.312,0.1,3.8,60.3,-0.0759,-0.0324,2.4
PS0746,C0042,2025-07-09,4476249.14,0.55,0.35,0.1,0.47,0.43,0.1,8.0,72.8,-0.0724,-0.0022,2.4
PS0747,C0042,2025-08-08,4488217.77,0.55,0.35,0.1,0.612,0.288,0.1,6.2,51.1,0.0844,0.0293,2.4
PS0748,C0042,2025-09-07,4570781.37,0.55,0.35,0.1,0.478,0.422,0.1,7.2,69.6,-0.0022,-0.007,2.4
PS0749,C0042,2025-10-07,4664518.48,0.55,0.35,0.1,0.569,0.331,0.1,1.9,72.3,-0.0191,0.0173,2.4
PS0750,C0042,2025-11-06,4672852.9,0.55,0.35,0.1,0.5,0.4,0.1,5.0,72.5,0.0036,-0.0263,2.4
PS0751,C0042,2025-12-06,4591580.16,0.55,0.35,0.1,0.522,0.378,0.1,2.8,74.7,0.0533,0.0018,2.4
PS0752,C0042,2026-01-05,4568059.44,0.55,0.35,0.1,0.612,0.288,0.1,6.2,75.8,0.0012,-0.0236,2.4
PS0753,C0042,2026-02-04,4906947.5,0.55,0.35,0.1,0.548,0.352,0.1,0.2,73.4,0.0396,-0.0457,2.4
PS0754,C0042,2026-03-06,4899791.92,0.55,0.35,0.1,0.552,0.348,0.1,0.2,66.3,0.2272,-0.0561,2.4
PS0755,C0042,2026-04-05,4964515.88,0.55,0.35,0.1,0.481,0.419,0.1,6.9,78.1,0.0649,0.0146,2.4
PS0756,C0042,2026-05-05,5189358.62,0.55,0.35,0.1,0.697,0.203,0.1,14.7,79.5,-0.0451,-0.0054,2.4
PS0757,C0043,2024-12-11,106926.41,0.75,0.2,0.05,0.669,0.281,0.05,8.1,50.8,0.0586,0.0525,6.5
PS0758,C0043,2025-01-10,102874.86,0.75,0.2,0.05,0.748,0.202,0.05,0.2,52.9,0.1985,-0.0248,6.5
PS0759,C0043,2025-02-09,109261.4,0.75,0.2,0.05,0.813,0.137,0.05,6.3,53.7,-0.0921,-0.0031,6.5
PS0760,C0043,2025-03-11,113548.26,0.75,0.2,0.05,0.719,0.231,0.05,3.1,53.4,-0.024,0.0389,6.5
PS0761,C0043,2025-04-10,110153.68,0.75,0.2,0.05,0.718,0.232,0.05,3.2,60.7,0.098,0.0025,6.5
PS0762,C0043,2025-05-10,105985.91,0.75,0.2,0.05,0.695,0.255,0.05,5.5,60.0,-0.0063,0.0431,6.5
PS0763,C0043,2025-06-09,112294.97,0.75,0.2,0.05,0.724,0.226,0.05,2.6,55.4,-0.0161,0.043,6.5
PS0764,C0043,2025-07-09,110982.46,0.75,0.2,0.05,0.771,0.179,0.05,2.1,59.0,0.0432,-0.0081,6.5
PS0765,C0043,2025-08-08,112127.98,0.75,0.2,0.05,0.737,0.213,0.05,1.3,56.5,0.1691,0.015,6.5
PS0766,C0043,2025-09-07,122389.52,0.75,0.2,0.05,0.645,0.305,0.05,10.5,68.3,0.1138,-0.0476,6.5
PS0767,C0043,2025-10-07,126802.07,0.75,0.2,0.05,0.756,0.194,0.05,0.6,70.1,0.1654,0.0026,6.5
PS0768,C0043,2025-11-06,130337.93,0.75,0.2,0.05,0.643,0.307,0.05,10.7,69.6,0.1124,0.0243,6.5
PS0769,C0043,2025-12-06,127869.74,0.75,0.2,0.05,0.687,0.263,0.05,6.3,68.0,0.234,-0.0393,6.5
PS0770,C0043,2026-01-05,132567.15,0.75,0.2,0.05,0.729,0.221,0.05,2.1,62.3,0.057,0.0575,6.5
PS0771,C0043,2026-02-04,136648.63,0.75,0.2,0.05,0.777,0.173,0.05,2.7,77.9,0.0138,-0.0405,6.5
PS0772,C0043,2026-03-06,133154.65,0.75,0.2,0.05,0.72,0.23,0.05,3.0,73.0,0.1308,0.0012,6.5
PS0773,C0043,2026-04-05,133011.22,0.75,0.2,0.05,0.746,0.204,0.05,0.4,71.2,-0.0009,0.0157,6.5
PS0774,C0043,2026-05-05,127066.78,0.75,0.2,0.05,0.678,0.272,0.05,7.2,81.6,0.1048,0.0581,6.5
PS0775,C0044,2024-12-11,434873.7,0.55,0.35,0.1,0.566,0.334,0.1,1.6,50.8,-0.0128,0.015,5.7
PS0776,C0044,2025-01-10,421911.3,0.55,0.35,0.1,0.445,0.455,0.1,10.5,49.2,0.1133,0.0037,5.7
PS0777,C0044,2025-02-09,420363.76,0.55,0.35,0.1,0.447,0.453,0.1,10.3,58.9,0.0807,-0.0055,5.7
PS0778,C0044,2025-03-11,421297.68,0.55,0.35,0.1,0.481,0.419,0.1,6.9,59.2,-0.0334,0.0308,5.7
PS0779,C0044,2025-04-10,446616.03,0.55,0.35,0.1,0.594,0.306,0.1,4.4,53.7,-0.0092,0.0367,5.7
PS0780,C0044,2025-05-10,416384.11,0.55,0.35,0.1,0.49,0.41,0.1,6.0,53.9,-0.0825,0.0454,5.7
PS0781,C0044,2025-06-09,427615.12,0.55,0.35,0.1,0.541,0.359,0.1,0.9,61.3,-0.0417,0.0358,5.7
PS0782,C0044,2025-07-09,404930.79,0.55,0.35,0.1,0.624,0.276,0.1,7.4,60.5,0.0271,-0.0314,5.7
PS0783,C0044,2025-08-08,403130.41,0.55,0.35,0.1,0.55,0.35,0.1,0.0,60.2,0.0688,-0.0052,5.7
PS0784,C0044,2025-09-07,400297.06,0.55,0.35,0.1,0.59,0.31,0.1,4.0,55.8,0.208,-0.008,5.7
PS0785,C0044,2025-10-07,407503.42,0.55,0.35,0.1,0.36,0.54,0.1,19.0,62.9,0.0596,0.0522,5.7
PS0786,C0044,2025-11-06,395283.43,0.55,0.35,0.1,0.469,0.431,0.1,8.1,60.6,0.2069,-0.0206,5.7
PS0787,C0044,2025-12-06,370428.45,0.55,0.35,0.1,0.599,0.301,0.1,4.9,69.6,0.019,0.0562,5.7
PS0788,C0044,2026-01-05,367874.32,0.55,0.35,0.1,0.591,0.309,0.1,4.1,70.4,0.0546,-0.0338,5.7
PS0789,C0044,2026-02-04,369032.74,0.55,0.35,0.1,0.522,0.378,0.1,2.8,68.7,-0.0049,0.0332,5.7
PS0790,C0044,2026-03-06,383450.3,0.55,0.35,0.1,0.509,0.391,0.1,4.1,65.0,0.0039,0.0423,5.7
PS0791,C0044,2026-04-05,393590.69,0.55,0.35,0.1,0.608,0.292,0.1,5.8,64.9,0.2559,-0.0102,5.7
PS0792,C0044,2026-05-05,393923.38,0.55,0.35,0.1,0.665,0.235,0.1,11.5,75.6,0.0295,0.0214,5.7
PS0793,C0045,2024-12-11,775437.94,0.55,0.35,0.1,0.64,0.26,0.1,9.0,47.1,0.1058,-0.005,4.3
PS0794,C0045,2025-01-10,794316.16,0.55,0.35,0.1,0.543,0.357,0.1,0.7,47.6,0.0719,-0.0078,4.3
PS0795,C0045,2025-02-09,781148.32,0.55,0.35,0.1,0.563,0.337,0.1,1.3,60.9,-0.0023,-0.0069,4.3
PS0796,C0045,2025-03-11,771455.46,0.55,0.35,0.1,0.484,0.416,0.1,6.6,51.7,-0.0666,0.011,4.3
PS0797,C0045,2025-04-10,769862.14,0.55,0.35,0.1,0.422,0.478,0.1,12.8,55.8,0.1332,0.0308,4.3
PS0798,C0045,2025-05-10,778394.24,0.55,0.35,0.1,0.455,0.445,0.1,9.5,63.4,0.1854,0.0029,4.3
PS0799,C0045,2025-06-09,750607.73,0.55,0.35,0.1,0.577,0.323,0.1,2.7,55.4,-0.04,0.0238,4.3
PS0800,C0045,2025-07-09,769038.0,0.55,0.35,0.1,0.667,0.233,0.1,11.7,66.9,0.0759,-0.0143,4.3
PS0801,C0045,2025-08-08,765551.1,0.55,0.35,0.1,0.583,0.317,0.1,3.3,67.3,0.1591,0.0193,4.3
PS0802,C0045,2025-09-07,779698.16,0.55,0.35,0.1,0.573,0.327,0.1,2.3,58.2,0.0988,0.0323,4.3
PS0803,C0045,2025-10-07,776806.94,0.55,0.35,0.1,0.574,0.326,0.1,2.4,52.1,0.0322,0.0377,4.3
PS0804,C0045,2025-11-06,820501.71,0.55,0.35,0.1,0.549,0.351,0.1,0.1,60.5,0.0146,-0.0264,4.3
PS0805,C0045,2025-12-06,868048.28,0.55,0.35,0.1,0.504,0.396,0.1,4.6,67.3,0.0227,-0.0159,4.3
PS0806,C0045,2026-01-05,817150.62,0.55,0.35,0.1,0.655,0.245,0.1,10.5,73.0,0.0528,0.0105,4.3
PS0807,C0045,2026-02-04,843599.87,0.55,0.35,0.1,0.664,0.236,0.1,11.4,74.5,0.0389,0.0046,4.3
PS0808,C0045,2026-03-06,861128.57,0.55,0.35,0.1,0.583,0.317,0.1,3.3,66.7,-0.0044,-0.0008,4.3
PS0809,C0045,2026-04-05,891959.3,0.55,0.35,0.1,0.455,0.445,0.1,9.5,76.6,0.1242,-0.0222,4.3
PS0810,C0045,2026-05-05,896293.45,0.55,0.35,0.1,0.591,0.309,0.1,4.1,77.2,0.0947,-0.0239,4.3
PS0811,C0046,2024-12-11,902196.19,0.55,0.35,0.1,0.571,0.329,0.1,2.1,53.9,0.1523,0.0256,2.1
PS0812,C0046,2025-01-10,928983.72,0.55,0.35,0.1,0.528,0.372,0.1,2.2,57.4,0.04,0.0107,2.1
PS0813,C0046,2025-02-09,970132.33,0.55,0.35,0.1,0.569,0.331,0.1,1.9,52.7,0.0419,0.0094,2.1
PS0814,C0046,2025-03-11,1008243.79,0.55,0.35,0.1,0.559,0.341,0.1,0.9,47.0,-0.087,-0.0081,2.1
PS0815,C0046,2025-04-10,1030649.49,0.55,0.35,0.1,0.515,0.385,0.1,3.5,57.1,0.0183,-0.0445,2.1
PS0816,C0046,2025-05-10,1054233.7,0.55,0.35,0.1,0.522,0.378,0.1,2.8,56.0,0.0947,0.0332,2.1
PS0817,C0046,2025-06-09,1049234.64,0.55,0.35,0.1,0.505,0.395,0.1,4.5,58.4,0.148,0.0125,2.1
PS0818,C0046,2025-07-09,1116020.89,0.55,0.35,0.1,0.551,0.349,0.1,0.1,49.9,0.121,-0.0319,2.1
PS0819,C0046,2025-08-08,1123167.07,0.55,0.35,0.1,0.633,0.267,0.1,8.3,73.3,-0.0262,-0.0189,2.1
PS0820,C0046,2025-09-07,1143204.81,0.55,0.35,0.1,0.584,0.316,0.1,3.4,65.1,-0.0078,0.003,2.1
PS0821,C0046,2025-10-07,1168882.63,0.55,0.35,0.1,0.584,0.316,0.1,3.4,59.0,0.2313,-0.0013,2.1
PS0822,C0046,2025-11-06,1113675.37,0.55,0.35,0.1,0.578,0.322,0.1,2.8,61.5,0.0412,0.0256,2.1
PS0823,C0046,2025-12-06,1162685.81,0.55,0.35,0.1,0.463,0.437,0.1,8.7,73.3,0.1411,0.0258,2.1
PS0824,C0046,2026-01-05,1147981.16,0.55,0.35,0.1,0.533,0.367,0.1,1.7,61.0,0.1026,0.044,2.1
PS0825,C0046,2026-02-04,1042886.84,0.55,0.35,0.1,0.495,0.405,0.1,5.5,69.8,0.0499,-0.0113,2.1
PS0826,C0046,2026-03-06,1077093.15,0.55,0.35,0.1,0.393,0.507,0.1,15.7,64.8,-0.007,0.0383,2.1
PS0827,C0046,2026-04-05,1107689.06,0.55,0.35,0.1,0.48,0.42,0.1,7.0,66.9,0.1862,-0.0261,2.1
PS0828,C0046,2026-05-05,1084049.98,0.55,0.35,0.1,0.592,0.308,0.1,4.2,78.6,-0.0054,-0.0045,2.1
PS0829,C0047,2024-12-11,1305229.04,0.55,0.35,0.1,0.585,0.315,0.1,3.5,41.5,0.1014,0.032,7.0
PS0830,C0047,2025-01-10,1290805.57,0.55,0.35,0.1,0.473,0.427,0.1,7.7,58.6,-0.0413,-0.0151,7.0
PS0831,C0047,2025-02-09,1232043.11,0.55,0.35,0.1,0.565,0.335,0.1,1.5,51.8,-0.0125,0.0336,7.0
PS0832,C0047,2025-03-11,1268390.03,0.55,0.35,0.1,0.565,0.335,0.1,1.5,60.7,-0.0445,0.017,7.0
PS0833,C0047,2025-04-10,1333410.97,0.55,0.35,0.1,0.421,0.479,0.1,12.9,56.2,0.0949,-0.0162,7.0
PS0834,C0047,2025-05-10,1318117.27,0.55,0.35,0.1,0.529,0.371,0.1,2.1,50.2,-0.0748,-0.0109,7.0
PS0835,C0047,2025-06-09,1259750.63,0.55,0.35,0.1,0.487,0.413,0.1,6.3,56.4,0.0628,-0.0105,7.0
PS0836,C0047,2025-07-09,1323408.94,0.55,0.35,0.1,0.502,0.398,0.1,4.8,59.6,0.0865,0.0045,7.0
PS0837,C0047,2025-08-08,1288524.12,0.55,0.35,0.1,0.6,0.3,0.1,5.0,54.6,0.0134,0.0017,7.0
PS0838,C0047,2025-09-07,1269108.52,0.55,0.35,0.1,0.496,0.404,0.1,5.4,57.0,-0.0231,-0.0085,7.0
PS0839,C0047,2025-10-07,1336576.93,0.55,0.35,0.1,0.551,0.349,0.1,0.1,71.8,-0.0308,-0.0129,7.0
PS0840,C0047,2025-11-06,1322716.09,0.55,0.35,0.1,0.506,0.394,0.1,4.4,68.3,0.1108,0.0109,7.0
PS0841,C0047,2025-12-06,1366363.75,0.55,0.35,0.1,0.692,0.208,0.1,14.2,65.4,0.0642,-0.022,7.0
PS0842,C0047,2026-01-05,1327569.34,0.55,0.35,0.1,0.451,0.449,0.1,9.9,71.7,0.0092,-0.0151,7.0
PS0843,C0047,2026-02-04,1292554.29,0.55,0.35,0.1,0.485,0.415,0.1,6.5,71.2,-0.0233,-0.0422,7.0
PS0844,C0047,2026-03-06,1311160.53,0.55,0.35,0.1,0.571,0.329,0.1,2.1,75.5,-0.1275,0.031,7.0
PS0845,C0047,2026-04-05,1349191.47,0.55,0.35,0.1,0.353,0.547,0.1,19.7,79.0,0.0318,0.0143,7.0
PS0846,C0047,2026-05-05,1343770.59,0.55,0.35,0.1,0.453,0.447,0.1,9.7,65.5,0.1304,-0.0282,7.0
PS0847,C0048,2024-12-11,546886.93,0.3,0.5,0.2,0.312,0.488,0.2,1.2,42.5,0.1802,-0.0028,1.4
PS0848,C0048,2025-01-10,564479.24,0.3,0.5,0.2,0.284,0.516,0.2,1.6,60.1,0.0505,0.021,1.4
PS0849,C0048,2025-02-09,567946.31,0.3,0.5,0.2,0.269,0.531,0.2,3.1,49.2,0.0245,-0.0211,1.4
PS0850,C0048,2025-03-11,546437.47,0.3,0.5,0.2,0.258,0.542,0.2,4.2,50.9,0.1222,0.0098,1.4
PS0851,C0048,2025-04-10,559516.16,0.3,0.5,0.2,0.257,0.543,0.2,4.3,51.5,0.0791,0.0094,1.4
PS0852,C0048,2025-05-10,586584.64,0.3,0.5,0.2,0.301,0.499,0.2,0.1,59.9,-0.0839,0.0158,1.4
PS0853,C0048,2025-06-09,602623.56,0.3,0.5,0.2,0.262,0.538,0.2,3.8,56.3,0.0585,-0.011,1.4
PS0854,C0048,2025-07-09,597203.65,0.3,0.5,0.2,0.364,0.436,0.2,6.4,66.8,-0.0602,0.0371,1.4
PS0855,C0048,2025-08-08,557082.76,0.3,0.5,0.2,0.241,0.559,0.2,5.9,70.4,0.0837,0.0516,1.4
PS0856,C0048,2025-09-07,573548.61,0.3,0.5,0.2,0.297,0.503,0.2,0.3,66.9,0.1477,0.0424,1.4
PS0857,C0048,2025-10-07,567415.6,0.3,0.5,0.2,0.186,0.614,0.2,11.4,69.5,0.0869,0.0185,1.4
PS0858,C0048,2025-11-06,603637.7,0.3,0.5,0.2,0.257,0.543,0.2,4.3,74.2,0.1587,-0.044,1.4
PS0859,C0048,2025-12-06,612756.89,0.3,0.5,0.2,0.243,0.557,0.2,5.7,69.6,0.0102,-0.0057,1.4
PS0860,C0048,2026-01-05,630099.28,0.3,0.5,0.2,0.246,0.554,0.2,5.4,66.0,0.0258,0.0317,1.4
PS0861,C0048,2026-02-04,655906.71,0.3,0.5,0.2,0.195,0.605,0.2,10.5,66.6,-0.0245,0.0143,1.4
PS0862,C0048,2026-03-06,668867.85,0.3,0.5,0.2,0.223,0.577,0.2,7.7,71.4,0.0657,0.0274,1.4
PS0863,C0048,2026-04-05,663027.08,0.3,0.5,0.2,0.236,0.564,0.2,6.4,75.7,0.1295,-0.0391,1.4
PS0864,C0048,2026-05-05,694292.93,0.3,0.5,0.2,0.397,0.403,0.2,9.7,82.9,0.0687,-0.0251,1.4
PS0865,C0049,2024-12-11,96828.32,0.3,0.5,0.2,0.316,0.484,0.2,1.6,44.7,0.0529,0.0225,1
PS0866,C0049,2025-01-10,95416.47,0.3,0.5,0.2,0.25,0.55,0.2,5.0,46.3,0.035,0.0375,1
PS0867,C0049,2025-02-09,104775.51,0.3,0.5,0.2,0.334,0.466,0.2,3.4,51.5,0.1937,0.0083,1
PS0868,C0049,2025-03-11,111053.05,0.3,0.5,0.2,0.321,0.479,0.2,2.1,57.6,0.0185,0.0181,1
PS0869,C0049,2025-04-10,106945.13,0.3,0.5,0.2,0.318,0.482,0.2,1.8,58.0,0.1411,-0.0311,1
PS0870,C0049,2025-05-10,108455.57,0.3,0.5,0.2,0.364,0.436,0.2,6.4,57.2,0.0211,0.0175,1
PS0871,C0049,2025-06-09,105904.99,0.3,0.5,0.2,0.307,0.493,0.2,0.7,53.0,0.0383,0.0355,1
PS0872,C0049,2025-07-09,108497.38,0.3,0.5,0.2,0.279,0.521,0.2,2.1,60.6,-0.0266,0.0382,1
PS0873,C0049,2025-08-08,107086.04,0.3,0.5,0.2,0.354,0.446,0.2,5.4,54.1,-0.0004,-0.0161,1
PS0874,C0049,2025-09-07,104809.37,0.3,0.5,0.2,0.274,0.526,0.2,2.6,62.0,0.0125,0.0115,1
PS0875,C0049,2025-10-07,103056.39,0.3,0.5,0.2,0.197,0.603,0.2,10.3,71.7,-0.003,-0.0165,1
PS0876,C0049,2025-11-06,97429.4,0.3,0.5,0.2,0.326,0.474,0.2,2.6,73.4,-0.0467,0.0159,1
PS0877,C0049,2025-12-06,98634.58,0.3,0.5,0.2,0.286,0.514,0.2,1.4,60.2,0.1057,-0.0372,1
PS0878,C0049,2026-01-05,106576.91,0.3,0.5,0.2,0.321,0.479,0.2,2.1,66.8,0.1777,0.0012,1
PS0879,C0049,2026-02-04,110065.79,0.3,0.5,0.2,0.311,0.489,0.2,1.1,63.5,0.0033,0.035,1
PS0880,C0049,2026-03-06,111229.96,0.3,0.5,0.2,0.345,0.455,0.2,4.5,66.1,0.0586,0.0467,1
PS0881,C0049,2026-04-05,116203.18,0.3,0.5,0.2,0.316,0.484,0.2,1.6,72.6,-0.0856,0.0243,1
PS0882,C0049,2026-05-05,116210.11,0.3,0.5,0.2,0.293,0.507,0.2,0.7,77.0,0.0482,-0.045,1
PS0883,C0050,2024-12-11,119933.65,0.55,0.35,0.1,0.413,0.487,0.1,13.7,55.6,0.0432,0.0146,6.8
PS0884,C0050,2025-01-10,124176.73,0.55,0.35,0.1,0.512,0.388,0.1,3.8,56.2,0.1067,-0.009,6.8
PS0885,C0050,2025-02-09,125441.97,0.55,0.35,0.1,0.578,0.322,0.1,2.8,51.1,-0.0799,0.032,6.8
PS0886,C0050,2025-03-11,137200.89,0.55,0.35,0.1,0.501,0.399,0.1,4.9,54.0,-0.0768,-0.0031,6.8
PS0887,C0050,2025-04-10,140321.14,0.55,0.35,0.1,0.541,0.359,0.1,0.9,56.0,-0.0659,0.0087,6.8
PS0888,C0050,2025-05-10,145441.8,0.55,0.35,0.1,0.542,0.358,0.1,0.8,65.5,0.3129,0.0135,6.8
PS0889,C0050,2025-06-09,146684.26,0.55,0.35,0.1,0.531,0.369,0.1,1.9,59.9,0.1168,0.0177,6.8
PS0890,C0050,2025-07-09,142441.75,0.55,0.35,0.1,0.573,0.327,0.1,2.3,57.8,-0.0462,-0.0138,6.8
PS0891,C0050,2025-08-08,139124.58,0.55,0.35,0.1,0.537,0.363,0.1,1.3,74.6,-0.075,-0.0207,6.8
PS0892,C0050,2025-09-07,147368.49,0.55,0.35,0.1,0.655,0.245,0.1,10.5,65.5,0.0541,-0.0043,6.8
PS0893,C0050,2025-10-07,147308.49,0.55,0.35,0.1,0.472,0.428,0.1,7.8,72.5,0.0619,0.0244,6.8
PS0894,C0050,2025-11-06,146210.3,0.55,0.35,0.1,0.572,0.328,0.1,2.2,58.7,0.1018,-0.0042,6.8
PS0895,C0050,2025-12-06,141605.52,0.55,0.35,0.1,0.627,0.273,0.1,7.7,66.7,0.0115,0.0122,6.8
PS0896,C0050,2026-01-05,136390.51,0.55,0.35,0.1,0.484,0.416,0.1,6.6,68.8,0.1777,0.0033,6.8
PS0897,C0050,2026-02-04,145608.78,0.55,0.35,0.1,0.611,0.289,0.1,6.1,74.3,0.1064,0.0196,6.8
PS0898,C0050,2026-03-06,150117.48,0.55,0.35,0.1,0.497,0.403,0.1,5.3,73.8,-0.0626,-0.0415,6.8
PS0899,C0050,2026-04-05,161329.34,0.55,0.35,0.1,0.532,0.368,0.1,1.8,80.1,0.199,0.0001,6.8
PS0900,C0050,2026-05-05,162419.24,0.55,0.35,0.1,0.68,0.22,0.1,13.0,74.7,0.0575,0.0067,6.8
PS0901,C0051,2024-12-11,186818.77,0.75,0.2,0.05,0.753,0.197,0.05,0.3,55.6,0.0733,-0.008,5.7
PS0902,C0051,2025-01-10,192519.24,0.75,0.2,0.05,0.745,0.205,0.05,0.5,52.2,0.1783,0.0189,5.7
PS0903,C0051,2025-02-09,196260.14,0.75,0.2,0.05,0.692,0.258,0.05,5.8,59.7,0.0156,0.0288,5.7
PS0904,C0051,2025-03-11,189874.18,0.75,0.2,0.05,0.772,0.178,0.05,2.2,53.9,0.064,-0.0074,5.7
PS0905,C0051,2025-04-10,178336.68,0.75,0.2,0.05,0.774,0.176,0.05,2.4,59.9,0.1232,0.0049,5.7
PS0906,C0051,2025-05-10,170863.05,0.75,0.2,0.05,0.74,0.21,0.05,1.0,67.0,0.0959,-0.0243,5.7
PS0907,C0051,2025-06-09,170041.5,0.75,0.2,0.05,0.712,0.238,0.05,3.8,66.5,0.054,-0.0278,5.7
PS0908,C0051,2025-07-09,177713.42,0.75,0.2,0.05,0.824,0.126,0.05,7.4,61.5,-0.1078,0.0247,5.7
PS0909,C0051,2025-08-08,186200.47,0.75,0.2,0.05,0.85,0.1,0.05,10.0,53.0,-0.0162,0.0258,5.7
PS0910,C0051,2025-09-07,181874.93,0.75,0.2,0.05,0.805,0.145,0.05,5.5,56.2,0.1211,0.0391,5.7
PS0911,C0051,2025-10-07,179343.53,0.75,0.2,0.05,0.562,0.388,0.05,18.8,62.2,0.0719,-0.0024,5.7
PS0912,C0051,2025-11-06,172042.85,0.75,0.2,0.05,0.665,0.285,0.05,8.5,66.2,-0.1834,0.0096,5.7
PS0913,C0051,2025-12-06,178045.94,0.75,0.2,0.05,0.643,0.307,0.05,10.7,74.1,0.135,-0.0054,5.7
PS0914,C0051,2026-01-05,188451.63,0.75,0.2,0.05,0.704,0.246,0.05,4.6,70.9,0.1448,0.0073,5.7
PS0915,C0051,2026-02-04,196654.53,0.75,0.2,0.05,0.813,0.137,0.05,6.3,67.7,-0.1022,-0.0028,5.7
PS0916,C0051,2026-03-06,192928.73,0.75,0.2,0.05,0.859,0.091,0.05,10.9,66.3,0.0513,-0.0305,5.7
PS0917,C0051,2026-04-05,188556.14,0.75,0.2,0.05,0.783,0.167,0.05,3.3,75.4,-0.0231,-0.0308,5.7
PS0918,C0051,2026-05-05,202927.05,0.75,0.2,0.05,0.738,0.212,0.05,1.2,76.9,-0.013,-0.004,5.7
PS0919,C0052,2024-12-11,690451.85,0.55,0.35,0.1,0.521,0.379,0.1,2.9,56.8,0.0468,0.0255,5.7
PS0920,C0052,2025-01-10,720198.96,0.55,0.35,0.1,0.495,0.405,0.1,5.5,53.2,0.0952,0.0695,5.7
PS0921,C0052,2025-02-09,729440.65,0.55,0.35,0.1,0.492,0.408,0.1,5.8,45.7,0.1137,-0.0278,5.7
PS0922,C0052,2025-03-11,738005.36,0.55,0.35,0.1,0.52,0.38,0.1,3.0,58.8,0.122,-0.0253,5.7
PS0923,C0052,2025-04-10,753126.4,0.55,0.35,0.1,0.507,0.393,0.1,4.3,52.7,-0.0742,-0.0141,5.7
PS0924,C0052,2025-05-10,768138.26,0.55,0.35,0.1,0.473,0.427,0.1,7.7,68.5,0.1434,-0.0118,5.7
PS0925,C0052,2025-06-09,745102.96,0.55,0.35,0.1,0.584,0.316,0.1,3.4,58.7,0.0956,0.011,5.7
PS0926,C0052,2025-07-09,650370.12,0.55,0.35,0.1,0.42,0.48,0.1,13.0,68.2,0.0664,-0.0191,5.7
PS0927,C0052,2025-08-08,656378.39,0.55,0.35,0.1,0.657,0.243,0.1,10.7,62.3,0.0583,0.0413,5.7
PS0928,C0052,2025-09-07,645851.63,0.55,0.35,0.1,0.508,0.392,0.1,4.2,59.3,-0.0394,-0.0084,5.7
PS0929,C0052,2025-10-07,656878.47,0.55,0.35,0.1,0.486,0.414,0.1,6.4,59.6,0.0314,-0.0014,5.7
PS0930,C0052,2025-11-06,663926.11,0.55,0.35,0.1,0.585,0.315,0.1,3.5,61.2,-0.117,0.0375,5.7
PS0931,C0052,2025-12-06,642817.47,0.55,0.35,0.1,0.609,0.291,0.1,5.9,67.4,0.0203,0.0033,5.7
PS0932,C0052,2026-01-05,666504.41,0.55,0.35,0.1,0.509,0.391,0.1,4.1,66.9,0.0269,0.0427,5.7
PS0933,C0052,2026-02-04,661195.08,0.55,0.35,0.1,0.447,0.453,0.1,10.3,72.4,-0.04,0.0029,5.7
PS0934,C0052,2026-03-06,650311.19,0.55,0.35,0.1,0.484,0.416,0.1,6.6,71.9,0.1918,0.0169,5.7
PS0935,C0052,2026-04-05,695859.66,0.55,0.35,0.1,0.57,0.33,0.1,2.0,75.8,0.1279,0.0489,5.7
PS0936,C0052,2026-05-05,693648.48,0.55,0.35,0.1,0.482,0.418,0.1,6.8,77.6,0.011,-0.0526,5.7
PS0937,C0053,2024-12-11,176408.55,0.75,0.2,0.05,0.754,0.196,0.05,0.4,48.1,0.0168,-0.0221,5.2
PS0938,C0053,2025-01-10,178884.2,0.75,0.2,0.05,0.709,0.241,0.05,4.1,51.0,0.0316,-0.0186,5.2
PS0939,C0053,2025-02-09,176135.51,0.75,0.2,0.05,0.697,0.253,0.05,5.3,52.1,-0.0853,0.0015,5.2
PS0940,C0053,2025-03-11,180685.99,0.75,0.2,0.05,0.818,0.132,0.05,6.8,60.1,0.0942,0.0046,5.2
PS0941,C0053,2025-04-10,176652.98,0.75,0.2,0.05,0.763,0.187,0.05,1.3,57.9,0.0923,0.014,5.2
PS0942,C0053,2025-05-10,171217.57,0.75,0.2,0.05,0.695,0.255,0.05,5.5,57.3,0.0641,0.0406,5.2
PS0943,C0053,2025-06-09,175456.4,0.75,0.2,0.05,0.768,0.182,0.05,1.8,60.2,-0.0713,0.0184,5.2
PS0944,C0053,2025-07-09,173073.86,0.75,0.2,0.05,0.837,0.113,0.05,8.7,56.2,0.0577,-0.0056,5.2
PS0945,C0053,2025-08-08,173379.2,0.75,0.2,0.05,0.796,0.154,0.05,4.6,64.1,0.1105,0.0077,5.2
PS0946,C0053,2025-09-07,176299.72,0.75,0.2,0.05,0.727,0.223,0.05,2.3,67.3,0.1192,0.0127,5.2
PS0947,C0053,2025-10-07,175490.54,0.75,0.2,0.05,0.729,0.221,0.05,2.1,63.5,0.0839,0.0626,5.2
PS0948,C0053,2025-11-06,189602.43,0.75,0.2,0.05,0.765,0.185,0.05,1.5,59.4,0.0844,0.0143,5.2
PS0949,C0053,2025-12-06,196065.85,0.75,0.2,0.05,0.768,0.182,0.05,1.8,77.9,0.1107,0.031,5.2
PS0950,C0053,2026-01-05,201990.65,0.75,0.2,0.05,0.745,0.205,0.05,0.5,72.5,0.0411,0.0265,5.2
PS0951,C0053,2026-02-04,194906.52,0.75,0.2,0.05,0.642,0.308,0.05,10.8,67.4,0.2152,0.0065,5.2
PS0952,C0053,2026-03-06,196312.45,0.75,0.2,0.05,0.691,0.259,0.05,5.9,79.3,0.1168,0.0077,5.2
PS0953,C0053,2026-04-05,195790.76,0.75,0.2,0.05,0.717,0.233,0.05,3.3,74.6,0.1176,0.0345,5.2
PS0954,C0053,2026-05-05,196529.16,0.75,0.2,0.05,0.769,0.181,0.05,1.9,66.7,0.1171,0.0157,5.2
PS0955,C0054,2024-12-11,227270.64,0.75,0.2,0.05,0.782,0.168,0.05,3.2,47.6,0.0297,0.0143,9.3
PS0956,C0054,2025-01-10,224445.12,0.75,0.2,0.05,0.772,0.178,0.05,2.2,50.6,0.0818,-0.0131,9.3
PS0957,C0054,2025-02-09,239542.09,0.75,0.2,0.05,0.73,0.22,0.05,2.0,64.7,0.0609,0.0563,9.3
PS0958,C0054,2025-03-11,238824.18,0.75,0.2,0.05,0.732,0.218,0.05,1.8,57.4,0.0884,0.0286,9.3
PS0959,C0054,2025-04-10,248196.64,0.75,0.2,0.05,0.769,0.181,0.05,1.9,56.6,0.0547,0.0054,9.3
PS0960,C0054,2025-05-10,245172.25,0.75,0.2,0.05,0.83,0.12,0.05,8.0,53.8,0.1512,-0.0149,9.3
PS0961,C0054,2025-06-09,250411.01,0.75,0.2,0.05,0.748,0.202,0.05,0.2,60.6,0.0897,0.0742,9.3
PS0962,C0054,2025-07-09,259904.96,0.75,0.2,0.05,0.734,0.216,0.05,1.6,62.6,0.1588,-0.0383,9.3
PS0963,C0054,2025-08-08,251743.71,0.75,0.2,0.05,0.741,0.209,0.05,0.9,62.1,0.0904,0.0133,9.3
PS0964,C0054,2025-09-07,247281.36,0.75,0.2,0.05,0.79,0.16,0.05,4.0,62.3,-0.0277,0.0057,9.3
PS0965,C0054,2025-10-07,253159.26,0.75,0.2,0.05,0.755,0.195,0.05,0.5,65.3,0.0646,0.024,9.3
PS0966,C0054,2025-11-06,237416.14,0.75,0.2,0.05,0.621,0.329,0.05,12.9,59.0,0.0468,0.0009,9.3
PS0967,C0054,2025-12-06,232090.8,0.75,0.2,0.05,0.782,0.168,0.05,3.2,64.8,0.1431,0.0156,9.3
PS0968,C0054,2026-01-05,234929.3,0.75,0.2,0.05,0.883,0.067,0.05,13.3,71.4,0.0926,0.062,9.3
PS0969,C0054,2026-02-04,249064.16,0.75,0.2,0.05,0.808,0.142,0.05,5.8,74.7,0.0431,0.0075,9.3
PS0970,C0054,2026-03-06,236404.17,0.75,0.2,0.05,0.685,0.265,0.05,6.5,85.4,0.0976,0.0571,9.3
PS0971,C0054,2026-04-05,254004.43,0.75,0.2,0.05,0.719,0.231,0.05,3.1,72.6,-0.0188,0.0089,9.3
PS0972,C0054,2026-05-05,264455.03,0.75,0.2,0.05,0.742,0.208,0.05,0.8,71.1,-0.0392,-0.0202,9.3
PS0973,C0055,2024-12-11,24826266.72,0.3,0.5,0.2,0.334,0.466,0.2,3.4,47.1,0.0425,-0.0322,1
PS0974,C0055,2025-01-10,24363975.83,0.3,0.5,0.2,0.239,0.561,0.2,6.1,52.1,0.0081,0.0063,1
PS0975,C0055,2025-02-09,24565763.13,0.3,0.5,0.2,0.218,0.582,0.2,8.2,43.0,0.0722,0.008,1
PS0976,C0055,2025-03-11,24926158.12,0.3,0.5,0.2,0.196,0.604,0.2,10.4,55.3,0.1466,0.0051,1
PS0977,C0055,2025-04-10,24700425.71,0.3,0.5,0.2,0.291,0.509,0.2,0.9,58.7,0.1858,0.041,1
PS0978,C0055,2025-05-10,26720916.43,0.3,0.5,0.2,0.244,0.556,0.2,5.6,59.5,0.2115,-0.0107,1
PS0979,C0055,2025-06-09,27559718.56,0.3,0.5,0.2,0.377,0.423,0.2,7.7,59.6,0.1621,0.0158,1
PS0980,C0055,2025-07-09,29885949.62,0.3,0.5,0.2,0.199,0.601,0.2,10.1,59.4,0.1047,-0.0169,1
PS0981,C0055,2025-08-08,32177388.65,0.3,0.5,0.2,0.303,0.497,0.2,0.3,71.1,0.0101,-0.0043,1
PS0982,C0055,2025-09-07,32154632.59,0.3,0.5,0.2,0.312,0.488,0.2,1.2,52.6,-0.021,0.0044,1
PS0983,C0055,2025-10-07,32731108.73,0.3,0.5,0.2,0.253,0.547,0.2,4.7,64.5,0.011,-0.0182,1
PS0984,C0055,2025-11-06,33371579.98,0.3,0.5,0.2,0.332,0.468,0.2,3.2,64.2,0.0694,0.0296,1
PS0985,C0055,2025-12-06,34020785.45,0.3,0.5,0.2,0.272,0.528,0.2,2.8,72.1,-0.0238,0.0549,1
PS0986,C0055,2026-01-05,33965839.3,0.3,0.5,0.2,0.279,0.521,0.2,2.1,69.3,-0.0324,0.0112,1
PS0987,C0055,2026-02-04,34873852.59,0.3,0.5,0.2,0.223,0.577,0.2,7.7,72.2,0.1382,-0.008,1
PS0988,C0055,2026-03-06,35052248.64,0.3,0.5,0.2,0.285,0.515,0.2,1.5,72.7,0.2757,-0.0125,1
PS0989,C0055,2026-04-05,34513226.45,0.3,0.5,0.2,0.373,0.427,0.2,7.3,72.1,-0.0489,0.0166,1
PS0990,C0055,2026-05-05,35284864.86,0.3,0.5,0.2,0.187,0.613,0.2,11.3,67.5,-0.0623,0.06,1
PS0991,C0056,2024-12-11,338258.3,0.55,0.35,0.1,0.562,0.338,0.1,1.2,37.7,0.0816,-0.0199,6.2
PS0992,C0056,2025-01-10,334414.52,0.55,0.35,0.1,0.598,0.302,0.1,4.8,52.7,0.0765,0.0183,6.2
PS0993,C0056,2025-02-09,326741.61,0.55,0.35,0.1,0.478,0.422,0.1,7.2,58.2,-0.0085,0.0246,6.2
PS0994,C0056,2025-03-11,333264.11,0.55,0.35,0.1,0.496,0.404,0.1,5.4,59.6,-0.0054,0.0126,6.2
PS0995,C0056,2025-04-10,333359.43,0.55,0.35,0.1,0.513,0.387,0.1,3.7,49.4,0.0582,0.077,6.2
PS0996,C0056,2025-05-10,350364.05,0.55,0.35,0.1,0.567,0.333,0.1,1.7,51.1,0.1851,0.0291,6.2
PS0997,C0056,2025-06-09,341471.68,0.55,0.35,0.1,0.581,0.319,0.1,3.1,63.7,0.1003,0.0231,6.2
PS0998,C0056,2025-07-09,332022.75,0.55,0.35,0.1,0.452,0.448,0.1,9.8,61.0,0.1748,0.0267,6.2
PS0999,C0056,2025-08-08,348475.98,0.55,0.35,0.1,0.521,0.379,0.1,2.9,64.9,0.0012,0.0325,6.2
PS1000,C0056,2025-09-07,319884.42,0.55,0.35,0.1,0.585,0.315,0.1,3.5,64.1,0.0046,0.0332,6.2
PS1001,C0056,2025-10-07,305796.92,0.55,0.35,0.1,0.533,0.367,0.1,1.7,54.8,0.1273,0.0675,6.2
PS1002,C0056,2025-11-06,285218.17,0.55,0.35,0.1,0.559,0.341,0.1,0.9,67.9,0.0019,0.0218,6.2
PS1003,C0056,2025-12-06,282131.0,0.55,0.35,0.1,0.5,0.4,0.1,5.0,71.2,-0.024,0.0107,6.2
PS1004,C0056,2026-01-05,293268.46,0.55,0.35,0.1,0.621,0.279,0.1,7.1,63.2,-0.0017,0.0028,6.2
PS1005,C0056,2026-02-04,285913.2,0.55,0.35,0.1,0.481,0.419,0.1,6.9,62.5,0.128,0.0101,6.2
PS1006,C0056,2026-03-06,261045.35,0.55,0.35,0.1,0.535,0.365,0.1,1.5,68.0,0.1571,0.0315,6.2
PS1007,C0056,2026-04-05,264112.02,0.55,0.35,0.1,0.369,0.531,0.1,18.1,68.4,0.0565,0.0325,6.2
PS1008,C0056,2026-05-05,259930.63,0.55,0.35,0.1,0.534,0.366,0.1,1.6,75.7,0.1925,0.0245,6.2
PS1009,C0057,2024-12-11,2083708.59,0.55,0.35,0.1,0.53,0.37,0.1,2.0,45.1,-0.0291,-0.0163,7.5
PS1010,C0057,2025-01-10,2053878.81,0.55,0.35,0.1,0.541,0.359,0.1,0.9,53.7,0.1292,0.0196,7.5
PS1011,C0057,2025-02-09,2136288.14,0.55,0.35,0.1,0.573,0.327,0.1,2.3,56.4,0.0314,0.0055,7.5
PS1012,C0057,2025-03-11,2101759.17,0.55,0.35,0.1,0.626,0.274,0.1,7.6,41.0,-0.0479,-0.0068,7.5
PS1013,C0057,2025-04-10,2180897.49,0.55,0.35,0.1,0.597,0.303,0.1,4.7,64.2,0.1108,-0.004,7.5
PS1014,C0057,2025-05-10,2168046.03,0.55,0.35,0.1,0.597,0.303,0.1,4.7,61.4,0.0048,-0.0055,7.5
PS1015,C0057,2025-06-09,2136217.18,0.55,0.35,0.1,0.451,0.449,0.1,9.9,56.3,-0.0373,0.0305,7.5
PS1016,C0057,2025-07-09,2239874.99,0.55,0.35,0.1,0.506,0.394,0.1,4.4,65.1,0.0706,0.0031,7.5
PS1017,C0057,2025-08-08,2220470.36,0.55,0.35,0.1,0.635,0.265,0.1,8.5,67.4,0.0333,-0.0095,7.5
PS1018,C0057,2025-09-07,2243739.72,0.55,0.35,0.1,0.45,0.45,0.1,10.0,63.5,0.1728,-0.025,7.5
PS1019,C0057,2025-10-07,2279862.89,0.55,0.35,0.1,0.405,0.495,0.1,14.5,70.4,0.0661,0.0142,7.5
PS1020,C0057,2025-11-06,2226728.66,0.55,0.35,0.1,0.624,0.276,0.1,7.4,69.3,-0.0703,0.013,7.5
PS1021,C0057,2025-12-06,2271493.09,0.55,0.35,0.1,0.379,0.521,0.1,17.1,79.6,-0.0706,0.041,7.5
PS1022,C0057,2026-01-05,2338298.13,0.55,0.35,0.1,0.544,0.356,0.1,0.6,59.4,0.0149,0.005,7.5
PS1023,C0057,2026-02-04,2219330.14,0.55,0.35,0.1,0.531,0.369,0.1,1.9,74.8,0.1842,-0.0135,7.5
PS1024,C0057,2026-03-06,2175040.68,0.55,0.35,0.1,0.575,0.325,0.1,2.5,74.6,0.0692,-0.0196,7.5
PS1025,C0057,2026-04-05,2245064.65,0.55,0.35,0.1,0.601,0.299,0.1,5.1,71.2,-0.072,0.0117,7.5
PS1026,C0057,2026-05-05,2416125.53,0.55,0.35,0.1,0.54,0.36,0.1,1.0,76.0,0.1069,0.0273,7.5
PS1027,C0058,2024-12-11,826538.8,0.55,0.35,0.1,0.598,0.302,0.1,4.8,54.4,-0.0874,0.0354,7.2
PS1028,C0058,2025-01-10,866955.69,0.55,0.35,0.1,0.555,0.345,0.1,0.5,58.3,-0.0354,0.0041,7.2
PS1029,C0058,2025-02-09,883542.85,0.55,0.35,0.1,0.557,0.343,0.1,0.7,51.7,0.017,0.0646,7.2
PS1030,C0058,2025-03-11,895702.63,0.55,0.35,0.1,0.586,0.314,0.1,3.6,49.4,0.0921,0.0031,7.2
PS1031,C0058,2025-04-10,931511.41,0.55,0.35,0.1,0.452,0.448,0.1,9.8,52.0,0.0845,0.0495,7.2
PS1032,C0058,2025-05-10,943761.88,0.55,0.35,0.1,0.571,0.329,0.1,2.1,55.3,-0.0345,0.0252,7.2
PS1033,C0058,2025-06-09,1016960.35,0.55,0.35,0.1,0.557,0.343,0.1,0.7,52.4,-0.2066,-0.0054,7.2
PS1034,C0058,2025-07-09,1021645.36,0.55,0.35,0.1,0.557,0.343,0.1,0.7,71.2,0.0585,-0.0355,7.2
PS1035,C0058,2025-08-08,1018738.83,0.55,0.35,0.1,0.555,0.345,0.1,0.5,64.4,-0.0207,0.0218,7.2
PS1036,C0058,2025-09-07,1024124.78,0.55,0.35,0.1,0.512,0.388,0.1,3.8,66.0,0.1709,-0.033,7.2
PS1037,C0058,2025-10-07,1066258.22,0.55,0.35,0.1,0.537,0.363,0.1,1.3,68.5,-0.0443,-0.0371,7.2
PS1038,C0058,2025-11-06,1095459.47,0.55,0.35,0.1,0.609,0.291,0.1,5.9,62.1,0.0278,0.0344,7.2
PS1039,C0058,2025-12-06,1068418.2,0.55,0.35,0.1,0.586,0.314,0.1,3.6,75.0,0.1035,0.0083,7.2
PS1040,C0058,2026-01-05,1088148.7,0.55,0.35,0.1,0.484,0.416,0.1,6.6,73.0,0.0737,-0.0047,7.2
PS1041,C0058,2026-02-04,1094337.61,0.55,0.35,0.1,0.535,0.365,0.1,1.5,62.7,0.0169,0.0132,7.2
PS1042,C0058,2026-03-06,1049253.75,0.55,0.35,0.1,0.554,0.346,0.1,0.4,67.4,0.0694,-0.0019,7.2
PS1043,C0058,2026-04-05,1029537.72,0.55,0.35,0.1,0.555,0.345,0.1,0.5,74.0,0.0554,0.0157,7.2
PS1044,C0058,2026-05-05,1021635.32,0.55,0.35,0.1,0.553,0.347,0.1,0.3,68.8,0.0939,-0.02,7.2
PS1045,C0059,2024-12-11,734002.66,0.55,0.35,0.1,0.614,0.286,0.1,6.4,46.4,0.0836,-0.0471,7.3
PS1046,C0059,2025-01-10,782923.42,0.55,0.35,0.1,0.527,0.373,0.1,2.3,47.8,-0.0217,0.0001,7.3
PS1047,C0059,2025-02-09,822927.26,0.55,0.35,0.1,0.55,0.35,0.1,0.0,57.4,-0.0541,-0.0167,7.3
PS1048,C0059,2025-03-11,831178.43,0.55,0.35,0.1,0.706,0.194,0.1,15.6,57.4,0.0678,-0.0043,7.3
PS1049,C0059,2025-04-10,869257.35,0.55,0.35,0.1,0.477,0.423,0.1,7.3,60.4,-0.0977,0.0268,7.3
PS1050,C0059,2025-05-10,900445.92,0.55,0.35,0.1,0.641,0.259,0.1,9.1,57.7,0.081,-0.0049,7.3
PS1051,C0059,2025-06-09,871019.68,0.55,0.35,0.1,0.461,0.439,0.1,8.9,60.4,0.0384,0.0095,7.3
PS1052,C0059,2025-07-09,917229.53,0.55,0.35,0.1,0.597,0.303,0.1,4.7,64.2,-0.0286,0.0242,7.3
PS1053,C0059,2025-08-08,922009.48,0.55,0.35,0.1,0.722,0.178,0.1,17.2,67.9,0.155,0.0124,7.3
PS1054,C0059,2025-09-07,928314.5,0.55,0.35,0.1,0.519,0.381,0.1,3.1,61.9,0.1219,0.0231,7.3
PS1055,C0059,2025-10-07,988897.37,0.55,0.35,0.1,0.393,0.507,0.1,15.7,61.2,0.0282,-0.0223,7.3
PS1056,C0059,2025-11-06,1005962.54,0.55,0.35,0.1,0.444,0.456,0.1,10.6,61.6,0.0757,-0.0145,7.3
PS1057,C0059,2025-12-06,920795.92,0.55,0.35,0.1,0.504,0.396,0.1,4.6,77.5,-0.0244,-0.0252,7.3
PS1058,C0059,2026-01-05,891352.49,0.55,0.35,0.1,0.593,0.307,0.1,4.3,61.8,0.1162,-0.005,7.3
PS1059,C0059,2026-02-04,943326.22,0.55,0.35,0.1,0.588,0.312,0.1,3.8,68.9,0.135,-0.0017,7.3
PS1060,C0059,2026-03-06,971411.13,0.55,0.35,0.1,0.569,0.331,0.1,1.9,63.1,0.0781,-0.0251,7.3
PS1061,C0059,2026-04-05,1020045.91,0.55,0.35,0.1,0.491,0.409,0.1,5.9,70.7,0.0714,0.0332,7.3
PS1062,C0059,2026-05-05,984652.21,0.55,0.35,0.1,0.542,0.358,0.1,0.8,68.5,0.008,0.0012,7.3
PS1063,C0060,2024-12-11,254167.07,0.55,0.35,0.1,0.552,0.348,0.1,0.2,51.9,-0.0093,0.013,1.7
PS1064,C0060,2025-01-10,269409.43,0.55,0.35,0.1,0.641,0.259,0.1,9.1,52.1,-0.1117,-0.0096,1.7
PS1065,C0060,2025-02-09,276373.68,0.55,0.35,0.1,0.556,0.344,0.1,0.6,57.4,-0.0373,0.044,1.7
PS1066,C0060,2025-03-11,274564.99,0.55,0.35,0.1,0.55,0.35,0.1,0.0,63.6,0.0422,0.0155,1.7
PS1067,C0060,2025-04-10,283867.82,0.55,0.35,0.1,0.624,0.276,0.1,7.4,54.4,0.1704,-0.0169,1.7
PS1068,C0060,2025-05-10,281316.75,0.55,0.35,0.1,0.398,0.502,0.1,15.2,56.9,0.0012,0.0159,1.7
PS1069,C0060,2025-06-09,289960.26,0.55,0.35,0.1,0.568,0.332,0.1,1.8,67.7,0.0241,0.0324,1.7
PS1070,C0060,2025-07-09,296703.35,0.55,0.35,0.1,0.569,0.331,0.1,1.9,55.7,0.0489,-0.0003,1.7
PS1071,C0060,2025-08-08,303250.93,0.55,0.35,0.1,0.653,0.247,0.1,10.3,60.7,-0.0257,-0.0171,1.7
PS1072,C0060,2025-09-07,305795.87,0.55,0.35,0.1,0.548,0.352,0.1,0.2,68.3,-0.0532,0.0168,1.7
PS1073,C0060,2025-10-07,325872.51,0.55,0.35,0.1,0.531,0.369,0.1,1.9,61.7,0.1727,0.0126,1.7
PS1074,C0060,2025-11-06,332005.22,0.55,0.35,0.1,0.627,0.273,0.1,7.7,65.6,0.0733,0.0243,1.7
PS1075,C0060,2025-12-06,326316.9,0.55,0.35,0.1,0.496,0.404,0.1,5.4,69.5,0.0303,0.0281,1.7
PS1076,C0060,2026-01-05,318632.9,0.55,0.35,0.1,0.607,0.293,0.1,5.7,66.6,-0.0539,-0.0153,1.7
PS1077,C0060,2026-02-04,304186.88,0.55,0.35,0.1,0.537,0.363,0.1,1.3,66.1,0.1462,0.0033,1.7
PS1078,C0060,2026-03-06,291249.94,0.55,0.35,0.1,0.538,0.362,0.1,1.2,77.4,0.1243,0.011,1.7
PS1079,C0060,2026-04-05,293099.85,0.55,0.35,0.1,0.603,0.297,0.1,5.3,76.0,-0.1258,0.0419,1.7
PS1080,C0060,2026-05-05,293105.79,0.55,0.35,0.1,0.53,0.37,0.1,2.0,76.2,0.0855,0.0013,1.7
PS1081,C0061,2024-12-11,3156242.88,0.3,0.5,0.2,0.282,0.518,0.2,1.8,46.1,-0.0087,0.0245,1.1
PS1082,C0061,2025-01-10,3063672.95,0.3,0.5,0.2,0.262,0.538,0.2,3.8,53.4,0.1863,0.0416,1.1
PS1083,C0061,2025-02-09,2962024.76,0.3,0.5,0.2,0.191,0.609,0.2,10.9,42.9,-0.0947,0.0176,1.1
PS1084,C0061,2025-03-11,2912776.29,0.3,0.5,0.2,0.346,0.454,0.2,4.6,52.1,0.0895,0.0075,1.1
PS1085,C0061,2025-04-10,2866677.35,0.3,0.5,0.2,0.339,0.461,0.2,3.9,56.4,0.0815,-0.0149,1.1
PS1086,C0061,2025-05-10,2813899.52,0.3,0.5,0.2,0.158,0.642,0.2,14.2,56.4,0.0729,-0.0089,1.1
PS1087,C0061,2025-06-09,2645212.56,0.3,0.5,0.2,0.286,0.514,0.2,1.4,51.5,0.0597,-0.0251,1.1
PS1088,C0061,2025-07-09,2704203.19,0.3,0.5,0.2,0.306,0.494,0.2,0.6,65.4,0.2661,0.0333,1.1
PS1089,C0061,2025-08-08,2676261.87,0.3,0.5,0.2,0.298,0.502,0.2,0.2,64.4,0.1297,0.0272,1.1
PS1090,C0061,2025-09-07,2698024.05,0.3,0.5,0.2,0.366,0.434,0.2,6.6,65.5,0.02,0.0034,1.1
PS1091,C0061,2025-10-07,2585241.83,0.3,0.5,0.2,0.241,0.559,0.2,5.9,60.3,0.0023,0.0627,1.1
PS1092,C0061,2025-11-06,2649624.19,0.3,0.5,0.2,0.315,0.485,0.2,1.5,65.0,0.2089,-0.016,1.1
PS1093,C0061,2025-12-06,2822157.16,0.3,0.5,0.2,0.363,0.437,0.2,6.3,63.8,-0.0174,0.0085,1.1
PS1094,C0061,2026-01-05,2692392.4,0.3,0.5,0.2,0.224,0.576,0.2,7.6,72.1,0.0995,-0.0076,1.1
PS1095,C0061,2026-02-04,2752334.77,0.3,0.5,0.2,0.357,0.443,0.2,5.7,73.6,0.0257,0.0085,1.1
PS1096,C0061,2026-03-06,2749394.33,0.3,0.5,0.2,0.326,0.474,0.2,2.6,71.7,0.1123,-0.0236,1.1
PS1097,C0061,2026-04-05,2775825.35,0.3,0.5,0.2,0.25,0.55,0.2,5.0,78.0,0.0943,-0.0294,1.1
PS1098,C0061,2026-05-05,2693284.98,0.3,0.5,0.2,0.378,0.422,0.2,7.8,74.6,0.1625,-0.0228,1.1
PS1099,C0062,2024-12-11,416558.76,0.3,0.5,0.2,0.243,0.557,0.2,5.7,47.0,0.0745,-0.0275,2.9
PS1100,C0062,2025-01-10,424774.85,0.3,0.5,0.2,0.278,0.522,0.2,2.2,47.7,0.1577,0.0325,2.9
PS1101,C0062,2025-02-09,418685.35,0.3,0.5,0.2,0.235,0.565,0.2,6.5,47.6,0.1077,0.0596,2.9
PS1102,C0062,2025-03-11,407164.99,0.3,0.5,0.2,0.29,0.51,0.2,1.0,51.2,0.0918,0.0322,2.9
PS1103,C0062,2025-04-10,424341.42,0.3,0.5,0.2,0.264,0.536,0.2,3.6,58.6,0.1141,-0.0236,2.9
PS1104,C0062,2025-05-10,409402.28,0.3,0.5,0.2,0.341,0.459,0.2,4.1,51.8,0.0439,-0.0236,2.9
PS1105,C0062,2025-06-09,420366.57,0.3,0.5,0.2,0.431,0.369,0.2,13.1,64.9,-0.0024,0.0005,2.9
PS1106,C0062,2025-07-09,401855.55,0.3,0.5,0.2,0.25,0.55,0.2,5.0,54.6,-0.0227,0.0098,2.9
PS1107,C0062,2025-08-08,393684.32,0.3,0.5,0.2,0.288,0.512,0.2,1.2,67.4,0.0988,0.0211,2.9
PS1108,C0062,2025-09-07,391679.78,0.3,0.5,0.2,0.271,0.529,0.2,2.9,69.7,0.0973,0.0043,2.9
PS1109,C0062,2025-10-07,419715.15,0.3,0.5,0.2,0.335,0.465,0.2,3.5,69.9,-0.1606,0.0239,2.9
PS1110,C0062,2025-11-06,429889.47,0.3,0.5,0.2,0.332,0.468,0.2,3.2,71.0,0.0223,0.0323,2.9
PS1111,C0062,2025-12-06,433220.92,0.3,0.5,0.2,0.338,0.462,0.2,3.8,73.6,0.0662,0.0306,2.9
PS1112,C0062,2026-01-05,455576.6,0.3,0.5,0.2,0.326,0.474,0.2,2.6,69.1,0.0411,-0.0089,2.9
PS1113,C0062,2026-02-04,445742.93,0.3,0.5,0.2,0.234,0.566,0.2,6.6,71.2,0.0311,0.0142,2.9
PS1114,C0062,2026-03-06,427699.96,0.3,0.5,0.2,0.341,0.459,0.2,4.1,76.1,-0.0372,0.0152,2.9
PS1115,C0062,2026-04-05,441968.68,0.3,0.5,0.2,0.235,0.565,0.2,6.5,72.9,0.0305,-0.0149,2.9
PS1116,C0062,2026-05-05,437717.55,0.3,0.5,0.2,0.354,0.446,0.2,5.4,87.4,0.1793,0.0066,2.9
PS1117,C0063,2024-12-11,84418.37,0.75,0.2,0.05,0.7,0.25,0.05,5.0,52.9,0.0401,-0.0435,8.5
PS1118,C0063,2025-01-10,82376.2,0.75,0.2,0.05,0.782,0.168,0.05,3.2,53.9,-0.0757,-0.0295,8.5
PS1119,C0063,2025-02-09,86065.03,0.75,0.2,0.05,0.756,0.194,0.05,0.6,53.5,0.1447,0.04,8.5
PS1120,C0063,2025-03-11,89718.67,0.75,0.2,0.05,0.684,0.266,0.05,6.6,52.3,0.1587,-0.0145,8.5
PS1121,C0063,2025-04-10,91983.09,0.75,0.2,0.05,0.715,0.235,0.05,3.5,50.2,0.123,0.0091,8.5
PS1122,C0063,2025-05-10,90529.5,0.75,0.2,0.05,0.779,0.171,0.05,2.9,62.8,-0.1347,-0.0071,8.5
PS1123,C0063,2025-06-09,88964.61,0.75,0.2,0.05,0.691,0.259,0.05,5.9,64.4,0.1383,0.0526,8.5
PS1124,C0063,2025-07-09,86013.12,0.75,0.2,0.05,0.845,0.105,0.05,9.5,65.0,-0.0284,0.0495,8.5
PS1125,C0063,2025-08-08,82461.8,0.75,0.2,0.05,0.754,0.196,0.05,0.4,62.6,0.0814,-0.0273,8.5
PS1126,C0063,2025-09-07,84151.26,0.75,0.2,0.05,0.7,0.25,0.05,5.0,61.7,0.1145,-0.0137,8.5
PS1127,C0063,2025-10-07,87495.85,0.75,0.2,0.05,0.809,0.141,0.05,5.9,60.4,0.1524,-0.0099,8.5
PS1128,C0063,2025-11-06,89432.51,0.75,0.2,0.05,0.723,0.227,0.05,2.7,69.3,0.1052,0.0552,8.5
PS1129,C0063,2025-12-06,87910.93,0.75,0.2,0.05,0.713,0.237,0.05,3.7,71.0,-0.002,0.0388,8.5
PS1130,C0063,2026-01-05,87856.1,0.75,0.2,0.05,0.718,0.232,0.05,3.2,55.9,0.0313,0.043,8.5
PS1131,C0063,2026-02-04,91484.36,0.75,0.2,0.05,0.859,0.091,0.05,10.9,72.1,0.0742,-0.0119,8.5
PS1132,C0063,2026-03-06,93664.32,0.75,0.2,0.05,0.694,0.256,0.05,5.6,73.3,0.0459,-0.0133,8.5
PS1133,C0063,2026-04-05,93425.11,0.75,0.2,0.05,0.724,0.226,0.05,2.6,78.5,0.1943,0.0304,8.5
PS1134,C0063,2026-05-05,92380.12,0.75,0.2,0.05,0.609,0.341,0.05,14.1,80.4,0.0821,0.0209,8.5
PS1135,C0064,2024-12-11,13324803.41,0.9,0.08,0.02,0.879,0.101,0.02,2.1,49.6,0.1455,-0.0191,10
PS1136,C0064,2025-01-10,13116310.32,0.9,0.08,0.02,0.944,0.036,0.02,4.4,53.2,0.1653,-0.0299,10
PS1137,C0064,2025-02-09,13506779.21,0.9,0.08,0.02,0.939,0.041,0.02,3.9,50.6,0.1367,0.0313,10
PS1138,C0064,2025-03-11,14328403.57,0.9,0.08,0.02,0.862,0.118,0.02,3.8,54.1,-0.0271,-0.0071,10
PS1139,C0064,2025-04-10,13935820.15,0.9,0.08,0.02,0.906,0.074,0.02,0.6,57.5,0.0285,-0.0237,10
PS1140,C0064,2025-05-10,13192032.98,0.9,0.08,0.02,0.976,0.004,0.02,7.6,64.1,-0.1456,-0.0195,10
PS1141,C0064,2025-06-09,13988699.86,0.9,0.08,0.02,0.897,0.083,0.02,0.3,62.1,0.2191,0.0565,10
PS1142,C0064,2025-07-09,13820687.75,0.9,0.08,0.02,0.955,0.025,0.02,5.5,45.4,0.0603,0.0413,10
PS1143,C0064,2025-08-08,14317261.04,0.9,0.08,0.02,0.855,0.125,0.02,4.5,43.6,0.1414,-0.0004,10
PS1144,C0064,2025-09-07,14305875.8,0.9,0.08,0.02,0.88,0.1,0.02,2.0,64.4,-0.0332,0.0034,10
PS1145,C0064,2025-10-07,14604608.8,0.9,0.08,0.02,0.864,0.116,0.02,3.6,61.8,0.0237,-0.0244,10
PS1146,C0064,2025-11-06,15438626.39,0.9,0.08,0.02,0.917,0.063,0.02,1.7,66.9,-0.0642,-0.0029,10
PS1147,C0064,2025-12-06,15923923.41,0.9,0.08,0.02,0.906,0.074,0.02,0.6,66.0,0.0409,0.0081,10
PS1148,C0064,2026-01-05,15607292.09,0.9,0.08,0.02,0.946,0.034,0.02,4.6,63.3,-0.0433,-0.0145,10
PS1149,C0064,2026-02-04,16295865.87,0.9,0.08,0.02,0.887,0.093,0.02,1.3,76.3,0.0553,0.0061,10
PS1150,C0064,2026-03-06,16911796.08,0.9,0.08,0.02,0.85,0.13,0.02,5.0,67.8,0.2487,-0.0106,10
PS1151,C0064,2026-04-05,16758574.22,0.9,0.08,0.02,0.979,0.001,0.02,7.9,68.7,0.0317,-0.0127,10
PS1152,C0064,2026-05-05,17632102.28,0.9,0.08,0.02,0.908,0.072,0.02,0.8,77.0,-0.0725,0.013,10
PS1153,C0065,2024-12-11,3193207.52,0.75,0.2,0.05,0.733,0.217,0.05,1.7,49.4,-0.0005,-0.0019,8.4
PS1154,C0065,2025-01-10,3287170.47,0.75,0.2,0.05,0.787,0.163,0.05,3.7,43.0,-0.0215,0.0063,8.4
PS1155,C0065,2025-02-09,3398296.92,0.75,0.2,0.05,0.76,0.19,0.05,1.0,46.0,0.0538,-0.0097,8.4
PS1156,C0065,2025-03-11,3398195.68,0.75,0.2,0.05,0.741,0.209,0.05,0.9,50.9,-0.0694,-0.0105,8.4
PS1157,C0065,2025-04-10,3499594.54,0.75,0.2,0.05,0.919,0.031,0.05,16.9,49.2,0.1067,-0.0087,8.4
PS1158,C0065,2025-05-10,3399916.56,0.75,0.2,0.05,0.749,0.201,0.05,0.1,56.9,-0.031,-0.012,8.4
PS1159,C0065,2025-06-09,3209786.82,0.75,0.2,0.05,0.72,0.23,0.05,3.0,52.8,0.0602,0.0109,8.4
PS1160,C0065,2025-07-09,3210113.95,0.75,0.2,0.05,0.728,0.222,0.05,2.2,61.0,-0.0454,-0.0108,8.4
PS1161,C0065,2025-08-08,3215499.05,0.75,0.2,0.05,0.854,0.096,0.05,10.4,53.9,0.0103,-0.0241,8.4
PS1162,C0065,2025-09-07,3054806.61,0.75,0.2,0.05,0.761,0.189,0.05,1.1,58.7,-0.0038,0.0539,8.4
PS1163,C0065,2025-10-07,3089086.84,0.75,0.2,0.05,0.678,0.272,0.05,7.2,62.6,-0.0174,-0.0195,8.4
PS1164,C0065,2025-11-06,3121536.8,0.75,0.2,0.05,0.677,0.273,0.05,7.3,66.8,-0.0585,-0.0006,8.4
PS1165,C0065,2025-12-06,2935140.7,0.75,0.2,0.05,0.749,0.201,0.05,0.1,63.4,0.0936,0.0233,8.4
PS1166,C0065,2026-01-05,2949462.85,0.75,0.2,0.05,0.836,0.114,0.05,8.6,78.3,-0.0523,-0.051,8.4
PS1167,C0065,2026-02-04,3046300.21,0.75,0.2,0.05,0.725,0.225,0.05,2.5,65.4,-0.0925,-0.0009,8.4
PS1168,C0065,2026-03-06,3197128.3,0.75,0.2,0.05,0.776,0.174,0.05,2.6,71.8,0.0368,-0.0334,8.4
PS1169,C0065,2026-04-05,3481723.92,0.75,0.2,0.05,0.735,0.215,0.05,1.5,73.2,0.0834,-0.027,8.4
PS1170,C0065,2026-05-05,3632566.68,0.75,0.2,0.05,0.731,0.219,0.05,1.9,75.8,0.0709,-0.0106,8.4
PS1171,C0066,2024-12-11,1011884.3,0.55,0.35,0.1,0.483,0.417,0.1,6.7,48.8,0.0728,0.0191,4.1
PS1172,C0066,2025-01-10,1047516.97,0.55,0.35,0.1,0.482,0.418,0.1,6.8,55.4,-0.069,0.0334,4.1
PS1173,C0066,2025-02-09,1057219.33,0.55,0.35,0.1,0.602,0.298,0.1,5.2,48.1,0.1528,-0.0147,4.1
PS1174,C0066,2025-03-11,1063555.94,0.55,0.35,0.1,0.552,0.348,0.1,0.2,58.0,0.1771,0.0063,4.1
PS1175,C0066,2025-04-10,1026891.99,0.55,0.35,0.1,0.589,0.311,0.1,3.9,62.8,0.0445,-0.0295,4.1
PS1176,C0066,2025-05-10,976717.32,0.55,0.35,0.1,0.45,0.45,0.1,10.0,63.7,0.1116,0.0307,4.1
PS1177,C0066,2025-06-09,978565.84,0.55,0.35,0.1,0.61,0.29,0.1,6.0,61.8,-0.0491,0.0073,4.1
PS1178,C0066,2025-07-09,963310.64,0.55,0.35,0.1,0.497,0.403,0.1,5.3,50.5,0.2329,-0.0033,4.1
PS1179,C0066,2025-08-08,928369.39,0.55,0.35,0.1,0.622,0.278,0.1,7.2,66.7,0.0631,0.0052,4.1
PS1180,C0066,2025-09-07,932815.92,0.55,0.35,0.1,0.574,0.326,0.1,2.4,65.4,0.1196,0.0633,4.1
PS1181,C0066,2025-10-07,933224.04,0.55,0.35,0.1,0.411,0.489,0.1,13.9,69.5,0.1737,0.0223,4.1
PS1182,C0066,2025-11-06,975523.6,0.55,0.35,0.1,0.484,0.416,0.1,6.6,66.8,0.0765,-0.0274,4.1
PS1183,C0066,2025-12-06,1024115.83,0.55,0.35,0.1,0.621,0.279,0.1,7.1,75.9,0.1314,0.0215,4.1
PS1184,C0066,2026-01-05,1046699.79,0.55,0.35,0.1,0.436,0.464,0.1,11.4,63.5,0.1436,0.0332,4.1
PS1185,C0066,2026-02-04,1049198.75,0.55,0.35,0.1,0.532,0.368,0.1,1.8,71.4,0.1366,0.0153,4.1
PS1186,C0066,2026-03-06,1029086.62,0.55,0.35,0.1,0.495,0.405,0.1,5.5,62.3,0.0255,0.0148,4.1
PS1187,C0066,2026-04-05,1059040.96,0.55,0.35,0.1,0.534,0.366,0.1,1.6,73.6,0.1131,0.034,4.1
PS1188,C0066,2026-05-05,1036818.97,0.55,0.35,0.1,0.551,0.349,0.1,0.1,74.4,-0.0605,-0.0342,4.1
PS1189,C0067,2024-12-11,699749.12,0.3,0.5,0.2,0.295,0.505,0.2,0.5,46.0,0.0489,-0.0261,4.0
PS1190,C0067,2025-01-10,675705.09,0.3,0.5,0.2,0.227,0.573,0.2,7.3,42.8,-0.0367,0.0111,4.0
PS1191,C0067,2025-02-09,663895.25,0.3,0.5,0.2,0.216,0.584,0.2,8.4,45.7,-0.0342,-0.0259,4.0
PS1192,C0067,2025-03-11,702857.31,0.3,0.5,0.2,0.349,0.451,0.2,4.9,55.0,0.0408,-0.0251,4.0
PS1193,C0067,2025-04-10,690052.39,0.3,0.5,0.2,0.384,0.416,0.2,8.4,49.5,0.0458,-0.0545,4.0
PS1194,C0067,2025-05-10,664604.01,0.3,0.5,0.2,0.286,0.514,0.2,1.4,56.1,0.1065,0.0073,4.0
PS1195,C0067,2025-06-09,669178.36,0.3,0.5,0.2,0.283,0.517,0.2,1.7,62.2,0.0678,0.0011,4.0
PS1196,C0067,2025-07-09,650781.12,0.3,0.5,0.2,0.349,0.451,0.2,4.9,62.8,-0.0962,0.0195,4.0
PS1197,C0067,2025-08-08,654863.26,0.3,0.5,0.2,0.235,0.565,0.2,6.5,60.4,0.0495,0.028,4.0
PS1198,C0067,2025-09-07,673946.74,0.3,0.5,0.2,0.204,0.596,0.2,9.6,66.5,-0.078,0.0272,4.0
PS1199,C0067,2025-10-07,691190.16,0.3,0.5,0.2,0.354,0.446,0.2,5.4,64.2,-0.0904,0.0133,4.0
PS1200,C0067,2025-11-06,709992.47,0.3,0.5,0.2,0.377,0.423,0.2,7.7,69.7,0.1912,-0.0058,4.0
PS1201,C0067,2025-12-06,713781.54,0.3,0.5,0.2,0.288,0.512,0.2,1.2,65.1,0.1721,-0.0052,4.0
PS1202,C0067,2026-01-05,738855.75,0.3,0.5,0.2,0.356,0.444,0.2,5.6,71.2,-0.0751,0.002,4.0
PS1203,C0067,2026-02-04,803374.06,0.3,0.5,0.2,0.347,0.453,0.2,4.7,65.1,-0.0647,-0.0034,4.0
PS1204,C0067,2026-03-06,795010.57,0.3,0.5,0.2,0.42,0.38,0.2,12.0,79.2,0.1409,-0.0162,4.0
PS1205,C0067,2026-04-05,799466.34,0.3,0.5,0.2,0.287,0.513,0.2,1.3,70.5,0.1752,0.0006,4.0
PS1206,C0067,2026-05-05,815671.6,0.3,0.5,0.2,0.434,0.366,0.2,13.4,77.7,0.0786,0.0249,4.0
PS1207,C0068,2024-12-11,596357.86,0.55,0.35,0.1,0.611,0.289,0.1,6.1,54.0,0.2073,-0.0058,3.2
PS1208,C0068,2025-01-10,654837.82,0.55,0.35,0.1,0.386,0.514,0.1,16.4,62.4,0.0264,0.0206,3.2
PS1209,C0068,2025-02-09,673709.49,0.55,0.35,0.1,0.487,0.413,0.1,6.3,50.6,0.0645,0.0076,3.2
PS1210,C0068,2025-03-11,682895.83,0.55,0.35,0.1,0.41,0.49,0.1,14.0,49.2,0.0411,-0.0308,3.2
PS1211,C0068,2025-04-10,706019.41,0.55,0.35,0.1,0.567,0.333,0.1,1.7,59.9,-0.0092,0.0326,3.2
PS1212,C0068,2025-05-10,698614.85,0.55,0.35,0.1,0.48,0.42,0.1,7.0,59.5,0.1387,0.0277,3.2
PS1213,C0068,2025-06-09,699580.92,0.55,0.35,0.1,0.523,0.377,0.1,2.7,63.9,-0.0924,-0.0063,3.2
PS1214,C0068,2025-07-09,685642.63,0.55,0.35,0.1,0.496,0.404,0.1,5.4,61.8,0.0026,0.0166,3.2
PS1215,C0068,2025-08-08,669378.99,0.55,0.35,0.1,0.648,0.252,0.1,9.8,68.9,0.0625,0.0196,3.2
PS1216,C0068,2025-09-07,664663.16,0.55,0.35,0.1,0.51,0.39,0.1,4.0,63.4,0.0353,0.0012,3.2
PS1217,C0068,2025-10-07,705838.58,0.55,0.35,0.1,0.591,0.309,0.1,4.1,61.8,-0.0066,-0.0352,3.2
PS1218,C0068,2025-11-06,718628.55,0.55,0.35,0.1,0.602,0.298,0.1,5.2,57.7,-0.0782,0.0002,3.2
PS1219,C0068,2025-12-06,687742.75,0.55,0.35,0.1,0.543,0.357,0.1,0.7,71.5,-0.0377,0.0073,3.2
PS1220,C0068,2026-01-05,675173.81,0.55,0.35,0.1,0.619,0.281,0.1,6.9,68.1,-0.0173,0.0384,3.2
PS1221,C0068,2026-02-04,672064.77,0.55,0.35,0.1,0.575,0.325,0.1,2.5,63.7,0.0723,0.048,3.2
PS1222,C0068,2026-03-06,677618.29,0.55,0.35,0.1,0.576,0.324,0.1,2.6,85.7,-0.0543,0.0203,3.2
PS1223,C0068,2026-04-05,648788.12,0.55,0.35,0.1,0.463,0.437,0.1,8.7,69.3,0.1066,0.0424,3.2
PS1224,C0068,2026-05-05,632734.1,0.55,0.35,0.1,0.547,0.353,0.1,0.3,69.6,0.1257,0.0092,3.2
PS1225,C0069,2024-12-11,110191.86,0.3,0.5,0.2,0.377,0.423,0.2,7.7,48.8,0.0351,0.0134,3.0
PS1226,C0069,2025-01-10,107868.28,0.3,0.5,0.2,0.306,0.494,0.2,0.6,50.5,0.1574,-0.0134,3.0
PS1227,C0069,2025-02-09,110343.45,0.3,0.5,0.2,0.209,0.591,0.2,9.1,51.7,-0.0505,0.0174,3.0
PS1228,C0069,2025-03-11,111399.87,0.3,0.5,0.2,0.165,0.635,0.2,13.5,50.3,0.0604,0.0017,3.0
PS1229,C0069,2025-04-10,110415.46,0.3,0.5,0.2,0.353,0.447,0.2,5.3,58.3,0.0841,-0.0226,3.0
PS1230,C0069,2025-05-10,110880.8,0.3,0.5,0.2,0.288,0.512,0.2,1.2,56.5,0.121,-0.0084,3.0
PS1231,C0069,2025-06-09,109982.24,0.3,0.5,0.2,0.266,0.534,0.2,3.4,61.3,0.0375,0.0042,3.0
PS1232,C0069,2025-07-09,109587.35,0.3,0.5,0.2,0.216,0.584,0.2,8.4,66.4,0.1278,-0.026,3.0
PS1233,C0069,2025-08-08,108356.86,0.3,0.5,0.2,0.352,0.448,0.2,5.2,60.4,-0.0067,0.0237,3.0
PS1234,C0069,2025-09-07,111244.01,0.3,0.5,0.2,0.324,0.476,0.2,2.4,62.3,0.0857,-0.0244,3.0
PS1235,C0069,2025-10-07,103520.32,0.3,0.5,0.2,0.238,0.562,0.2,6.2,62.9,0.0566,0.0079,3.0
PS1236,C0069,2025-11-06,105628.07,0.3,0.5,0.2,0.22,0.58,0.2,8.0,65.5,0.2908,-0.0303,3.0
PS1237,C0069,2025-12-06,108910.61,0.3,0.5,0.2,0.281,0.519,0.2,1.9,65.9,0.1005,-0.016,3.0
PS1238,C0069,2026-01-05,112265.62,0.3,0.5,0.2,0.436,0.364,0.2,13.6,66.8,0.0812,-0.0046,3.0
PS1239,C0069,2026-02-04,113161.38,0.3,0.5,0.2,0.346,0.454,0.2,4.6,73.9,0.0087,-0.0102,3.0
PS1240,C0069,2026-03-06,113551.59,0.3,0.5,0.2,0.234,0.566,0.2,6.6,73.6,0.0558,0.0142,3.0
PS1241,C0069,2026-04-05,110213.75,0.3,0.5,0.2,0.339,0.461,0.2,3.9,66.8,-0.0281,0.0075,3.0
PS1242,C0069,2026-05-05,106327.05,0.3,0.5,0.2,0.316,0.484,0.2,1.6,76.6,0.1722,0.0252,3.0
PS1243,C0070,2024-12-11,1916898.94,0.55,0.35,0.1,0.621,0.279,0.1,7.1,51.8,0.091,0.0372,2.3
PS1244,C0070,2025-01-10,1835961.25,0.55,0.35,0.1,0.572,0.328,0.1,2.2,55.7,0.0185,-0.0092,2.3
PS1245,C0070,2025-02-09,2001877.01,0.55,0.35,0.1,0.547,0.353,0.1,0.3,46.8,0.1372,-0.0215,2.3
PS1246,C0070,2025-03-11,2106499.24,0.55,0.35,0.1,0.475,0.425,0.1,7.5,58.6,0.1077,0.0154,2.3
PS1247,C0070,2025-04-10,2063274.7,0.55,0.35,0.1,0.587,0.313,0.1,3.7,58.4,-0.0096,-0.0209,2.3
PS1248,C0070,2025-05-10,2157065.08,0.55,0.35,0.1,0.495,0.405,0.1,5.5,54.9,-0.0241,0.0112,2.3
PS1249,C0070,2025-06-09,2276433.41,0.55,0.35,0.1,0.56,0.34,0.1,1.0,57.2,0.0999,-0.0212,2.3
PS1250,C0070,2025-07-09,2180987.13,0.55,0.35,0.1,0.433,0.467,0.1,11.7,56.5,0.0469,0.0441,2.3
PS1251,C0070,2025-08-08,2181452.68,0.55,0.35,0.1,0.535,0.365,0.1,1.5,59.6,0.2045,0.0282,2.3
PS1252,C0070,2025-09-07,2311614.89,0.55,0.35,0.1,0.538,0.362,0.1,1.2,59.1,0.1174,-0.0196,2.3
PS1253,C0070,2025-10-07,2454531.52,0.55,0.35,0.1,0.641,0.259,0.1,9.1,59.4,0.0277,-0.0135,2.3
PS1254,C0070,2025-11-06,2281293.32,0.55,0.35,0.1,0.54,0.36,0.1,1.0,72.6,0.0636,0.0017,2.3
PS1255,C0070,2025-12-06,2278880.8,0.55,0.35,0.1,0.59,0.31,0.1,4.0,58.3,0.1119,0.0357,2.3
PS1256,C0070,2026-01-05,2332795.87,0.55,0.35,0.1,0.586,0.314,0.1,3.6,62.8,-0.0283,-0.0141,2.3
PS1257,C0070,2026-02-04,2467418.13,0.55,0.35,0.1,0.64,0.26,0.1,9.0,72.6,-0.0044,0.0092,2.3
PS1258,C0070,2026-03-06,2544854.81,0.55,0.35,0.1,0.506,0.394,0.1,4.4,60.3,-0.0156,-0.0518,2.3
PS1259,C0070,2026-04-05,2528501.25,0.55,0.35,0.1,0.541,0.359,0.1,0.9,84.2,-0.1592,0.0419,2.3
PS1260,C0070,2026-05-05,2557651.79,0.55,0.35,0.1,0.553,0.347,0.1,0.3,71.4,0.1302,-0.0012,2.3
PS1261,C0071,2024-12-11,202068.17,0.75,0.2,0.05,0.825,0.125,0.05,7.5,49.0,0.1153,0.0058,6.0
PS1262,C0071,2025-01-10,219493.14,0.75,0.2,0.05,0.75,0.2,0.05,0.0,45.4,0.0312,-0.0193,6.0
PS1263,C0071,2025-02-09,226439.27,0.75,0.2,0.05,0.785,0.165,0.05,3.5,53.4,0.1825,0.0183,6.0
PS1264,C0071,2025-03-11,230976.73,0.75,0.2,0.05,0.811,0.139,0.05,6.1,60.7,0.0456,0.0262,6.0
PS1265,C0071,2025-04-10,227354.83,0.75,0.2,0.05,0.761,0.189,0.05,1.1,44.2,0.1297,-0.0189,6.0
PS1266,C0071,2025-05-10,220418.18,0.75,0.2,0.05,0.81,0.14,0.05,6.0,60.5,0.0962,-0.035,6.0
PS1267,C0071,2025-06-09,239096.98,0.75,0.2,0.05,0.822,0.128,0.05,7.2,61.7,-0.0888,0.0211,6.0
PS1268,C0071,2025-07-09,238649.77,0.75,0.2,0.05,0.778,0.172,0.05,2.8,58.3,0.022,0.0196,6.0
PS1269,C0071,2025-08-08,229972.9,0.75,0.2,0.05,0.669,0.281,0.05,8.1,52.6,0.0757,0.0354,6.0
PS1270,C0071,2025-09-07,235468.14,0.75,0.2,0.05,0.791,0.159,0.05,4.1,62.1,-0.0212,-0.035,6.0
PS1271,C0071,2025-10-07,231714.94,0.75,0.2,0.05,0.701,0.249,0.05,4.9,60.3,-0.0006,-0.0105,6.0
PS1272,C0071,2025-11-06,242551.82,0.75,0.2,0.05,0.793,0.157,0.05,4.3,70.9,0.0273,0.0223,6.0
PS1273,C0071,2025-12-06,235841.86,0.75,0.2,0.05,0.9,0.05,0.05,15.0,71.6,0.0458,0.0413,6.0
PS1274,C0071,2026-01-05,228147.58,0.75,0.2,0.05,0.838,0.112,0.05,8.8,71.1,0.0336,-0.0138,6.0
PS1275,C0071,2026-02-04,225163.65,0.75,0.2,0.05,0.676,0.274,0.05,7.4,69.4,0.0873,0.0424,6.0
PS1276,C0071,2026-03-06,231285.34,0.75,0.2,0.05,0.7,0.25,0.05,5.0,71.2,-0.0515,0.0085,6.0
PS1277,C0071,2026-04-05,209954.94,0.75,0.2,0.05,0.666,0.284,0.05,8.4,67.0,0.1376,0.0161,6.0
PS1278,C0071,2026-05-05,206158.47,0.75,0.2,0.05,0.828,0.122,0.05,7.8,78.1,0.1544,0.0349,6.0
PS1279,C0072,2024-12-11,139409.42,0.75,0.2,0.05,0.747,0.203,0.05,0.3,47.8,0.162,-0.0405,9.3
PS1280,C0072,2025-01-10,141882.27,0.75,0.2,0.05,0.761,0.189,0.05,1.1,48.6,0.063,-0.0031,9.3
PS1281,C0072,2025-02-09,151267.5,0.75,0.2,0.05,0.719,0.231,0.05,3.1,60.8,0.0347,0.0012,9.3
PS1282,C0072,2025-03-11,162437.47,0.75,0.2,0.05,0.717,0.233,0.05,3.3,58.9,0.2161,-0.02,9.3
PS1283,C0072,2025-04-10,162810.2,0.75,0.2,0.05,0.739,0.211,0.05,1.1,46.5,-0.0757,-0.0566,9.3
PS1284,C0072,2025-05-10,167221.32,0.75,0.2,0.05,0.818,0.132,0.05,6.8,52.0,0.1685,0.0523,9.3
PS1285,C0072,2025-06-09,174344.46,0.75,0.2,0.05,0.741,0.209,0.05,0.9,62.4,-0.0599,0.0176,9.3
PS1286,C0072,2025-07-09,170753.91,0.75,0.2,0.05,0.681,0.269,0.05,6.9,55.4,0.178,-0.0028,9.3
PS1287,C0072,2025-08-08,166309.45,0.75,0.2,0.05,0.704,0.246,0.05,4.6,57.6,-0.0413,0.0205,9.3
PS1288,C0072,2025-09-07,170024.95,0.75,0.2,0.05,0.752,0.198,0.05,0.2,65.9,0.0946,0.0175,9.3
PS1289,C0072,2025-10-07,167329.12,0.75,0.2,0.05,0.718,0.232,0.05,3.2,71.4,0.0811,-0.0318,9.3
PS1290,C0072,2025-11-06,184074.54,0.75,0.2,0.05,0.745,0.205,0.05,0.5,72.2,0.1369,-0.0234,9.3
PS1291,C0072,2025-12-06,190993.19,0.75,0.2,0.05,0.708,0.242,0.05,4.2,65.6,0.06,-0.0029,9.3
PS1292,C0072,2026-01-05,203409.92,0.75,0.2,0.05,0.709,0.241,0.05,4.1,65.5,-0.1034,0.0211,9.3
PS1293,C0072,2026-02-04,197147.03,0.75,0.2,0.05,0.816,0.134,0.05,6.6,71.5,0.2469,-0.0134,9.3
PS1294,C0072,2026-03-06,206304.22,0.75,0.2,0.05,0.725,0.225,0.05,2.5,65.6,0.0992,-0.0429,9.3
PS1295,C0072,2026-04-05,197046.64,0.75,0.2,0.05,0.837,0.113,0.05,8.7,78.9,0.1743,0.0138,9.3
PS1296,C0072,2026-05-05,193505.73,0.75,0.2,0.05,0.727,0.223,0.05,2.3,72.5,0.1834,0.0087,9.3
PS1297,C0073,2024-12-11,640641.44,0.75,0.2,0.05,0.759,0.191,0.05,0.9,58.6,0.0346,-0.0081,8.4
PS1298,C0073,2025-01-10,683379.35,0.75,0.2,0.05,0.74,0.21,0.05,1.0,55.4,-0.0072,0.0145,8.4
PS1299,C0073,2025-02-09,727915.4,0.75,0.2,0.05,0.82,0.13,0.05,7.0,55.6,0.1961,-0.0155,8.4
PS1300,C0073,2025-03-11,686111.73,0.75,0.2,0.05,0.645,0.305,0.05,10.5,53.9,-0.0181,-0.0077,8.4
PS1301,C0073,2025-04-10,711829.97,0.75,0.2,0.05,0.724,0.226,0.05,2.6,60.4,0.2529,0.0146,8.4
PS1302,C0073,2025-05-10,717606.56,0.75,0.2,0.05,0.703,0.247,0.05,4.7,50.3,0.0366,-0.0197,8.4
PS1303,C0073,2025-06-09,784764.21,0.75,0.2,0.05,0.792,0.158,0.05,4.2,59.6,0.1242,0.0126,8.4
PS1304,C0073,2025-07-09,786709.66,0.75,0.2,0.05,0.664,0.286,0.05,8.6,62.6,0.0069,-0.0231,8.4
PS1305,C0073,2025-08-08,802619.74,0.75,0.2,0.05,0.719,0.231,0.05,3.1,65.0,0.0529,0.0077,8.4
PS1306,C0073,2025-09-07,825300.89,0.75,0.2,0.05,0.667,0.283,0.05,8.3,60.4,0.1065,0.0045,8.4
PS1307,C0073,2025-10-07,810321.68,0.75,0.2,0.05,0.744,0.206,0.05,0.6,66.4,-0.038,-0.0344,8.4
PS1308,C0073,2025-11-06,777663.77,0.75,0.2,0.05,0.761,0.189,0.05,1.1,68.8,0.164,0.0196,8.4
PS1309,C0073,2025-12-06,761920.38,0.75,0.2,0.05,0.71,0.24,0.05,4.0,65.0,0.1091,0.033,8.4
PS1310,C0073,2026-01-05,803097.22,0.75,0.2,0.05,0.783,0.167,0.05,3.3,74.9,-0.0217,-0.0034,8.4
PS1311,C0073,2026-02-04,845654.69,0.75,0.2,0.05,0.663,0.287,0.05,8.7,64.6,0.0486,-0.0051,8.4
PS1312,C0073,2026-03-06,864866.07,0.75,0.2,0.05,0.749,0.201,0.05,0.1,64.3,0.1053,-0.0077,8.4
PS1313,C0073,2026-04-05,923754.7,0.75,0.2,0.05,0.832,0.118,0.05,8.2,80.5,0.1196,-0.0176,8.4
PS1314,C0073,2026-05-05,901666.49,0.75,0.2,0.05,0.711,0.239,0.05,3.9,76.4,0.1368,0.0085,8.4
PS1315,C0074,2024-12-11,27008731.65,0.55,0.35,0.1,0.509,0.391,0.1,4.1,50.0,0.0677,-0.0196,4.3
PS1316,C0074,2025-01-10,28277105.91,0.55,0.35,0.1,0.574,0.326,0.1,2.4,50.4,-0.0263,-0.0267,4.3
PS1317,C0074,2025-02-09,29470725.86,0.55,0.35,0.1,0.528,0.372,0.1,2.2,47.2,0.0817,-0.0181,4.3
PS1318,C0074,2025-03-11,30528605.6,0.55,0.35,0.1,0.561,0.339,0.1,1.1,51.4,0.0422,0.0113,4.3
PS1319,C0074,2025-04-10,29640353.85,0.55,0.35,0.1,0.51,0.39,0.1,4.0,63.3,0.123,-0.0298,4.3
PS1320,C0074,2025-05-10,29661693.24,0.55,0.35,0.1,0.539,0.361,0.1,1.1,58.1,0.0825,0.01,4.3
PS1321,C0074,2025-06-09,29830301.69,0.55,0.35,0.1,0.502,0.398,0.1,4.8,67.8,0.2161,0.0257,4.3
PS1322,C0074,2025-07-09,31294384.4,0.55,0.35,0.1,0.548,0.352,0.1,0.2,66.7,0.0053,-0.0589,4.3
PS1323,C0074,2025-08-08,30805222.19,0.55,0.35,0.1,0.477,0.423,0.1,7.3,64.3,-0.0854,-0.0141,4.3
PS1324,C0074,2025-09-07,30279602.28,0.55,0.35,0.1,0.598,0.302,0.1,4.8,64.3,0.1477,0.0076,4.3
PS1325,C0074,2025-10-07,32586499.54,0.55,0.35,0.1,0.606,0.294,0.1,5.6,68.8,-0.049,0.0506,4.3
PS1326,C0074,2025-11-06,34224029.6,0.55,0.35,0.1,0.488,0.412,0.1,6.2,62.8,0.1672,0.0186,4.3
PS1327,C0074,2025-12-06,36516158.64,0.55,0.35,0.1,0.557,0.343,0.1,0.7,66.4,0.038,0.0263,4.3
PS1328,C0074,2026-01-05,33883320.71,0.55,0.35,0.1,0.55,0.35,0.1,0.0,78.6,0.0493,-0.0369,4.3
PS1329,C0074,2026-02-04,34528242.98,0.55,0.35,0.1,0.484,0.416,0.1,6.6,80.5,-0.0239,-0.0122,4.3
PS1330,C0074,2026-03-06,34184942.11,0.55,0.35,0.1,0.746,0.154,0.1,19.6,73.9,0.0797,0.0319,4.3
PS1331,C0074,2026-04-05,32391610.37,0.55,0.35,0.1,0.7,0.2,0.1,15.0,64.7,0.1302,0.0117,4.3
PS1332,C0074,2026-05-05,33018171.3,0.55,0.35,0.1,0.379,0.521,0.1,17.1,65.9,0.0469,0.0219,4.3
PS1333,C0075,2024-12-11,849258.36,0.9,0.08,0.02,0.897,0.083,0.02,0.3,53.4,0.0449,0.001,9.1
PS1334,C0075,2025-01-10,824785.71,0.9,0.08,0.02,0.955,0.025,0.02,5.5,53.8,-0.0292,-0.0123,9.1
PS1335,C0075,2025-02-09,837225.68,0.9,0.08,0.02,0.906,0.074,0.02,0.6,51.9,0.0862,-0.0042,9.1
PS1336,C0075,2025-03-11,783376.91,0.9,0.08,0.02,0.91,0.07,0.02,1.0,61.6,0.2035,-0.011,9.1
PS1337,C0075,2025-04-10,800063.54,0.9,0.08,0.02,0.918,0.062,0.02,1.8,50.5,-0.1029,-0.008,9.1
PS1338,C0075,2025-05-10,821204.28,0.9,0.08,0.02,0.897,0.083,0.02,0.3,50.2,0.0676,0.0121,9.1
PS1339,C0075,2025-06-09,837959.28,0.9,0.08,0.02,0.922,0.058,0.02,2.2,55.3,0.1559,0.0136,9.1
PS1340,C0075,2025-07-09,857642.87,0.9,0.08,0.02,0.849,0.131,0.02,5.1,61.5,0.1105,-0.0454,9.1
PS1341,C0075,2025-08-08,892166.5,0.9,0.08,0.02,0.917,0.063,0.02,1.7,77.4,-0.0062,0.0032,9.1
PS1342,C0075,2025-09-07,895639.63,0.9,0.08,0.02,0.949,0.031,0.02,4.9,68.1,-0.0975,0.0131,9.1
PS1343,C0075,2025-10-07,913599.44,0.9,0.08,0.02,0.859,0.121,0.02,4.1,69.7,0.0723,-0.0449,9.1
PS1344,C0075,2025-11-06,892709.56,0.9,0.08,0.02,0.857,0.123,0.02,4.3,66.3,0.0049,0.0225,9.1
PS1345,C0075,2025-12-06,899979.95,0.9,0.08,0.02,0.958,0.022,0.02,5.8,65.1,0.0475,0.0039,9.1
PS1346,C0075,2026-01-05,926953.51,0.9,0.08,0.02,0.841,0.139,0.02,5.9,67.4,0.0344,0.0015,9.1
PS1347,C0075,2026-02-04,968767.64,0.9,0.08,0.02,0.832,0.148,0.02,6.8,70.2,0.0019,0.016,9.1
PS1348,C0075,2026-03-06,957333.23,0.9,0.08,0.02,0.966,0.014,0.02,6.6,71.6,-0.0109,0.0188,9.1
PS1349,C0075,2026-04-05,938663.88,0.9,0.08,0.02,0.877,0.103,0.02,2.3,73.9,0.2212,-0.003,9.1
PS1350,C0075,2026-05-05,955421.01,0.9,0.08,0.02,0.896,0.084,0.02,0.4,74.7,0.0208,-0.0175,9.1
PS1351,C0076,2024-12-11,3148569.58,0.55,0.35,0.1,0.621,0.279,0.1,7.1,47.3,-0.001,0.0509,3.8
PS1352,C0076,2025-01-10,3077313.41,0.55,0.35,0.1,0.656,0.244,0.1,10.6,51.7,0.0801,0.018,3.8
PS1353,C0076,2025-02-09,3129941.6,0.55,0.35,0.1,0.592,0.308,0.1,4.2,56.4,0.0772,0.0158,3.8
PS1354,C0076,2025-03-11,3168941.95,0.55,0.35,0.1,0.488,0.412,0.1,6.2,55.7,0.0744,-0.0048,3.8
PS1355,C0076,2025-04-10,3250640.44,0.55,0.35,0.1,0.598,0.302,0.1,4.8,54.9,0.0823,-0.0163,3.8
PS1356,C0076,2025-05-10,3089439.48,0.55,0.35,0.1,0.646,0.254,0.1,9.6,45.8,0.1642,-0.0541,3.8
PS1357,C0076,2025-06-09,3169770.5,0.55,0.35,0.1,0.6,0.3,0.1,5.0,60.4,0.0038,-0.0306,3.8
PS1358,C0076,2025-07-09,3133326.33,0.55,0.35,0.1,0.462,0.438,0.1,8.8,56.3,0.1924,0.0055,3.8
PS1359,C0076,2025-08-08,2986134.5,0.55,0.35,0.1,0.446,0.454,0.1,10.4,64.5,0.102,-0.0077,3.8
PS1360,C0076,2025-09-07,2968221.85,0.55,0.35,0.1,0.552,0.348,0.1,0.2,66.3,0.0591,-0.0034,3.8
PS1361,C0076,2025-10-07,3052621.57,0.55,0.35,0.1,0.543,0.357,0.1,0.7,58.3,0.037,-0.0309,3.8
PS1362,C0076,2025-11-06,3026836.0,0.55,0.35,0.1,0.554,0.346,0.1,0.4,70.2,-0.0415,-0.0318,3.8
PS1363,C0076,2025-12-06,2892053.02,0.55,0.35,0.1,0.589,0.311,0.1,3.9,63.7,0.1709,-0.0484,3.8
PS1364,C0076,2026-01-05,2743637.89,0.55,0.35,0.1,0.444,0.456,0.1,10.6,77.5,0.0812,0.0236,3.8
PS1365,C0076,2026-02-04,2750261.09,0.55,0.35,0.1,0.478,0.422,0.1,7.2,70.2,-0.0879,-0.007,3.8
PS1366,C0076,2026-03-06,2967936.11,0.55,0.35,0.1,0.398,0.502,0.1,15.2,69.5,-0.1252,0.0201,3.8
PS1367,C0076,2026-04-05,2994191.89,0.55,0.35,0.1,0.528,0.372,0.1,2.2,77.2,0.0561,0.0005,3.8
PS1368,C0076,2026-05-05,2988930.45,0.55,0.35,0.1,0.593,0.307,0.1,4.3,76.7,0.025,0.0142,3.8
PS1369,C0077,2024-12-11,927760.58,0.75,0.2,0.05,0.708,0.242,0.05,4.2,41.5,0.1261,0.0099,7.7
PS1370,C0077,2025-01-10,943840.25,0.75,0.2,0.05,0.753,0.197,0.05,0.3,40.4,-0.0412,0.0193,7.7
PS1371,C0077,2025-02-09,933949.01,0.75,0.2,0.05,0.644,0.306,0.05,10.6,50.4,-0.0995,0.0185,7.7
PS1372,C0077,2025-03-11,989115.7,0.75,0.2,0.05,0.771,0.179,0.05,2.1,58.4,0.1333,0.0154,7.7
PS1373,C0077,2025-04-10,977739.61,0.75,0.2,0.05,0.77,0.18,0.05,2.0,65.3,0.0029,0.0181,7.7
PS1374,C0077,2025-05-10,1035238.05,0.75,0.2,0.05,0.689,0.261,0.05,6.1,60.4,0.0763,0.0184,7.7
PS1375,C0077,2025-06-09,980273.82,0.75,0.2,0.05,0.586,0.364,0.05,16.4,63.7,0.1504,0.0117,7.7
PS1376,C0077,2025-07-09,918513.63,0.75,0.2,0.05,0.795,0.155,0.05,4.5,74.7,0.1426,-0.0215,7.7
PS1377,C0077,2025-08-08,951137.58,0.75,0.2,0.05,0.75,0.2,0.05,0.0,57.7,0.2234,0.0341,7.7
PS1378,C0077,2025-09-07,1047294.04,0.75,0.2,0.05,0.749,0.201,0.05,0.1,68.3,0.011,-0.0221,7.7
PS1379,C0077,2025-10-07,1074890.18,0.75,0.2,0.05,0.819,0.131,0.05,6.9,71.4,-0.0145,-0.0067,7.7
PS1380,C0077,2025-11-06,1106158.89,0.75,0.2,0.05,0.828,0.122,0.05,7.8,62.3,0.1205,0.0637,7.7
PS1381,C0077,2025-12-06,1106404.4,0.75,0.2,0.05,0.805,0.145,0.05,5.5,72.0,-0.0236,0.0249,7.7
PS1382,C0077,2026-01-05,1038650.33,0.75,0.2,0.05,0.723,0.227,0.05,2.7,66.9,-0.1364,0.0018,7.7
PS1383,C0077,2026-02-04,1011200.14,0.75,0.2,0.05,0.813,0.137,0.05,6.3,66.4,0.1694,-0.0313,7.7
PS1384,C0077,2026-03-06,989321.05,0.75,0.2,0.05,0.713,0.237,0.05,3.7,77.3,0.1705,0.0191,7.7
PS1385,C0077,2026-04-05,1020204.65,0.75,0.2,0.05,0.65,0.3,0.05,10.0,76.2,0.0918,-0.0002,7.7
PS1386,C0077,2026-05-05,1004294.98,0.75,0.2,0.05,0.744,0.206,0.05,0.6,75.5,0.0764,-0.0018,7.7
PS1387,C0078,2024-12-11,771826.54,0.55,0.35,0.1,0.507,0.393,0.1,4.3,45.7,0.1097,-0.0295,6.7
PS1388,C0078,2025-01-10,784446.21,0.55,0.35,0.1,0.608,0.292,0.1,5.8,58.2,0.0478,0.0238,6.7
PS1389,C0078,2025-02-09,762653.09,0.55,0.35,0.1,0.486,0.414,0.1,6.4,59.9,0.0843,-0.0049,6.7
PS1390,C0078,2025-03-11,777058.2,0.55,0.35,0.1,0.585,0.315,0.1,3.5,49.8,0.0533,-0.0175,6.7
PS1391,C0078,2025-04-10,809912.73,0.55,0.35,0.1,0.484,0.416,0.1,6.6,57.8,0.0316,0.0335,6.7
PS1392,C0078,2025-05-10,841718.99,0.55,0.35,0.1,0.455,0.445,0.1,9.5,51.1,0.0515,-0.0106,6.7
PS1393,C0078,2025-06-09,843035.32,0.55,0.35,0.1,0.528,0.372,0.1,2.2,56.1,-0.0183,0.0287,6.7
PS1394,C0078,2025-07-09,826808.11,0.55,0.35,0.1,0.519,0.381,0.1,3.1,49.2,0.1796,-0.0077,6.7
PS1395,C0078,2025-08-08,809453.29,0.55,0.35,0.1,0.571,0.329,0.1,2.1,62.1,0.1391,-0.0,6.7
PS1396,C0078,2025-09-07,868378.5,0.55,0.35,0.1,0.579,0.321,0.1,2.9,59.8,0.1011,0.003,6.7
PS1397,C0078,2025-10-07,851728.46,0.55,0.35,0.1,0.57,0.33,0.1,2.0,68.3,0.1182,0.0732,6.7
PS1398,C0078,2025-11-06,893337.96,0.55,0.35,0.1,0.556,0.344,0.1,0.6,68.2,-0.018,0.0081,6.7
PS1399,C0078,2025-12-06,936598.34,0.55,0.35,0.1,0.61,0.29,0.1,6.0,68.4,0.0322,0.0394,6.7
PS1400,C0078,2026-01-05,961747.19,0.55,0.35,0.1,0.618,0.282,0.1,6.8,67.1,-0.069,-0.031,6.7
PS1401,C0078,2026-02-04,931627.32,0.55,0.35,0.1,0.622,0.278,0.1,7.2,70.9,0.0036,0.0199,6.7
PS1402,C0078,2026-03-06,936164.62,0.55,0.35,0.1,0.511,0.389,0.1,3.9,68.6,0.035,0.0359,6.7
PS1403,C0078,2026-04-05,974359.65,0.55,0.35,0.1,0.526,0.374,0.1,2.4,73.2,0.1012,-0.0453,6.7
PS1404,C0078,2026-05-05,1021578.16,0.55,0.35,0.1,0.557,0.343,0.1,0.7,81.1,0.0235,0.0075,6.7
PS1405,C0079,2024-12-11,67243.53,0.75,0.2,0.05,0.756,0.194,0.05,0.6,53.2,0.0973,0.016,5.4
PS1406,C0079,2025-01-10,65997.87,0.75,0.2,0.05,0.742,0.208,0.05,0.8,46.7,0.0902,0.0008,5.4
PS1407,C0079,2025-02-09,66208.98,0.75,0.2,0.05,0.819,0.131,0.05,6.9,56.8,0.0648,0.0126,5.4
PS1408,C0079,2025-03-11,66935.14,0.75,0.2,0.05,0.656,0.294,0.05,9.4,52.9,0.0803,0.0193,5.4
PS1409,C0079,2025-04-10,71377.85,0.75,0.2,0.05,0.7,0.25,0.05,5.0,58.7,0.0306,0.0368,5.4
PS1410,C0079,2025-05-10,72428.32,0.75,0.2,0.05,0.725,0.225,0.05,2.5,65.1,0.0142,0.0558,5.4
PS1411,C0079,2025-06-09,73712.89,0.75,0.2,0.05,0.738,0.212,0.05,1.2,68.4,0.0937,-0.0018,5.4
PS1412,C0079,2025-07-09,72542.53,0.75,0.2,0.05,0.805,0.145,0.05,5.5,61.3,0.0707,0.0283,5.4
PS1413,C0079,2025-08-08,70204.54,0.75,0.2,0.05,0.741,0.209,0.05,0.9,67.0,0.0751,0.0085,5.4
PS1414,C0079,2025-09-07,67982.54,0.75,0.2,0.05,0.718,0.232,0.05,3.2,56.8,0.1275,0.0252,5.4
PS1415,C0079,2025-10-07,67870.82,0.75,0.2,0.05,0.731,0.219,0.05,1.9,69.6,0.0648,0.0037,5.4
PS1416,C0079,2025-11-06,69533.68,0.75,0.2,0.05,0.769,0.181,0.05,1.9,66.9,0.1825,0.0222,5.4
PS1417,C0079,2025-12-06,68786.25,0.75,0.2,0.05,0.743,0.207,0.05,0.7,69.5,0.0776,0.0011,5.4
PS1418,C0079,2026-01-05,67757.88,0.75,0.2,0.05,0.732,0.218,0.05,1.8,59.9,0.0751,0.0282,5.4
PS1419,C0079,2026-02-04,68570.65,0.75,0.2,0.05,0.723,0.227,0.05,2.7,78.8,0.1517,0.0085,5.4
PS1420,C0079,2026-03-06,68903.08,0.75,0.2,0.05,0.747,0.203,0.05,0.3,80.2,0.0821,0.0252,5.4
PS1421,C0079,2026-04-05,70327.1,0.75,0.2,0.05,0.864,0.086,0.05,11.4,68.1,0.0569,0.0175,5.4
PS1422,C0079,2026-05-05,71371.23,0.75,0.2,0.05,0.799,0.151,0.05,4.9,77.2,-0.1742,-0.0162,5.4
PS1423,C0080,2024-12-11,623434.33,0.55,0.35,0.1,0.637,0.263,0.1,8.7,49.7,0.0703,-0.0346,6.6
PS1424,C0080,2025-01-10,623345.5,0.55,0.35,0.1,0.63,0.27,0.1,8.0,53.0,-0.0245,0.0599,6.6
PS1425,C0080,2025-02-09,635636.5,0.55,0.35,0.1,0.607,0.293,0.1,5.7,47.7,-0.1048,-0.0267,6.6
PS1426,C0080,2025-03-11,623403.67,0.55,0.35,0.1,0.643,0.257,0.1,9.3,50.5,0.1724,-0.0085,6.6
PS1427,C0080,2025-04-10,626243.68,0.55,0.35,0.1,0.571,0.329,0.1,2.1,60.1,0.1646,-0.0373,6.6
PS1428,C0080,2025-05-10,593227.63,0.55,0.35,0.1,0.632,0.268,0.1,8.2,63.2,-0.0264,-0.0361,6.6
PS1429,C0080,2025-06-09,581187.33,0.55,0.35,0.1,0.493,0.407,0.1,5.7,61.7,0.0017,0.0398,6.6
PS1430,C0080,2025-07-09,599539.41,0.55,0.35,0.1,0.58,0.32,0.1,3.0,57.6,0.0746,-0.0136,6.6
PS1431,C0080,2025-08-08,614921.06,0.55,0.35,0.1,0.638,0.262,0.1,8.8,65.1,0.1228,-0.0125,6.6
PS1432,C0080,2025-09-07,599206.46,0.55,0.35,0.1,0.458,0.442,0.1,9.2,61.9,0.1457,-0.0398,6.6
PS1433,C0080,2025-10-07,561723.67,0.55,0.35,0.1,0.587,0.313,0.1,3.7,58.8,0.2253,0.022,6.6
PS1434,C0080,2025-11-06,589829.01,0.55,0.35,0.1,0.631,0.269,0.1,8.1,74.2,0.0768,-0.0097,6.6
PS1435,C0080,2025-12-06,591244.16,0.55,0.35,0.1,0.48,0.42,0.1,7.0,65.3,0.0157,-0.0158,6.6
PS1436,C0080,2026-01-05,609910.73,0.55,0.35,0.1,0.614,0.286,0.1,6.4,71.9,0.0548,0.0133,6.6
PS1437,C0080,2026-02-04,601863.92,0.55,0.35,0.1,0.523,0.377,0.1,2.7,77.7,0.1166,0.0173,6.6
PS1438,C0080,2026-03-06,596496.66,0.55,0.35,0.1,0.536,0.364,0.1,1.4,56.7,0.0312,0.0011,6.6
PS1439,C0080,2026-04-05,606775.73,0.55,0.35,0.1,0.509,0.391,0.1,4.1,66.9,0.1541,-0.0064,6.6
PS1440,C0080,2026-05-05,618678.65,0.55,0.35,0.1,0.648,0.252,0.1,9.8,80.1,-0.1218,-0.0299,6.6
PS1441,C0081,2024-12-11,308165.57,0.3,0.5,0.2,0.21,0.59,0.2,9.0,43.7,-0.0733,0.0404,1
PS1442,C0081,2025-01-10,315828.29,0.3,0.5,0.2,0.246,0.554,0.2,5.4,48.9,0.0907,-0.063,1
PS1443,C0081,2025-02-09,319035.66,0.3,0.5,0.2,0.29,0.51,0.2,1.0,56.7,0.0556,0.0369,1
PS1444,C0081,2025-03-11,323389.34,0.3,0.5,0.2,0.251,0.549,0.2,4.9,48.2,-0.0162,0.0232,1
PS1445,C0081,2025-04-10,325437.26,0.3,0.5,0.2,0.288,0.512,0.2,1.2,57.2,0.1982,0.0115,1
PS1446,C0081,2025-05-10,342166.05,0.3,0.5,0.2,0.267,0.533,0.2,3.3,53.8,-0.0081,0.0211,1
PS1447,C0081,2025-06-09,356879.79,0.3,0.5,0.2,0.299,0.501,0.2,0.1,55.3,0.1325,0.0118,1
PS1448,C0081,2025-07-09,359589.08,0.3,0.5,0.2,0.309,0.491,0.2,0.9,59.1,0.0324,0.0028,1
PS1449,C0081,2025-08-08,356049.69,0.3,0.5,0.2,0.327,0.473,0.2,2.7,59.6,-0.0448,-0.0017,1
PS1450,C0081,2025-09-07,358080.38,0.3,0.5,0.2,0.147,0.653,0.2,15.3,62.2,0.1172,-0.0044,1
PS1451,C0081,2025-10-07,374680.69,0.3,0.5,0.2,0.263,0.537,0.2,3.7,66.5,-0.0974,0.0032,1
PS1452,C0081,2025-11-06,390534.44,0.3,0.5,0.2,0.345,0.455,0.2,4.5,69.5,-0.0548,-0.0187,1
PS1453,C0081,2025-12-06,361840.87,0.3,0.5,0.2,0.22,0.58,0.2,8.0,62.7,0.1176,0.0073,1
PS1454,C0081,2026-01-05,349043.27,0.3,0.5,0.2,0.306,0.494,0.2,0.6,58.8,-0.028,0.0208,1
PS1455,C0081,2026-02-04,344210.8,0.3,0.5,0.2,0.328,0.472,0.2,2.8,67.2,0.075,0.0243,1
PS1456,C0081,2026-03-06,330196.79,0.3,0.5,0.2,0.199,0.601,0.2,10.1,71.1,-0.0165,0.014,1
PS1457,C0081,2026-04-05,370640.94,0.3,0.5,0.2,0.339,0.461,0.2,3.9,72.3,0.2021,-0.0218,1
PS1458,C0081,2026-05-05,395112.05,0.3,0.5,0.2,0.298,0.502,0.2,0.2,73.1,-0.0606,0.0519,1
PS1459,C0082,2024-12-11,1624877.51,0.55,0.35,0.1,0.452,0.448,0.1,9.8,55.9,0.0872,0.0161,7.5
PS1460,C0082,2025-01-10,1583656.38,0.55,0.35,0.1,0.671,0.229,0.1,12.1,44.8,0.0766,0.0335,7.5
PS1461,C0082,2025-02-09,1536844.16,0.55,0.35,0.1,0.528,0.372,0.1,2.2,57.2,-0.0059,-0.0063,7.5
PS1462,C0082,2025-03-11,1572936.31,0.55,0.35,0.1,0.51,0.39,0.1,4.0,43.0,0.0562,0.0418,7.5
PS1463,C0082,2025-04-10,1646156.78,0.55,0.35,0.1,0.558,0.342,0.1,0.8,53.8,0.0299,0.0168,7.5
PS1464,C0082,2025-05-10,1656210.59,0.55,0.35,0.1,0.621,0.279,0.1,7.1,59.7,0.0813,0.035,7.5
PS1465,C0082,2025-06-09,1683942.0,0.55,0.35,0.1,0.573,0.327,0.1,2.3,53.0,-0.0524,0.0194,7.5
PS1466,C0082,2025-07-09,1695220.6,0.55,0.35,0.1,0.541,0.359,0.1,0.9,71.4,0.1764,0.0073,7.5
PS1467,C0082,2025-08-08,1770869.28,0.55,0.35,0.1,0.54,0.36,0.1,1.0,60.2,-0.0399,0.0086,7.5
PS1468,C0082,2025-09-07,1752340.98,0.55,0.35,0.1,0.57,0.33,0.1,2.0,64.7,-0.0254,0.0052,7.5
PS1469,C0082,2025-10-07,1712993.14,0.55,0.35,0.1,0.668,0.232,0.1,11.8,63.3,0.1925,-0.004,7.5
PS1470,C0082,2025-11-06,1810055.59,0.55,0.35,0.1,0.597,0.303,0.1,4.7,63.3,-0.0507,0.0195,7.5
PS1471,C0082,2025-12-06,1848141.56,0.55,0.35,0.1,0.524,0.376,0.1,2.6,64.2,-0.0986,0.0129,7.5
PS1472,C0082,2026-01-05,1881692.1,0.55,0.35,0.1,0.606,0.294,0.1,5.6,76.8,0.0931,0.0264,7.5
PS1473,C0082,2026-02-04,1891852.29,0.55,0.35,0.1,0.512,0.388,0.1,3.8,74.1,-0.0113,-0.001,7.5
PS1474,C0082,2026-03-06,1816868.89,0.55,0.35,0.1,0.473,0.427,0.1,7.7,68.0,-0.0156,0.0249,7.5
PS1475,C0082,2026-04-05,1788605.27,0.55,0.35,0.1,0.577,0.323,0.1,2.7,78.4,-0.0413,-0.014,7.5
PS1476,C0082,2026-05-05,1814895.26,0.55,0.35,0.1,0.58,0.32,0.1,3.0,81.9,0.0062,0.0019,7.5
PS1477,C0083,2024-12-11,200272.88,0.55,0.35,0.1,0.53,0.37,0.1,2.0,56.2,0.1127,-0.0009,4.9
PS1478,C0083,2025-01-10,206183.83,0.55,0.35,0.1,0.541,0.359,0.1,0.9,48.0,0.1192,-0.0088,4.9
PS1479,C0083,2025-02-09,206197.68,0.55,0.35,0.1,0.563,0.337,0.1,1.3,47.6,0.0485,0.012,4.9
PS1480,C0083,2025-03-11,219076.48,0.55,0.35,0.1,0.602,0.298,0.1,5.2,51.2,0.1554,0.0292,4.9
PS1481,C0083,2025-04-10,217651.13,0.55,0.35,0.1,0.581,0.319,0.1,3.1,60.1,0.0604,-0.0248,4.9
PS1482,C0083,2025-05-10,212894.89,0.55,0.35,0.1,0.654,0.246,0.1,10.4,55.4,0.0933,-0.0122,4.9
PS1483,C0083,2025-06-09,212426.01,0.55,0.35,0.1,0.463,0.437,0.1,8.7,71.4,0.1475,0.0168,4.9
PS1484,C0083,2025-07-09,212799.06,0.55,0.35,0.1,0.577,0.323,0.1,2.7,55.1,0.1345,-0.0473,4.9
PS1485,C0083,2025-08-08,211378.64,0.55,0.35,0.1,0.536,0.364,0.1,1.4,67.0,0.0266,-0.0164,4.9
PS1486,C0083,2025-09-07,226694.24,0.55,0.35,0.1,0.465,0.435,0.1,8.5,66.0,0.1078,0.0224,4.9
PS1487,C0083,2025-10-07,219192.3,0.55,0.35,0.1,0.586,0.314,0.1,3.6,60.8,0.03,-0.0114,4.9
PS1488,C0083,2025-11-06,204167.12,0.55,0.35,0.1,0.515,0.385,0.1,3.5,63.5,0.0444,0.0016,4.9
PS1489,C0083,2025-12-06,206413.26,0.55,0.35,0.1,0.472,0.428,0.1,7.8,71.6,0.2106,0.0111,4.9
PS1490,C0083,2026-01-05,212892.37,0.55,0.35,0.1,0.731,0.169,0.1,18.1,67.6,-0.2382,-0.0084,4.9
PS1491,C0083,2026-02-04,211654.92,0.55,0.35,0.1,0.621,0.279,0.1,7.1,76.1,0.1508,0.0252,4.9
PS1492,C0083,2026-03-06,191672.97,0.55,0.35,0.1,0.581,0.319,0.1,3.1,78.3,0.1039,-0.0122,4.9
PS1493,C0083,2026-04-05,194128.4,0.55,0.35,0.1,0.555,0.345,0.1,0.5,67.4,0.0778,0.0396,4.9
PS1494,C0083,2026-05-05,194732.54,0.55,0.35,0.1,0.523,0.377,0.1,2.7,68.0,-0.136,-0.0012,4.9
PS1495,C0084,2024-12-11,597062.98,0.9,0.08,0.02,0.91,0.07,0.02,1.0,53.1,0.024,0.0505,10
PS1496,C0084,2025-01-10,599748.28,0.9,0.08,0.02,0.974,0.006,0.02,7.4,54.4,-0.037,-0.0167,10
PS1497,C0084,2025-02-09,603191.78,0.9,0.08,0.02,0.948,0.032,0.02,4.8,49.7,0.0523,-0.0253,10
PS1498,C0084,2025-03-11,607426.57,0.9,0.08,0.02,0.877,0.103,0.02,2.3,60.0,0.1006,0.0233,10
PS1499,C0084,2025-04-10,565523.9,0.9,0.08,0.02,0.935,0.045,0.02,3.5,53.4,0.048,0.0195,10
PS1500,C0084,2025-05-10,544898.6,0.9,0.08,0.02,0.91,0.07,0.02,1.0,55.9,-0.0242,0.0142,10
PS1501,C0084,2025-06-09,531968.19,0.9,0.08,0.02,0.918,0.062,0.02,1.8,63.3,0.0702,0.0266,10
PS1502,C0084,2025-07-09,532285.06,0.9,0.08,0.02,0.867,0.113,0.02,3.3,51.1,0.0282,-0.0304,10
PS1503,C0084,2025-08-08,519526.93,0.9,0.08,0.02,0.941,0.039,0.02,4.1,63.9,0.0545,0.0131,10
PS1504,C0084,2025-09-07,535244.81,0.9,0.08,0.02,0.938,0.042,0.02,3.8,79.5,0.1185,-0.0306,10
PS1505,C0084,2025-10-07,548066.96,0.9,0.08,0.02,0.858,0.122,0.02,4.2,63.2,-0.0557,-0.0378,10
PS1506,C0084,2025-11-06,549641.77,0.9,0.08,0.02,0.89,0.09,0.02,1.0,63.7,0.0073,-0.0162,10
PS1507,C0084,2025-12-06,545644.24,0.9,0.08,0.02,0.907,0.073,0.02,0.7,65.5,-0.0589,0.004,10
PS1508,C0084,2026-01-05,527280.54,0.9,0.08,0.02,0.845,0.135,0.02,5.5,71.3,0.1097,-0.0131,10
PS1509,C0084,2026-02-04,554513.51,0.9,0.08,0.02,0.943,0.037,0.02,4.3,67.5,0.0164,0.0121,10
PS1510,C0084,2026-03-06,553756.91,0.9,0.08,0.02,0.864,0.116,0.02,3.6,66.6,-0.0265,0.0206,10
PS1511,C0084,2026-04-05,568215.83,0.9,0.08,0.02,0.789,0.191,0.02,11.1,80.5,0.0035,-0.0066,10
PS1512,C0084,2026-05-05,576224.58,0.9,0.08,0.02,0.817,0.163,0.02,8.3,74.6,-0.0228,0.0084,10
PS1513,C0085,2024-12-11,960529.04,0.55,0.35,0.1,0.518,0.382,0.1,3.2,55.2,0.0212,0.0216,5.3
PS1514,C0085,2025-01-10,987643.84,0.55,0.35,0.1,0.6,0.3,0.1,5.0,47.9,0.0732,-0.0253,5.3
PS1515,C0085,2025-02-09,1000717.84,0.55,0.35,0.1,0.489,0.411,0.1,6.1,55.1,-0.055,-0.0158,5.3
PS1516,C0085,2025-03-11,1020081.13,0.55,0.35,0.1,0.43,0.47,0.1,12.0,49.8,-0.0236,0.0083,5.3
PS1517,C0085,2025-04-10,968216.77,0.55,0.35,0.1,0.521,0.379,0.1,2.9,54.2,0.0,0.0071,5.3
PS1518,C0085,2025-05-10,1002791.57,0.55,0.35,0.1,0.598,0.302,0.1,4.8,53.0,-0.0048,-0.0095,5.3
PS1519,C0085,2025-06-09,992605.85,0.55,0.35,0.1,0.516,0.384,0.1,3.4,56.9,0.0198,-0.0143,5.3
PS1520,C0085,2025-07-09,935644.17,0.55,0.35,0.1,0.549,0.351,0.1,0.1,61.8,0.1253,-0.0143,5.3
PS1521,C0085,2025-08-08,910199.52,0.55,0.35,0.1,0.593,0.307,0.1,4.3,51.3,-0.0866,-0.012,5.3
PS1522,C0085,2025-09-07,835415.83,0.55,0.35,0.1,0.48,0.42,0.1,7.0,66.2,-0.037,0.0303,5.3
PS1523,C0085,2025-10-07,796944.74,0.55,0.35,0.1,0.621,0.279,0.1,7.1,64.5,0.1137,-0.0475,5.3
PS1524,C0085,2025-11-06,786621.68,0.55,0.35,0.1,0.477,0.423,0.1,7.3,74.6,0.2059,0.0246,5.3
PS1525,C0085,2025-12-06,795365.53,0.55,0.35,0.1,0.478,0.422,0.1,7.2,63.8,-0.0392,0.0044,5.3
PS1526,C0085,2026-01-05,806324.21,0.55,0.35,0.1,0.513,0.387,0.1,3.7,63.3,0.1026,-0.006,5.3
PS1527,C0085,2026-02-04,801888.26,0.55,0.35,0.1,0.593,0.307,0.1,4.3,71.6,0.0283,-0.0565,5.3
PS1528,C0085,2026-03-06,745610.59,0.55,0.35,0.1,0.558,0.342,0.1,0.8,21.9,0.222,-0.0221,5.3
PS1529,C0085,2026-04-05,764666.43,0.55,0.35,0.1,0.587,0.313,0.1,3.7,27.4,-0.1056,-0.0109,5.3
PS1530,C0085,2026-05-05,774622.24,0.55,0.35,0.1,0.587,0.313,0.1,3.7,26.2,0.018,-0.0109,5.3
PS1531,C0086,2024-12-11,59653.61,0.3,0.5,0.2,0.256,0.544,0.2,4.4,52.8,0.1035,0.0459,2.8
PS1532,C0086,2025-01-10,58154.8,0.3,0.5,0.2,0.287,0.513,0.2,1.3,58.9,0.1705,0.0277,2.8
PS1533,C0086,2025-02-09,61290.89,0.3,0.5,0.2,0.333,0.467,0.2,3.3,64.3,0.0645,0.0355,2.8
PS1534,C0086,2025-03-11,60884.74,0.3,0.5,0.2,0.301,0.499,0.2,0.1,50.0,-0.1591,0.0319,2.8
PS1535,C0086,2025-04-10,59707.25,0.3,0.5,0.2,0.267,0.533,0.2,3.3,51.8,0.1405,-0.0245,2.8
PS1536,C0086,2025-05-10,58463.36,0.3,0.5,0.2,0.276,0.524,0.2,2.4,52.9,-0.0125,-0.0011,2.8
PS1537,C0086,2025-06-09,55919.27,0.3,0.5,0.2,0.188,0.612,0.2,11.2,63.3,0.1163,0.0411,2.8
PS1538,C0086,2025-07-09,55021.29,0.3,0.5,0.2,0.299,0.501,0.2,0.1,54.1,0.0073,0.0131,2.8
PS1539,C0086,2025-08-08,56701.73,0.3,0.5,0.2,0.165,0.635,0.2,13.5,69.7,-0.164,0.0321,2.8
PS1540,C0086,2025-09-07,55136.56,0.3,0.5,0.2,0.284,0.516,0.2,1.6,66.8,0.0895,-0.0069,2.8
PS1541,C0086,2025-10-07,53896.57,0.3,0.5,0.2,0.258,0.542,0.2,4.2,62.1,0.0363,-0.0103,2.8
PS1542,C0086,2025-11-06,53787.98,0.3,0.5,0.2,0.332,0.468,0.2,3.2,67.6,0.0528,-0.0101,2.8
PS1543,C0086,2025-12-06,53037.41,0.3,0.5,0.2,0.394,0.406,0.2,9.4,71.7,0.0545,0.0248,2.8
PS1544,C0086,2026-01-05,55472.53,0.3,0.5,0.2,0.302,0.498,0.2,0.2,74.0,0.0385,-0.0257,2.8
PS1545,C0086,2026-02-04,61338.1,0.3,0.5,0.2,0.391,0.409,0.2,9.1,61.5,0.0884,-0.0149,2.8
PS1546,C0086,2026-03-06,58182.59,0.3,0.5,0.2,0.336,0.464,0.2,3.6,71.4,0.0606,-0.03,2.8
PS1547,C0086,2026-04-05,59336.8,0.3,0.5,0.2,0.381,0.419,0.2,8.1,72.9,0.0907,0.048,2.8
PS1548,C0086,2026-05-05,56478.91,0.3,0.5,0.2,0.224,0.576,0.2,7.6,75.6,0.1079,-0.012,2.8
PS1549,C0087,2024-12-11,2723755.19,0.55,0.35,0.1,0.654,0.246,0.1,10.4,62.1,0.1132,0.0005,6.7
PS1550,C0087,2025-01-10,2686679.85,0.55,0.35,0.1,0.642,0.258,0.1,9.2,52.4,0.0234,0.0233,6.7
PS1551,C0087,2025-02-09,2753038.57,0.55,0.35,0.1,0.531,0.369,0.1,1.9,57.8,0.068,-0.0284,6.7
PS1552,C0087,2025-03-11,2735868.64,0.55,0.35,0.1,0.473,0.427,0.1,7.7,59.4,-0.0553,0.0062,6.7
PS1553,C0087,2025-04-10,2644278.96,0.55,0.35,0.1,0.54,0.36,0.1,1.0,63.7,0.1396,0.0053,6.7
PS1554,C0087,2025-05-10,2633892.61,0.55,0.35,0.1,0.576,0.324,0.1,2.6,58.2,0.0825,-0.0006,6.7
PS1555,C0087,2025-06-09,2857308.57,0.55,0.35,0.1,0.578,0.322,0.1,2.8,63.2,0.0912,-0.0447,6.7
PS1556,C0087,2025-07-09,2784670.69,0.55,0.35,0.1,0.598,0.302,0.1,4.8,55.6,0.0879,-0.0377,6.7
PS1557,C0087,2025-08-08,2893789.65,0.55,0.35,0.1,0.522,0.378,0.1,2.8,69.1,0.1313,-0.0128,6.7
PS1558,C0087,2025-09-07,3021714.06,0.55,0.35,0.1,0.609,0.291,0.1,5.9,63.6,-0.085,0.0319,6.7
PS1559,C0087,2025-10-07,2901494.73,0.55,0.35,0.1,0.472,0.428,0.1,7.8,62.2,0.1152,-0.0345,6.7
PS1560,C0087,2025-11-06,2887272.45,0.55,0.35,0.1,0.431,0.469,0.1,11.9,70.6,0.1425,0.0113,6.7
PS1561,C0087,2025-12-06,2935655.03,0.55,0.35,0.1,0.522,0.378,0.1,2.8,66.0,0.0506,0.0222,6.7
PS1562,C0087,2026-01-05,2963477.69,0.55,0.35,0.1,0.634,0.266,0.1,8.4,62.8,0.1047,-0.0097,6.7
PS1563,C0087,2026-02-04,2964963.89,0.55,0.35,0.1,0.463,0.437,0.1,8.7,67.2,0.0817,0.0144,6.7
PS1564,C0087,2026-03-06,2995698.5,0.55,0.35,0.1,0.559,0.341,0.1,0.9,71.3,-0.054,0.02,6.7
PS1565,C0087,2026-04-05,3178372.84,0.55,0.35,0.1,0.672,0.228,0.1,12.2,72.2,0.1876,0.0371,6.7
PS1566,C0087,2026-05-05,3250266.85,0.55,0.35,0.1,0.406,0.494,0.1,14.4,66.9,-0.0764,-0.0213,6.7
PS1567,C0088,2024-12-11,2178933.07,0.55,0.35,0.1,0.713,0.187,0.1,16.3,55.9,0.018,-0.0627,6.7
PS1568,C0088,2025-01-10,2005930.97,0.55,0.35,0.1,0.562,0.338,0.1,1.2,46.7,0.249,0.054,6.7
PS1569,C0088,2025-02-09,2044962.39,0.55,0.35,0.1,0.471,0.429,0.1,7.9,65.6,0.1215,-0.0171,6.7
PS1570,C0088,2025-03-11,2154911.63,0.55,0.35,0.1,0.595,0.305,0.1,4.5,61.9,0.1643,-0.0035,6.7
PS1571,C0088,2025-04-10,2334436.6,0.55,0.35,0.1,0.435,0.465,0.1,11.5,61.6,0.0511,0.021,6.7
PS1572,C0088,2025-05-10,2344861.65,0.55,0.35,0.1,0.521,0.379,0.1,2.9,57.0,0.1265,-0.0198,6.7
PS1573,C0088,2025-06-09,2270877.53,0.55,0.35,0.1,0.494,0.406,0.1,5.6,54.4,-0.119,-0.0321,6.7
PS1574,C0088,2025-07-09,2158836.96,0.55,0.35,0.1,0.616,0.284,0.1,6.6,59.0,0.0372,-0.0017,6.7
PS1575,C0088,2025-08-08,2190960.74,0.55,0.35,0.1,0.583,0.317,0.1,3.3,58.6,0.2074,0.0104,6.7
PS1576,C0088,2025-09-07,2136171.83,0.55,0.35,0.1,0.608,0.292,0.1,5.8,63.8,0.0374,-0.0003,6.7
PS1577,C0088,2025-10-07,2141497.32,0.55,0.35,0.1,0.567,0.333,0.1,1.7,63.6,0.0809,0.0115,6.7
PS1578,C0088,2025-11-06,2264150.15,0.55,0.35,0.1,0.619,0.281,0.1,6.9,71.7,0.0498,-0.0098,6.7
PS1579,C0088,2025-12-06,2231442.59,0.55,0.35,0.1,0.594,0.306,0.1,4.4,65.0,-0.0402,-0.0389,6.7
PS1580,C0088,2026-01-05,2204321.27,0.55,0.35,0.1,0.551,0.349,0.1,0.1,72.5,-0.0118,0.0277,6.7
PS1581,C0088,2026-02-04,2192760.49,0.55,0.35,0.1,0.605,0.295,0.1,5.5,78.8,0.0233,0.0172,6.7
PS1582,C0088,2026-03-06,2232184.15,0.55,0.35,0.1,0.704,0.196,0.1,15.4,79.2,0.0018,0.0364,6.7
PS1583,C0088,2026-04-05,2244068.01,0.55,0.35,0.1,0.605,0.295,0.1,5.5,68.4,0.0995,-0.0109,6.7
PS1584,C0088,2026-05-05,2238301.76,0.55,0.35,0.1,0.54,0.36,0.1,1.0,73.8,0.2186,-0.0064,6.7
PS1585,C0089,2024-12-11,1008873.05,0.55,0.35,0.1,0.641,0.259,0.1,9.1,49.6,0.0889,0.0224,4.5
PS1586,C0089,2025-01-10,1056198.57,0.55,0.35,0.1,0.445,0.455,0.1,10.5,51.8,-0.0644,0.0073,4.5
PS1587,C0089,2025-02-09,1045924.89,0.55,0.35,0.1,0.484,0.416,0.1,6.6,49.6,0.0664,0.0158,4.5
PS1588,C0089,2025-03-11,1096117.71,0.55,0.35,0.1,0.551,0.349,0.1,0.1,51.3,-0.0827,-0.0168,4.5
PS1589,C0089,2025-04-10,1126920.95,0.55,0.35,0.1,0.431,0.469,0.1,11.9,57.7,0.1825,0.0638,4.5
PS1590,C0089,2025-05-10,1164065.56,0.55,0.35,0.1,0.522,0.378,0.1,2.8,49.7,0.0307,-0.0008,4.5
PS1591,C0089,2025-06-09,1304699.46,0.55,0.35,0.1,0.576,0.324,0.1,2.6,57.3,0.194,0.0141,4.5
PS1592,C0089,2025-07-09,1287611.87,0.55,0.35,0.1,0.616,0.284,0.1,6.6,55.4,0.2112,-0.0294,4.5
PS1593,C0089,2025-08-08,1279504.18,0.55,0.35,0.1,0.656,0.244,0.1,10.6,62.9,0.0613,0.0101,4.5
PS1594,C0089,2025-09-07,1258113.74,0.55,0.35,0.1,0.562,0.338,0.1,1.2,66.2,0.118,-0.0251,4.5
PS1595,C0089,2025-10-07,1247753.36,0.55,0.35,0.1,0.466,0.434,0.1,8.4,61.9,0.0629,0.0136,4.5
PS1596,C0089,2025-11-06,1254629.09,0.55,0.35,0.1,0.616,0.284,0.1,6.6,67.8,-0.0031,0.0382,4.5
PS1597,C0089,2025-12-06,1270419.22,0.55,0.35,0.1,0.539,0.361,0.1,1.1,65.7,0.0824,0.0058,4.5
PS1598,C0089,2026-01-05,1296499.91,0.55,0.35,0.1,0.538,0.362,0.1,1.2,78.7,0.1296,0.0707,4.5
PS1599,C0089,2026-02-04,1306043.42,0.55,0.35,0.1,0.606,0.294,0.1,5.6,70.6,0.0324,-0.0373,4.5
PS1600,C0089,2026-03-06,1309979.11,0.55,0.35,0.1,0.459,0.441,0.1,9.1,70.2,0.0535,0.0283,4.5
PS1601,C0089,2026-04-05,1274894.43,0.55,0.35,0.1,0.534,0.366,0.1,1.6,71.3,0.1476,-0.0208,4.5
PS1602,C0089,2026-05-05,1252938.54,0.55,0.35,0.1,0.515,0.385,0.1,3.5,71.9,0.0816,0.0167,4.5
PS1603,C0090,2024-12-11,531433.32,0.75,0.2,0.05,0.651,0.299,0.05,9.9,47.9,0.2183,0.0257,6.8
PS1604,C0090,2025-01-10,545913.74,0.75,0.2,0.05,0.764,0.186,0.05,1.4,53.5,0.086,0.0039,6.8
PS1605,C0090,2025-02-09,571549.88,0.75,0.2,0.05,0.724,0.226,0.05,2.6,54.0,-0.0032,0.0033,6.8
PS1606,C0090,2025-03-11,574882.09,0.75,0.2,0.05,0.656,0.294,0.05,9.4,54.5,-0.1286,0.0298,6.8
PS1607,C0090,2025-04-10,601080.5,0.75,0.2,0.05,0.738,0.212,0.05,1.2,53.6,0.0891,-0.0185,6.8
PS1608,C0090,2025-05-10,600751.77,0.75,0.2,0.05,0.799,0.151,0.05,4.9,65.9,-0.0221,0.0143,6.8
PS1609,C0090,2025-06-09,607472.28,0.75,0.2,0.05,0.771,0.179,0.05,2.1,61.9,0.1183,0.0242,6.8
PS1610,C0090,2025-07-09,619936.26,0.75,0.2,0.05,0.702,0.248,0.05,4.8,57.0,-0.0015,-0.0133,6.8
PS1611,C0090,2025-08-08,627240.49,0.75,0.2,0.05,0.767,0.183,0.05,1.7,69.9,0.0027,0.0188,6.8
PS1612,C0090,2025-09-07,625933.95,0.75,0.2,0.05,0.7,0.25,0.05,5.0,65.9,0.0236,-0.0366,6.8
PS1613,C0090,2025-10-07,628473.51,0.75,0.2,0.05,0.757,0.193,0.05,0.7,71.8,0.0342,0.0204,6.8
PS1614,C0090,2025-11-06,612194.05,0.75,0.2,0.05,0.856,0.094,0.05,10.6,62.7,0.1471,0.0474,6.8
PS1615,C0090,2025-12-06,617559.74,0.75,0.2,0.05,0.889,0.061,0.05,13.9,61.6,0.0252,0.0035,6.8
PS1616,C0090,2026-01-05,600319.33,0.75,0.2,0.05,0.734,0.216,0.05,1.6,75.1,0.0277,0.0383,6.8
PS1617,C0090,2026-02-04,620659.62,0.75,0.2,0.05,0.817,0.133,0.05,6.7,71.3,0.1998,-0.0086,6.8
PS1618,C0090,2026-03-06,618220.32,0.75,0.2,0.05,0.732,0.218,0.05,1.8,71.9,-0.1184,-0.0323,6.8
PS1619,C0090,2026-04-05,606117.25,0.75,0.2,0.05,0.75,0.2,0.05,0.0,71.9,0.0028,0.0321,6.8
PS1620,C0090,2026-05-05,581587.72,0.75,0.2,0.05,0.697,0.253,0.05,5.3,78.1,0.128,0.0054,6.8
PS1621,C0091,2024-12-11,8734241.01,0.75,0.2,0.05,0.795,0.155,0.05,4.5,54.4,0.0131,0.0006,7.1
PS1622,C0091,2025-01-10,8845382.19,0.75,0.2,0.05,0.818,0.132,0.05,6.8,49.9,0.0436,0.0326,7.1
PS1623,C0091,2025-02-09,9453507.36,0.75,0.2,0.05,0.686,0.264,0.05,6.4,48.2,0.1336,0.0033,7.1
PS1624,C0091,2025-03-11,9585414.59,0.75,0.2,0.05,0.836,0.114,0.05,8.6,54.0,0.011,-0.0036,7.1
PS1625,C0091,2025-04-10,9923312.18,0.75,0.2,0.05,0.85,0.1,0.05,10.0,56.5,0.1145,0.0197,7.1
PS1626,C0091,2025-05-10,10008510.03,0.75,0.2,0.05,0.692,0.258,0.05,5.8,58.0,0.1106,0.0201,7.1
PS1627,C0091,2025-06-09,9878819.35,0.75,0.2,0.05,0.76,0.19,0.05,1.0,59.4,0.0774,0.011,7.1
PS1628,C0091,2025-07-09,9356711.61,0.75,0.2,0.05,0.802,0.148,0.05,5.2,63.8,0.0853,-0.0135,7.1
PS1629,C0091,2025-08-08,9111452.38,0.75,0.2,0.05,0.74,0.21,0.05,1.0,61.2,-0.0348,0.0519,7.1
PS1630,C0091,2025-09-07,9276348.89,0.75,0.2,0.05,0.726,0.224,0.05,2.4,64.6,0.0513,-0.0091,7.1
PS1631,C0091,2025-10-07,9041832.72,0.75,0.2,0.05,0.745,0.205,0.05,0.5,58.6,-0.0281,-0.0203,7.1
PS1632,C0091,2025-11-06,8703484.58,0.75,0.2,0.05,0.686,0.264,0.05,6.4,64.9,-0.0152,-0.0076,7.1
PS1633,C0091,2025-12-06,8468186.71,0.75,0.2,0.05,0.754,0.196,0.05,0.4,66.0,-0.0354,0.0451,7.1
PS1634,C0091,2026-01-05,8330354.81,0.75,0.2,0.05,0.652,0.298,0.05,9.8,62.1,0.0921,0.0006,7.1
PS1635,C0091,2026-02-04,8198069.46,0.75,0.2,0.05,0.815,0.135,0.05,6.5,68.7,-0.1097,0.0243,7.1
PS1636,C0091,2026-03-06,8072745.47,0.75,0.2,0.05,0.717,0.233,0.05,3.3,84.1,0.1126,-0.0049,7.1
PS1637,C0091,2026-04-05,8262738.17,0.75,0.2,0.05,0.729,0.221,0.05,2.1,74.5,0.1399,-0.0568,7.1
PS1638,C0091,2026-05-05,8294446.85,0.75,0.2,0.05,0.717,0.233,0.05,3.3,82.8,0.0017,0.0086,7.1
PS1639,C0092,2024-12-11,801385.02,0.75,0.2,0.05,0.816,0.134,0.05,6.6,56.5,0.0758,-0.012,7.9
PS1640,C0092,2025-01-10,851666.39,0.75,0.2,0.05,0.832,0.118,0.05,8.2,46.9,0.0891,0.0384,7.9
PS1641,C0092,2025-02-09,810148.28,0.75,0.2,0.05,0.661,0.289,0.05,8.9,54.3,0.0352,0.0015,7.9
PS1642,C0092,2025-03-11,844029.16,0.75,0.2,0.05,0.696,0.254,0.05,5.4,61.6,-0.0301,0.0266,7.9
PS1643,C0092,2025-04-10,872335.32,0.75,0.2,0.05,0.776,0.174,0.05,2.6,54.5,0.135,-0.0101,7.9
PS1644,C0092,2025-05-10,864768.86,0.75,0.2,0.05,0.698,0.252,0.05,5.2,62.6,0.0603,0.0224,7.9
PS1645,C0092,2025-06-09,892405.43,0.75,0.2,0.05,0.7,0.25,0.05,5.0,67.6,0.0839,-0.0247,7.9
PS1646,C0092,2025-07-09,946609.17,0.75,0.2,0.05,0.762,0.188,0.05,1.2,51.9,0.1037,-0.0257,7.9
PS1647,C0092,2025-08-08,962290.73,0.75,0.2,0.05,0.758,0.192,0.05,0.8,62.9,-0.0216,0.0351,7.9
PS1648,C0092,2025-09-07,959277.54,0.75,0.2,0.05,0.734,0.216,0.05,1.6,56.5,0.0348,0.0034,7.9
PS1649,C0092,2025-10-07,976691.94,0.75,0.2,0.05,0.738,0.212,0.05,1.2,55.7,0.088,0.0238,7.9
PS1650,C0092,2025-11-06,988102.37,0.75,0.2,0.05,0.831,0.119,0.05,8.1,62.1,0.1021,0.0254,7.9
PS1651,C0092,2025-12-06,1003612.87,0.75,0.2,0.05,0.746,0.204,0.05,0.4,59.2,0.1289,0.0258,7.9
PS1652,C0092,2026-01-05,1021328.48,0.75,0.2,0.05,0.76,0.19,0.05,1.0,69.0,-0.0718,-0.0079,7.9
PS1653,C0092,2026-02-04,1003843.4,0.75,0.2,0.05,0.703,0.247,0.05,4.7,72.4,-0.0344,0.0164,7.9
PS1654,C0092,2026-03-06,995744.7,0.75,0.2,0.05,0.66,0.29,0.05,9.0,78.6,-0.0196,0.0067,7.9
PS1655,C0092,2026-04-05,1051075.72,0.75,0.2,0.05,0.808,0.142,0.05,5.8,77.6,0.0164,0.0316,7.9
PS1656,C0092,2026-05-05,1068825.37,0.75,0.2,0.05,0.774,0.176,0.05,2.4,76.5,-0.0073,0.0089,7.9
PS1657,C0093,2024-12-11,1029459.1,0.75,0.2,0.05,0.714,0.236,0.05,3.6,54.5,0.0421,0.0003,6.0
PS1658,C0093,2025-01-10,974539.28,0.75,0.2,0.05,0.776,0.174,0.05,2.6,46.2,0.0679,0.0252,6.0
PS1659,C0093,2025-02-09,990362.22,0.75,0.2,0.05,0.785,0.165,0.05,3.5,49.5,0.0707,0.0058,6.0
PS1660,C0093,2025-03-11,980142.42,0.75,0.2,0.05,0.747,0.203,0.05,0.3,59.0,0.11,0.0373,6.0
PS1661,C0093,2025-04-10,975094.01,0.75,0.2,0.05,0.72,0.23,0.05,3.0,58.0,-0.0353,0.0309,6.0
PS1662,C0093,2025-05-10,979237.34,0.75,0.2,0.05,0.693,0.257,0.05,5.7,60.1,-0.1176,0.0305,6.0
PS1663,C0093,2025-06-09,1042180.78,0.75,0.2,0.05,0.697,0.253,0.05,5.3,62.4,0.0127,0.0111,6.0
PS1664,C0093,2025-07-09,1030047.94,0.75,0.2,0.05,0.792,0.158,0.05,4.2,61.0,-0.0778,0.0095,6.0
PS1665,C0093,2025-08-08,1066450.47,0.75,0.2,0.05,0.782,0.168,0.05,3.2,61.9,0.0963,0.0069,6.0
PS1666,C0093,2025-09-07,1072354.34,0.75,0.2,0.05,0.745,0.205,0.05,0.5,67.7,0.0089,-0.0184,6.0
PS1667,C0093,2025-10-07,1088382.61,0.75,0.2,0.05,0.762,0.188,0.05,1.2,66.5,0.0395,-0.0246,6.0
PS1668,C0093,2025-11-06,1048393.06,0.75,0.2,0.05,0.709,0.241,0.05,4.1,71.6,0.0287,-0.0009,6.0
PS1669,C0093,2025-12-06,1063464.74,0.75,0.2,0.05,0.753,0.197,0.05,0.3,71.0,0.048,-0.0178,6.0
PS1670,C0093,2026-01-05,1049151.81,0.75,0.2,0.05,0.929,0.021,0.05,17.9,69.9,0.0279,0.0021,6.0
PS1671,C0093,2026-02-04,1017202.23,0.75,0.2,0.05,0.715,0.235,0.05,3.5,75.1,0.0882,-0.0015,6.0
PS1672,C0093,2026-03-06,1005034.54,0.75,0.2,0.05,0.584,0.366,0.05,16.6,71.8,0.1287,0.0089,6.0
PS1673,C0093,2026-04-05,1037192.52,0.75,0.2,0.05,0.769,0.181,0.05,1.9,72.9,0.0993,-0.0373,6.0
PS1674,C0093,2026-05-05,1039261.51,0.75,0.2,0.05,0.736,0.214,0.05,1.4,67.2,0.0619,-0.0128,6.0
PS1675,C0094,2024-12-11,706716.29,0.9,0.08,0.02,0.938,0.042,0.02,3.8,52.0,0.1174,0.0185,9.6
PS1676,C0094,2025-01-10,695596.83,0.9,0.08,0.02,0.793,0.187,0.02,10.7,54.9,0.1098,-0.0082,9.6
PS1677,C0094,2025-02-09,691561.93,0.9,0.08,0.02,0.887,0.093,0.02,1.3,52.5,0.0351,0.0132,9.6
PS1678,C0094,2025-03-11,690132.79,0.9,0.08,0.02,0.794,0.186,0.02,10.6,57.0,0.0251,-0.0027,9.6
PS1679,C0094,2025-04-10,694495.85,0.9,0.08,0.02,0.906,0.074,0.02,0.6,58.0,0.1355,-0.0065,9.6
PS1680,C0094,2025-05-10,714383.97,0.9,0.08,0.02,0.833,0.147,0.02,6.7,48.5,-0.0769,0.0429,9.6
PS1681,C0094,2025-06-09,678523.99,0.9,0.08,0.02,0.811,0.169,0.02,8.9,55.7,0.0987,-0.0012,9.6
PS1682,C0094,2025-07-09,681733.22,0.9,0.08,0.02,0.885,0.095,0.02,1.5,62.6,-0.1733,-0.0052,9.6
PS1683,C0094,2025-08-08,660722.25,0.9,0.08,0.02,0.944,0.036,0.02,4.4,57.9,0.1675,-0.0187,9.6
PS1684,C0094,2025-09-07,653151.54,0.9,0.08,0.02,0.903,0.077,0.02,0.3,64.0,0.0355,-0.0174,9.6
PS1685,C0094,2025-10-07,685251.46,0.9,0.08,0.02,1,0,0,12.6,59.2,-0.0811,0.0538,9.6
PS1686,C0094,2025-11-06,705420.15,0.9,0.08,0.02,0.846,0.134,0.02,5.4,70.5,0.073,-0.0011,9.6
PS1687,C0094,2025-12-06,708727.08,0.9,0.08,0.02,0.852,0.128,0.02,4.8,62.2,0.0333,0.0422,9.6
PS1688,C0094,2026-01-05,697806.35,0.9,0.08,0.02,0.927,0.053,0.02,2.7,69.1,0.0929,0.019,9.6
PS1689,C0094,2026-02-04,696083.22,0.9,0.08,0.02,0.824,0.156,0.02,7.6,75.9,0.0237,0.0242,9.6
PS1690,C0094,2026-03-06,682272.99,0.9,0.08,0.02,0.891,0.089,0.02,0.9,74.9,0.0689,0.0328,9.6
PS1691,C0094,2026-04-05,662648.51,0.9,0.08,0.02,0.952,0.028,0.02,5.2,76.3,0.0099,0.0394,9.6
PS1692,C0094,2026-05-05,678434.59,0.9,0.08,0.02,0.885,0.095,0.02,1.5,71.7,-0.0434,0.0245,9.6
PS1693,C0095,2024-12-11,954690.83,0.75,0.2,0.05,0.663,0.287,0.05,8.7,54.1,0.0835,0.0315,6.8
PS1694,C0095,2025-01-10,1005771.74,0.75,0.2,0.05,0.733,0.217,0.05,1.7,41.6,0.0975,-0.0032,6.8
PS1695,C0095,2025-02-09,1032724.33,0.75,0.2,0.05,0.846,0.104,0.05,9.6,57.8,0.0618,0.0323,6.8
PS1696,C0095,2025-03-11,1062283.14,0.75,0.2,0.05,0.657,0.293,0.05,9.3,50.2,-0.0644,0.0502,6.8
PS1697,C0095,2025-04-10,1061096.33,0.75,0.2,0.05,0.676,0.274,0.05,7.4,56.4,0.0784,-0.0026,6.8
PS1698,C0095,2025-05-10,999308.25,0.75,0.2,0.05,0.677,0.273,0.05,7.3,57.6,-0.0748,0.0122,6.8
PS1699,C0095,2025-06-09,1025365.25,0.75,0.2,0.05,0.817,0.133,0.05,6.7,62.9,0.1374,0.0185,6.8
PS1700,C0095,2025-07-09,1019801.38,0.75,0.2,0.05,0.782,0.168,0.05,3.2,59.2,0.0094,0.0148,6.8
PS1701,C0095,2025-08-08,1023022.54,0.75,0.2,0.05,0.868,0.082,0.05,11.8,55.1,0.1608,0.0405,6.8
PS1702,C0095,2025-09-07,1049947.99,0.75,0.2,0.05,0.707,0.243,0.05,4.3,68.4,0.0922,0.0122,6.8
PS1703,C0095,2025-10-07,1015680.05,0.75,0.2,0.05,0.727,0.223,0.05,2.3,64.1,-0.0099,0.0254,6.8
PS1704,C0095,2025-11-06,1036519.08,0.75,0.2,0.05,0.711,0.239,0.05,3.9,72.3,-0.089,-0.0444,6.8
PS1705,C0095,2025-12-06,1033470.58,0.75,0.2,0.05,0.744,0.206,0.05,0.6,73.3,0.007,-0.0039,6.8
PS1706,C0095,2026-01-05,1069148.71,0.75,0.2,0.05,0.751,0.199,0.05,0.1,68.5,-0.0883,-0.0123,6.8
PS1707,C0095,2026-02-04,1080173.82,0.75,0.2,0.05,0.767,0.183,0.05,1.7,69.0,0.1045,-0.0157,6.8
PS1708,C0095,2026-03-06,1041531.49,0.75,0.2,0.05,0.798,0.152,0.05,4.8,71.5,0.0506,-0.017,6.8
PS1709,C0095,2026-04-05,1027720.46,0.75,0.2,0.05,0.751,0.199,0.05,0.1,75.1,0.0897,-0.0217,6.8
PS1710,C0095,2026-05-05,1001074.24,0.75,0.2,0.05,0.688,0.262,0.05,6.2,75.0,0.043,0.0024,6.8
PS1711,C0096,2024-12-11,676499.08,0.75,0.2,0.05,0.759,0.191,0.05,0.9,51.1,0.0224,0.0081,4.9
PS1712,C0096,2025-01-10,687782.77,0.75,0.2,0.05,0.727,0.223,0.05,2.3,49.3,0.1997,-0.0274,4.9
PS1713,C0096,2025-02-09,692140.69,0.75,0.2,0.05,0.675,0.275,0.05,7.5,49.6,0.1794,0.0024,4.9
PS1714,C0096,2025-03-11,660796.04,0.75,0.2,0.05,0.665,0.285,0.05,8.5,54.1,0.1488,-0.0392,4.9
PS1715,C0096,2025-04-10,688409.14,0.75,0.2,0.05,0.824,0.126,0.05,7.4,50.8,0.1755,-0.0099,4.9
PS1716,C0096,2025-05-10,712544.19,0.75,0.2,0.05,0.802,0.148,0.05,5.2,57.5,0.0353,-0.039,4.9
PS1717,C0096,2025-06-09,724814.02,0.75,0.2,0.05,0.646,0.304,0.05,10.4,58.2,0.0263,-0.0026,4.9
PS1718,C0096,2025-07-09,751392.17,0.75,0.2,0.05,0.783,0.167,0.05,3.3,59.9,0.0394,0.0191,4.9
PS1719,C0096,2025-08-08,709612.8,0.75,0.2,0.05,0.823,0.127,0.05,7.3,63.2,0.046,0.0399,4.9
PS1720,C0096,2025-09-07,718580.34,0.75,0.2,0.05,0.655,0.295,0.05,9.5,65.9,0.1054,-0.0101,4.9
PS1721,C0096,2025-10-07,767651.11,0.75,0.2,0.05,0.728,0.222,0.05,2.2,69.3,0.1158,0.0268,4.9
PS1722,C0096,2025-11-06,784280.57,0.75,0.2,0.05,0.662,0.288,0.05,8.8,71.1,0.2086,0.0225,4.9
PS1723,C0096,2025-12-06,803262.19,0.75,0.2,0.05,0.77,0.18,0.05,2.0,70.3,0.0686,-0.0196,4.9
PS1724,C0096,2026-01-05,820074.16,0.75,0.2,0.05,0.779,0.171,0.05,2.9,59.5,-0.016,0.0047,4.9
PS1725,C0096,2026-02-04,837929.3,0.75,0.2,0.05,0.767,0.183,0.05,1.7,66.2,-0.0338,0.0198,4.9
PS1726,C0096,2026-03-06,877250.35,0.75,0.2,0.05,0.615,0.335,0.05,13.5,75.1,0.0156,-0.018,4.9
PS1727,C0096,2026-04-05,866737.0,0.75,0.2,0.05,0.724,0.226,0.05,2.6,62.0,0.0883,-0.0145,4.9
PS1728,C0096,2026-05-05,895475.38,0.75,0.2,0.05,0.687,0.263,0.05,6.3,75.1,-0.1191,-0.0627,4.9
PS1729,C0097,2024-12-11,407458.53,0.75,0.2,0.05,0.771,0.179,0.05,2.1,51.2,0.0071,-0.018,8.9
PS1730,C0097,2025-01-10,416394.23,0.75,0.2,0.05,0.823,0.127,0.05,7.3,38.4,0.0049,-0.0064,8.9
PS1731,C0097,2025-02-09,431078.76,0.75,0.2,0.05,0.808,0.142,0.05,5.8,54.7,-0.0574,0.0208,8.9
PS1732,C0097,2025-03-11,442283.34,0.75,0.2,0.05,0.793,0.157,0.05,4.3,59.9,0.0384,0.0029,8.9
PS1733,C0097,2025-04-10,428816.84,0.75,0.2,0.05,0.789,0.161,0.05,3.9,52.7,0.1557,-0.0071,8.9
PS1734,C0097,2025-05-10,446867.37,0.75,0.2,0.05,0.749,0.201,0.05,0.1,50.7,0.1282,0.0208,8.9
PS1735,C0097,2025-06-09,461168.46,0.75,0.2,0.05,0.672,0.278,0.05,7.8,58.3,-0.0055,-0.0397,8.9
PS1736,C0097,2025-07-09,466262.3,0.75,0.2,0.05,0.661,0.289,0.05,8.9,63.0,0.1691,0.0257,8.9
PS1737,C0097,2025-08-08,466818.79,0.75,0.2,0.05,0.7,0.25,0.05,5.0,65.2,0.0854,0.0327,8.9
PS1738,C0097,2025-09-07,456852.84,0.75,0.2,0.05,0.741,0.209,0.05,0.9,65.2,0.0909,0.0287,8.9
PS1739,C0097,2025-10-07,440795.69,0.75,0.2,0.05,0.691,0.259,0.05,5.9,70.3,0.0893,0.033,8.9
PS1740,C0097,2025-11-06,427997.7,0.75,0.2,0.05,0.856,0.094,0.05,10.6,69.8,0.0242,0.0128,8.9
PS1741,C0097,2025-12-06,446354.84,0.75,0.2,0.05,0.679,0.271,0.05,7.1,72.4,-0.0701,-0.0052,8.9
PS1742,C0097,2026-01-05,440408.79,0.75,0.2,0.05,0.813,0.137,0.05,6.3,70.0,0.1453,0.0265,8.9
PS1743,C0097,2026-02-04,445094.82,0.75,0.2,0.05,0.755,0.195,0.05,0.5,66.6,0.0201,0.029,8.9
PS1744,C0097,2026-03-06,454709.47,0.75,0.2,0.05,0.664,0.286,0.05,8.6,74.3,0.0543,-0.0043,8.9
PS1745,C0097,2026-04-05,459815.31,0.75,0.2,0.05,0.789,0.161,0.05,3.9,67.7,0.1165,-0.0101,8.9
PS1746,C0097,2026-05-05,472175.16,0.75,0.2,0.05,0.733,0.217,0.05,1.7,75.0,0.1673,-0.0102,8.9
PS1747,C0098,2024-12-11,658713.76,0.3,0.5,0.2,0.327,0.473,0.2,2.7,47.4,0.0379,0.0157,2.7
PS1748,C0098,2025-01-10,671740.95,0.3,0.5,0.2,0.371,0.429,0.2,7.1,50.5,0.0131,-0.02,2.7
PS1749,C0098,2025-02-09,693266.42,0.3,0.5,0.2,0.222,0.578,0.2,7.8,50.0,0.0002,0.0316,2.7
PS1750,C0098,2025-03-11,751379.06,0.3,0.5,0.2,0.264,0.536,0.2,3.6,53.1,0.088,-0.0256,2.7
PS1751,C0098,2025-04-10,743932.1,0.3,0.5,0.2,0.311,0.489,0.2,1.1,53.9,0.0103,0.0119,2.7
PS1752,C0098,2025-05-10,781145.82,0.3,0.5,0.2,0.329,0.471,0.2,2.9,60.8,0.0972,0.0052,2.7
PS1753,C0098,2025-06-09,814288.72,0.3,0.5,0.2,0.266,0.534,0.2,3.4,61.1,0.0986,0.0164,2.7
PS1754,C0098,2025-07-09,796087.36,0.3,0.5,0.2,0.289,0.511,0.2,1.1,62.5,0.0731,0.0151,2.7
PS1755,C0098,2025-08-08,779186.07,0.3,0.5,0.2,0.304,0.496,0.2,0.4,67.5,-0.0632,0.0087,2.7
PS1756,C0098,2025-09-07,776988.83,0.3,0.5,0.2,0.259,0.541,0.2,4.1,68.7,0.0993,0.0049,2.7
PS1757,C0098,2025-10-07,784099.63,0.3,0.5,0.2,0.195,0.605,0.2,10.5,58.2,0.1957,-0.0053,2.7
PS1758,C0098,2025-11-06,802654.12,0.3,0.5,0.2,0.241,0.559,0.2,5.9,71.1,-0.0377,-0.0276,2.7
PS1759,C0098,2025-12-06,838647.0,0.3,0.5,0.2,0.249,0.551,0.2,5.1,73.2,0.2113,0.0007,2.7
PS1760,C0098,2026-01-05,838336.93,0.3,0.5,0.2,0.376,0.424,0.2,7.6,68.1,0.0359,0.0054,2.7
PS1761,C0098,2026-02-04,829506.23,0.3,0.5,0.2,0.253,0.547,0.2,4.7,74.8,0.0075,0.0402,2.7
PS1762,C0098,2026-03-06,792973.0,0.3,0.5,0.2,0.267,0.533,0.2,3.3,73.3,0.052,0.0073,2.7
PS1763,C0098,2026-04-05,784115.53,0.3,0.5,0.2,0.263,0.537,0.2,3.7,67.6,0.0558,0.0177,2.7
PS1764,C0098,2026-05-05,812895.32,0.3,0.5,0.2,0.309,0.491,0.2,0.9,74.9,0.2073,-0.0142,2.7
PS1765,C0099,2024-12-11,166904.95,0.9,0.08,0.02,0.888,0.092,0.02,1.2,59.6,0.1587,0.0153,10
PS1766,C0099,2025-01-10,156874.24,0.9,0.08,0.02,0.875,0.105,0.02,2.5,49.1,0.1181,-0.024,10
PS1767,C0099,2025-02-09,161416.36,0.9,0.08,0.02,0.853,0.127,0.02,4.7,54.5,0.183,0.0473,10
PS1768,C0099,2025-03-11,162503.26,0.9,0.08,0.02,0.817,0.163,0.02,8.3,57.0,0.1686,0.033,10
PS1769,C0099,2025-04-10,165826.73,0.9,0.08,0.02,0.922,0.058,0.02,2.2,53.6,0.1252,0.0602,10
PS1770,C0099,2025-05-10,171623.74,0.9,0.08,0.02,0.833,0.147,0.02,6.7,54.0,0.0598,0.0145,10
PS1771,C0099,2025-06-09,168025.25,0.9,0.08,0.02,0.832,0.148,0.02,6.8,56.5,0.0267,-0.0031,10
PS1772,C0099,2025-07-09,159495.2,0.9,0.08,0.02,0.823,0.157,0.02,7.7,55.5,0.1067,-0.0199,10
PS1773,C0099,2025-08-08,160039.31,0.9,0.08,0.02,0.925,0.055,0.02,2.5,55.8,-0.0032,0.0362,10
PS1774,C0099,2025-09-07,165003.95,0.9,0.08,0.02,0.897,0.083,0.02,0.3,65.2,0.1319,-0.0063,10
PS1775,C0099,2025-10-07,165951.53,0.9,0.08,0.02,0.871,0.109,0.02,2.9,65.6,0.0169,0.0175,10
PS1776,C0099,2025-11-06,161840.17,0.9,0.08,0.02,0.839,0.141,0.02,6.1,64.6,0.0982,0.0021,10
PS1777,C0099,2025-12-06,168209.67,0.9,0.08,0.02,0.815,0.165,0.02,8.5,70.2,-0.0621,0.0044,10
PS1778,C0099,2026-01-05,163491.31,0.9,0.08,0.02,0.946,0.034,0.02,4.6,69.9,0.0271,-0.0199,10
PS1779,C0099,2026-02-04,161626.07,0.9,0.08,0.02,0.868,0.112,0.02,3.2,74.7,0.1312,0.0278,10
PS1780,C0099,2026-03-06,159651.22,0.9,0.08,0.02,0.802,0.178,0.02,9.8,74.3,0.0373,0.0362,10
PS1781,C0099,2026-04-05,155350.37,0.9,0.08,0.02,0.889,0.091,0.02,1.1,85.0,0.053,0.045,10
PS1782,C0099,2026-05-05,157682.34,0.9,0.08,0.02,0.898,0.082,0.02,0.2,70.7,0.0735,-0.0002,10
PS1783,C0100,2024-12-11,112639.3,0.75,0.2,0.05,0.696,0.254,0.05,5.4,48.7,0.0717,0.0061,7.7
PS1784,C0100,2025-01-10,113721.31,0.75,0.2,0.05,0.715,0.235,0.05,3.5,47.8,-0.0127,0.0095,7.7
PS1785,C0100,2025-02-09,114058.65,0.75,0.2,0.05,0.659,0.291,0.05,9.1,61.3,-0.0521,0.0363,7.7
PS1786,C0100,2025-03-11,115246.12,0.75,0.2,0.05,0.732,0.218,0.05,1.8,56.3,-0.0588,-0.0377,7.7
PS1787,C0100,2025-04-10,118584.62,0.75,0.2,0.05,0.774,0.176,0.05,2.4,56.1,-0.0146,-0.0075,7.7
PS1788,C0100,2025-05-10,115338.52,0.75,0.2,0.05,0.835,0.115,0.05,8.5,54.6,0.0099,-0.0417,7.7
PS1789,C0100,2025-06-09,116615.58,0.75,0.2,0.05,0.702,0.248,0.05,4.8,58.1,0.158,0.0292,7.7
PS1790,C0100,2025-07-09,116429.88,0.75,0.2,0.05,0.844,0.106,0.05,9.4,54.5,0.0556,-0.0076,7.7
PS1791,C0100,2025-08-08,116260.66,0.75,0.2,0.05,0.845,0.105,0.05,9.5,57.1,0.0574,-0.0122,7.7
PS1792,C0100,2025-09-07,119475.98,0.75,0.2,0.05,0.743,0.207,0.05,0.7,71.9,0.0938,0.0274,7.7
PS1793,C0100,2025-10-07,122697.32,0.75,0.2,0.05,0.658,0.292,0.05,9.2,59.6,0.1015,0.0342,7.7
PS1794,C0100,2025-11-06,119225.62,0.75,0.2,0.05,0.531,0.419,0.05,21.9,70.5,0.1205,0.0182,7.7
PS1795,C0100,2025-12-06,125293.72,0.75,0.2,0.05,0.748,0.202,0.05,0.2,80.7,-0.015,0.0372,7.7
PS1796,C0100,2026-01-05,124908.4,0.75,0.2,0.05,0.694,0.256,0.05,5.6,67.5,0.201,0.007,7.7
PS1797,C0100,2026-02-04,128646.09,0.75,0.2,0.05,0.653,0.297,0.05,9.7,68.0,0.175,-0.0283,7.7
PS1798,C0100,2026-03-06,126198.44,0.75,0.2,0.05,0.815,0.135,0.05,6.5,73.6,0.119,0.0076,7.7
PS1799,C0100,2026-04-05,128342.39,0.75,0.2,0.05,0.767,0.183,0.05,1.7,75.6,0.1603,0.0349,7.7
PS1800,C0100,2026-05-05,122717.85,0.75,0.2,0.05,0.692,0.258,0.05,5.8,71.2,-0.0564,0.0074,7.7
PS1801,C0101,2024-12-11,588907.25,0.75,0.2,0.05,0.816,0.134,0.05,6.6,56.2,0.1017,-0.0097,9.0
PS1802,C0101,2025-01-10,641144.6,0.75,0.2,0.05,0.686,0.264,0.05,6.4,51.0,-0.0568,0.012,9.0
PS1803,C0101,2025-02-09,662253.6,0.75,0.2,0.05,0.767,0.183,0.05,1.7,49.6,0.1753,-0.0054,9.0
PS1804,C0101,2025-03-11,688298.32,0.75,0.2,0.05,0.783,0.167,0.05,3.3,55.6,0.0231,0.0137,9.0
PS1805,C0101,2025-04-10,680968.94,0.75,0.2,0.05,0.722,0.228,0.05,2.8,48.9,0.0023,-0.0229,9.0
PS1806,C0101,2025-05-10,693675.66,0.75,0.2,0.05,0.745,0.205,0.05,0.5,50.6,0.0823,-0.0322,9.0
PS1807,C0101,2025-06-09,693041.48,0.75,0.2,0.05,0.809,0.141,0.05,5.9,51.1,0.1465,0.0466,9.0
PS1808,C0101,2025-07-09,724177.37,0.75,0.2,0.05,0.712,0.238,0.05,3.8,68.0,0.0529,0.0412,9.0
PS1809,C0101,2025-08-08,705187.71,0.75,0.2,0.05,0.677,0.273,0.05,7.3,69.4,-0.1024,0.0211,9.0
PS1810,C0101,2025-09-07,710910.47,0.75,0.2,0.05,0.694,0.256,0.05,5.6,63.3,0.0838,0.0381,9.0
PS1811,C0101,2025-10-07,730540.49,0.75,0.2,0.05,0.731,0.219,0.05,1.9,68.9,0.0214,-0.0236,9.0
PS1812,C0101,2025-11-06,735366.36,0.75,0.2,0.05,0.582,0.368,0.05,16.8,71.2,0.1788,-0.0044,9.0
PS1813,C0101,2025-12-06,723786.74,0.75,0.2,0.05,0.796,0.154,0.05,4.6,55.5,0.0836,0.0084,9.0
PS1814,C0101,2026-01-05,704508.1,0.75,0.2,0.05,0.688,0.262,0.05,6.2,66.6,0.1537,0.0006,9.0
PS1815,C0101,2026-02-04,705528.53,0.75,0.2,0.05,0.718,0.232,0.05,3.2,78.0,0.1645,0.0456,9.0
PS1816,C0101,2026-03-06,684275.18,0.75,0.2,0.05,0.805,0.145,0.05,5.5,66.2,0.0023,0.0489,9.0
PS1817,C0101,2026-04-05,671813.26,0.75,0.2,0.05,0.634,0.316,0.05,11.6,75.5,0.0632,0.0221,9.0
PS1818,C0101,2026-05-05,650537.23,0.75,0.2,0.05,0.742,0.208,0.05,0.8,80.7,-0.121,-0.0055,9.0
PS1819,C0102,2024-12-11,95039.34,0.9,0.08,0.02,0.842,0.138,0.02,5.8,44.1,-0.0308,0.0268,8.2
PS1820,C0102,2025-01-10,94919.49,0.9,0.08,0.02,0.858,0.122,0.02,4.2,43.8,0.017,0.0046,8.2
PS1821,C0102,2025-02-09,94710.36,0.9,0.08,0.02,0.764,0.216,0.02,13.6,53.1,0.0255,-0.0141,8.2
PS1822,C0102,2025-03-11,92973.84,0.9,0.08,0.02,0.791,0.189,0.02,10.9,54.1,0.051,0.0019,8.2
PS1823,C0102,2025-04-10,96613.56,0.9,0.08,0.02,0.866,0.114,0.02,3.4,47.1,0.1066,0.0064,8.2
PS1824,C0102,2025-05-10,98236.64,0.9,0.08,0.02,0.879,0.101,0.02,2.1,50.8,0.085,0.0266,8.2
PS1825,C0102,2025-06-09,99889.78,0.9,0.08,0.02,0.901,0.079,0.02,0.1,69.7,0.0386,0.0024,8.2
PS1826,C0102,2025-07-09,102654.39,0.9,0.08,0.02,0.896,0.084,0.02,0.4,61.8,0.0712,-0.0035,8.2
PS1827,C0102,2025-08-08,101802.56,0.9,0.08,0.02,0.902,0.078,0.02,0.2,60.3,0.194,-0.0229,8.2
PS1828,C0102,2025-09-07,97819.69,0.9,0.08,0.02,0.877,0.103,0.02,2.3,61.3,0.1216,0.0193,8.2
PS1829,C0102,2025-10-07,98021.7,0.9,0.08,0.02,0.904,0.076,0.02,0.4,66.7,-0.0543,0.0063,8.2
PS1830,C0102,2025-11-06,99612.72,0.9,0.08,0.02,1,0,0,13.8,66.8,0.0717,0.0148,8.2
PS1831,C0102,2025-12-06,103138.93,0.9,0.08,0.02,0.962,0.018,0.02,6.2,69.1,0.0903,0.0151,8.2
PS1832,C0102,2026-01-05,103283.37,0.9,0.08,0.02,0.935,0.045,0.02,3.5,70.6,0.1292,0.0229,8.2
PS1833,C0102,2026-02-04,101782.36,0.9,0.08,0.02,0.863,0.117,0.02,3.7,77.3,0.2376,-0.0089,8.2
PS1834,C0102,2026-03-06,101356.24,0.9,0.08,0.02,0.913,0.067,0.02,1.3,65.9,-0.0192,0.0086,8.2
PS1835,C0102,2026-04-05,101205.64,0.9,0.08,0.02,0.838,0.142,0.02,6.2,70.1,0.115,0.0146,8.2
PS1836,C0102,2026-05-05,100218.89,0.9,0.08,0.02,0.869,0.111,0.02,3.1,72.5,0.0782,-0.0254,8.2
PS1837,C0103,2024-12-11,131487.28,0.55,0.35,0.1,0.522,0.378,0.1,2.8,41.0,0.2366,-0.0091,1.8
PS1838,C0103,2025-01-10,132805.86,0.55,0.35,0.1,0.494,0.406,0.1,5.6,65.3,-0.0853,-0.0255,1.8
PS1839,C0103,2025-02-09,135976.16,0.55,0.35,0.1,0.507,0.393,0.1,4.3,50.4,0.0475,0.0052,1.8
PS1840,C0103,2025-03-11,140387.32,0.55,0.35,0.1,0.509,0.391,0.1,4.1,56.0,0.0455,-0.0344,1.8
PS1841,C0103,2025-04-10,143014.1,0.55,0.35,0.1,0.431,0.469,0.1,11.9,50.5,0.1258,0.0148,1.8
PS1842,C0103,2025-05-10,141131.88,0.55,0.35,0.1,0.59,0.31,0.1,4.0,64.2,-0.0549,-0.0186,1.8
PS1843,C0103,2025-06-09,144818.55,0.55,0.35,0.1,0.537,0.363,0.1,1.3,61.8,-0.0241,0.0288,1.8
PS1844,C0103,2025-07-09,144530.88,0.55,0.35,0.1,0.562,0.338,0.1,1.2,61.4,-0.0108,-0.0332,1.8
PS1845,C0103,2025-08-08,151208.97,0.55,0.35,0.1,0.58,0.32,0.1,3.0,55.4,-0.0845,0.003,1.8
PS1846,C0103,2025-09-07,155093.24,0.55,0.35,0.1,0.613,0.287,0.1,6.3,63.0,0.0187,0.0225,1.8
PS1847,C0103,2025-10-07,160753.15,0.55,0.35,0.1,0.657,0.243,0.1,10.7,65.0,0.1638,0.011,1.8
PS1848,C0103,2025-11-06,163192.35,0.55,0.35,0.1,0.584,0.316,0.1,3.4,67.4,-0.0909,-0.0094,1.8
PS1849,C0103,2025-12-06,162846.87,0.55,0.35,0.1,0.511,0.389,0.1,3.9,60.7,0.0307,-0.0183,1.8
PS1850,C0103,2026-01-05,174735.86,0.55,0.35,0.1,0.541,0.359,0.1,0.9,66.3,0.1041,-0.0051,1.8
PS1851,C0103,2026-02-04,163259.06,0.55,0.35,0.1,0.532,0.368,0.1,1.8,76.4,0.0074,-0.0109,1.8
PS1852,C0103,2026-03-06,171226.46,0.55,0.35,0.1,0.498,0.402,0.1,5.2,71.1,0.1872,-0.0122,1.8
PS1853,C0103,2026-04-05,170609.88,0.55,0.35,0.1,0.602,0.298,0.1,5.2,73.6,-0.0233,0.0485,1.8
PS1854,C0103,2026-05-05,169434.55,0.55,0.35,0.1,0.629,0.271,0.1,7.9,71.3,0.0851,0.058,1.8
PS1855,C0104,2024-12-11,745792.9,0.75,0.2,0.05,0.7,0.25,0.05,5.0,44.6,0.1179,0.0297,5.6
PS1856,C0104,2025-01-10,711432.87,0.75,0.2,0.05,0.765,0.185,0.05,1.5,51.9,0.0619,0.0018,5.6
PS1857,C0104,2025-02-09,707101.11,0.75,0.2,0.05,0.675,0.275,0.05,7.5,57.0,0.0551,0.014,5.6
PS1858,C0104,2025-03-11,757330.56,0.75,0.2,0.05,0.689,0.261,0.05,6.1,54.9,0.1388,0.0359,5.6
PS1859,C0104,2025-04-10,767155.94,0.75,0.2,0.05,0.778,0.172,0.05,2.8,44.7,0.0526,0.0068,5.6
PS1860,C0104,2025-05-10,750811.46,0.75,0.2,0.05,0.662,0.288,0.05,8.8,56.0,0.0271,-0.0253,5.6
PS1861,C0104,2025-06-09,708806.51,0.75,0.2,0.05,0.729,0.221,0.05,2.1,58.6,-0.0017,-0.011,5.6
PS1862,C0104,2025-07-09,693882.85,0.75,0.2,0.05,0.744,0.206,0.05,0.6,55.4,0.1568,0.0072,5.6
PS1863,C0104,2025-08-08,701899.04,0.75,0.2,0.05,0.747,0.203,0.05,0.3,62.9,0.1187,-0.0421,5.6
PS1864,C0104,2025-09-07,719423.46,0.75,0.2,0.05,0.672,0.278,0.05,7.8,60.7,0.1489,0.0207,5.6
PS1865,C0104,2025-10-07,696272.96,0.75,0.2,0.05,0.725,0.225,0.05,2.5,69.0,0.0281,0.0259,5.6
PS1866,C0104,2025-11-06,725665.33,0.75,0.2,0.05,0.803,0.147,0.05,5.3,57.3,0.0946,0.009,5.6
PS1867,C0104,2025-12-06,658446.89,0.75,0.2,0.05,0.633,0.317,0.05,11.7,66.9,0.0442,-0.0001,5.6
PS1868,C0104,2026-01-05,677020.74,0.75,0.2,0.05,0.703,0.247,0.05,4.7,67.4,0.0347,0.008,5.6
PS1869,C0104,2026-02-04,637557.09,0.75,0.2,0.05,0.785,0.165,0.05,3.5,76.5,-0.024,0.0282,5.6
PS1870,C0104,2026-03-06,680133.21,0.75,0.2,0.05,0.736,0.214,0.05,1.4,69.6,0.0438,-0.0037,5.6
PS1871,C0104,2026-04-05,686168.35,0.75,0.2,0.05,0.82,0.13,0.05,7.0,77.8,0.1176,-0.012,5.6
PS1872,C0104,2026-05-05,696436.52,0.75,0.2,0.05,0.725,0.225,0.05,2.5,69.8,0.132,0.0312,5.6
PS1873,C0105,2024-12-11,357268.62,0.55,0.35,0.1,0.561,0.339,0.1,1.1,50.4,0.0138,0.0052,1.7
PS1874,C0105,2025-01-10,379087.21,0.55,0.35,0.1,0.544,0.356,0.1,0.6,54.4,-0.0528,0.0395,1.7
PS1875,C0105,2025-02-09,384508.94,0.55,0.35,0.1,0.511,0.389,0.1,3.9,49.5,-0.0075,-0.0063,1.7
PS1876,C0105,2025-03-11,388589.31,0.55,0.35,0.1,0.51,0.39,0.1,4.0,46.2,-0.0427,-0.0479,1.7
PS1877,C0105,2025-04-10,379009.28,0.55,0.35,0.1,0.529,0.371,0.1,2.1,53.2,-0.0462,0.044,1.7
PS1878,C0105,2025-05-10,377728.88,0.55,0.35,0.1,0.595,0.305,0.1,4.5,57.8,0.1547,-0.0336,1.7
PS1879,C0105,2025-06-09,383420.51,0.55,0.35,0.1,0.554,0.346,0.1,0.4,59.0,-0.0258,-0.0218,1.7
PS1880,C0105,2025-07-09,398157.54,0.55,0.35,0.1,0.622,0.278,0.1,7.2,59.8,-0.0024,-0.0169,1.7
PS1881,C0105,2025-08-08,402616.28,0.55,0.35,0.1,0.567,0.333,0.1,1.7,59.4,0.1037,0.0152,1.7
PS1882,C0105,2025-09-07,401865.78,0.55,0.35,0.1,0.467,0.433,0.1,8.3,69.1,0.062,0.0056,1.7
PS1883,C0105,2025-10-07,397887.99,0.55,0.35,0.1,0.481,0.419,0.1,6.9,65.4,0.0633,0.0463,1.7
PS1884,C0105,2025-11-06,374882.51,0.55,0.35,0.1,0.56,0.34,0.1,1.0,70.9,-0.0528,0.0266,1.7
PS1885,C0105,2025-12-06,406893.55,0.55,0.35,0.1,0.559,0.341,0.1,0.9,69.4,0.0662,0.0126,1.7
PS1886,C0105,2026-01-05,406968.38,0.55,0.35,0.1,0.599,0.301,0.1,4.9,71.1,0.0252,-0.0382,1.7
PS1887,C0105,2026-02-04,410833.01,0.55,0.35,0.1,0.545,0.355,0.1,0.5,68.8,-0.0229,-0.0096,1.7
PS1888,C0105,2026-03-06,414544.29,0.55,0.35,0.1,0.535,0.365,0.1,1.5,79.8,0.0345,-0.0138,1.7
PS1889,C0105,2026-04-05,434074.65,0.55,0.35,0.1,0.643,0.257,0.1,9.3,74.8,0.0072,0.0039,1.7
PS1890,C0105,2026-05-05,435602.87,0.55,0.35,0.1,0.577,0.323,0.1,2.7,73.8,-0.0409,0.0141,1.7
PS1891,C0106,2024-12-11,768231.84,0.9,0.08,0.02,1,0,0,11.7,49.1,0.0617,0.034,6.9
PS1892,C0106,2025-01-10,769496.7,0.9,0.08,0.02,0.946,0.034,0.02,4.6,62.4,0.0407,0.0269,6.9
PS1893,C0106,2025-02-09,736794.39,0.9,0.08,0.02,0.936,0.044,0.02,3.6,53.5,-0.0018,0.0052,6.9
PS1894,C0106,2025-03-11,768778.71,0.9,0.08,0.02,0.934,0.046,0.02,3.4,52.0,0.081,0.0104,6.9
PS1895,C0106,2025-04-10,782854.4,0.9,0.08,0.02,0.815,0.165,0.02,8.5,49.2,-0.0206,-0.0162,6.9
PS1896,C0106,2025-05-10,815428.94,0.9,0.08,0.02,0.9,0.08,0.02,0.0,67.8,0.1636,0.0133,6.9
PS1897,C0106,2025-06-09,820838.32,0.9,0.08,0.02,0.937,0.043,0.02,3.7,64.2,0.0831,-0.0127,6.9
PS1898,C0106,2025-07-09,777933.37,0.9,0.08,0.02,0.872,0.108,0.02,2.8,53.2,0.1073,-0.0193,6.9
PS1899,C0106,2025-08-08,752089.06,0.9,0.08,0.02,0.908,0.072,0.02,0.8,64.8,0.147,0.0307,6.9
PS1900,C0106,2025-09-07,774714.55,0.9,0.08,0.02,0.935,0.045,0.02,3.5,66.6,0.0939,0.0266,6.9
PS1901,C0106,2025-10-07,767242.59,0.9,0.08,0.02,0.754,0.226,0.02,14.6,58.2,0.0971,0.0073,6.9
PS1902,C0106,2025-11-06,724313.81,0.9,0.08,0.02,0.855,0.125,0.02,4.5,59.9,0.0492,-0.0145,6.9
PS1903,C0106,2025-12-06,715481.39,0.9,0.08,0.02,0.853,0.127,0.02,4.7,61.0,0.0471,-0.0218,6.9
PS1904,C0106,2026-01-05,703026.07,0.9,0.08,0.02,0.954,0.026,0.02,5.4,64.9,-0.0591,0.0004,6.9
PS1905,C0106,2026-02-04,725384.98,0.9,0.08,0.02,0.994,0,0.006,9.4,57.7,-0.0166,0.0126,6.9
PS1906,C0106,2026-03-06,732076.85,0.9,0.08,0.02,0.946,0.034,0.02,4.6,81.0,0.0022,-0.0182,6.9
PS1907,C0106,2026-04-05,782765.01,0.9,0.08,0.02,0.884,0.096,0.02,1.6,78.0,-0.0411,0.0078,6.9
PS1908,C0106,2026-05-05,800862.11,0.9,0.08,0.02,0.994,0,0.006,9.4,72.3,0.1688,-0.0248,6.9
PS1909,C0107,2024-12-11,232683.8,0.75,0.2,0.05,0.72,0.23,0.05,3.0,45.7,0.0488,0.0092,9.3
PS1910,C0107,2025-01-10,228617.86,0.75,0.2,0.05,0.766,0.184,0.05,1.6,51.5,0.2805,-0.0266,9.3
PS1911,C0107,2025-02-09,231547.46,0.75,0.2,0.05,0.775,0.175,0.05,2.5,56.0,0.069,0.0314,9.3
PS1912,C0107,2025-03-11,217681.08,0.75,0.2,0.05,0.657,0.293,0.05,9.3,54.3,0.1111,0.0113,9.3
PS1913,C0107,2025-04-10,227547.43,0.75,0.2,0.05,0.725,0.225,0.05,2.5,54.4,0.0328,-0.0856,9.3
PS1914,C0107,2025-05-10,228873.71,0.75,0.2,0.05,0.716,0.234,0.05,3.4,69.8,0.2298,0.0783,9.3
PS1915,C0107,2025-06-09,225870.14,0.75,0.2,0.05,0.79,0.16,0.05,4.0,59.0,0.0493,0.0162,9.3
PS1916,C0107,2025-07-09,226209.4,0.75,0.2,0.05,0.782,0.168,0.05,3.2,70.2,0.03,0.0114,9.3
PS1917,C0107,2025-08-08,226347.84,0.75,0.2,0.05,0.743,0.207,0.05,0.7,63.8,-0.0291,0.0434,9.3
PS1918,C0107,2025-09-07,239015.06,0.75,0.2,0.05,0.723,0.227,0.05,2.7,63.8,0.1133,0.0345,9.3
PS1919,C0107,2025-10-07,234777.62,0.75,0.2,0.05,0.711,0.239,0.05,3.9,59.5,0.1058,-0.0015,9.3
PS1920,C0107,2025-11-06,240843.6,0.75,0.2,0.05,0.76,0.19,0.05,1.0,55.6,0.0206,0.0183,9.3
PS1921,C0107,2025-12-06,253471.71,0.75,0.2,0.05,0.81,0.14,0.05,6.0,73.7,0.2436,-0.0065,9.3
PS1922,C0107,2026-01-05,257045.89,0.75,0.2,0.05,0.728,0.222,0.05,2.2,72.2,-0.0756,-0.0028,9.3
PS1923,C0107,2026-02-04,261608.02,0.75,0.2,0.05,0.818,0.132,0.05,6.8,73.3,-0.1187,-0.0046,9.3
PS1924,C0107,2026-03-06,266942.84,0.75,0.2,0.05,0.672,0.278,0.05,7.8,73.6,0.0918,0.0213,9.3
PS1925,C0107,2026-04-05,255146.99,0.75,0.2,0.05,0.753,0.197,0.05,0.3,76.7,0.0109,0.0135,9.3
PS1926,C0107,2026-05-05,250179.31,0.75,0.2,0.05,0.683,0.267,0.05,6.7,70.6,0.1785,0.0119,9.3
PS1927,C0108,2024-12-11,240673.71,0.75,0.2,0.05,0.708,0.242,0.05,4.2,42.9,0.0639,0.0079,4.3
PS1928,C0108,2025-01-10,260361.82,0.75,0.2,0.05,0.793,0.157,0.05,4.3,52.6,0.0966,0.0124,4.3
PS1929,C0108,2025-02-09,245040.57,0.75,0.2,0.05,0.862,0.088,0.05,11.2,51.3,0.1284,-0.0207,4.3
PS1930,C0108,2025-03-11,258810.02,0.75,0.2,0.05,0.702,0.248,0.05,4.8,55.3,0.1318,0.0087,4.3
PS1931,C0108,2025-04-10,267791.81,0.75,0.2,0.05,0.738,0.212,0.05,1.2,63.2,0.0596,-0.0102,4.3
PS1932,C0108,2025-05-10,269085.89,0.75,0.2,0.05,0.821,0.129,0.05,7.1,59.7,0.0362,0.0412,4.3
PS1933,C0108,2025-06-09,286260.6,0.75,0.2,0.05,0.715,0.235,0.05,3.5,64.1,0.267,-0.0239,4.3
PS1934,C0108,2025-07-09,296081.57,0.75,0.2,0.05,0.766,0.184,0.05,1.6,55.1,0.0153,0.0113,4.3
PS1935,C0108,2025-08-08,291886.73,0.75,0.2,0.05,0.731,0.219,0.05,1.9,45.3,0.0111,-0.0142,4.3
PS1936,C0108,2025-09-07,304650.36,0.75,0.2,0.05,0.75,0.2,0.05,0.0,57.8,0.171,-0.0052,4.3
PS1937,C0108,2025-10-07,305346.9,0.75,0.2,0.05,0.679,0.271,0.05,7.1,62.4,-0.0201,0.004,4.3
PS1938,C0108,2025-11-06,298174.8,0.75,0.2,0.05,0.775,0.175,0.05,2.5,75.8,-0.0139,0.028,4.3
PS1939,C0108,2025-12-06,302975.38,0.75,0.2,0.05,0.754,0.196,0.05,0.4,69.0,-0.0228,0.0102,4.3
PS1940,C0108,2026-01-05,320530.63,0.75,0.2,0.05,0.831,0.119,0.05,8.1,71.7,0.08,0.0183,4.3
PS1941,C0108,2026-02-04,313514.27,0.75,0.2,0.05,0.766,0.184,0.05,1.6,71.2,-0.0071,0.0219,4.3
PS1942,C0108,2026-03-06,303344.83,0.75,0.2,0.05,0.734,0.216,0.05,1.6,73.1,0.1936,0.0843,4.3
PS1943,C0108,2026-04-05,302159.01,0.75,0.2,0.05,0.746,0.204,0.05,0.4,78.0,0.2001,-0.0032,4.3
PS1944,C0108,2026-05-05,317638.47,0.75,0.2,0.05,0.7,0.25,0.05,5.0,77.0,-0.0174,0.0271,4.3
PS1945,C0109,2024-12-11,171639.88,0.3,0.5,0.2,0.388,0.412,0.2,8.8,41.3,0.1214,0.0451,4.0
PS1946,C0109,2025-01-10,168846.66,0.3,0.5,0.2,0.309,0.491,0.2,0.9,57.1,0.0449,0.0361,4.0
PS1947,C0109,2025-02-09,178099.87,0.3,0.5,0.2,0.367,0.433,0.2,6.7,56.7,0.0529,-0.0119,4.0
PS1948,C0109,2025-03-11,179245.32,0.3,0.5,0.2,0.326,0.474,0.2,2.6,51.8,0.0947,0.0118,4.0
PS1949,C0109,2025-04-10,180586.53,0.3,0.5,0.2,0.318,0.482,0.2,1.8,48.7,0.0339,-0.0082,4.0
PS1950,C0109,2025-05-10,189944.29,0.3,0.5,0.2,0.298,0.502,0.2,0.2,55.4,0.2198,-0.0436,4.0
PS1951,C0109,2025-06-09,201322.83,0.3,0.5,0.2,0.297,0.503,0.2,0.3,51.5,-0.0491,0.0371,4.0
PS1952,C0109,2025-07-09,199705.43,0.3,0.5,0.2,0.289,0.511,0.2,1.1,56.4,0.1405,0.0143,4.0
PS1953,C0109,2025-08-08,196930.29,0.3,0.5,0.2,0.27,0.53,0.2,3.0,66.0,0.1556,0.0536,4.0
PS1954,C0109,2025-09-07,178975.49,0.3,0.5,0.2,0.235,0.565,0.2,6.5,58.4,0.0888,-0.031,4.0
PS1955,C0109,2025-10-07,188106.96,0.3,0.5,0.2,0.234,0.566,0.2,6.6,74.6,-0.0168,0.0236,4.0
PS1956,C0109,2025-11-06,183818.81,0.3,0.5,0.2,0.237,0.563,0.2,6.3,72.0,-0.1903,-0.0027,4.0
PS1957,C0109,2025-12-06,188255.6,0.3,0.5,0.2,0.36,0.44,0.2,6.0,74.3,0.0281,-0.0171,4.0
PS1958,C0109,2026-01-05,190399.45,0.3,0.5,0.2,0.346,0.454,0.2,4.6,65.0,0.1362,-0.0188,4.0
PS1959,C0109,2026-02-04,190234.59,0.3,0.5,0.2,0.297,0.503,0.2,0.3,73.1,0.1668,0.014,4.0
PS1960,C0109,2026-03-06,188612.53,0.3,0.5,0.2,0.203,0.597,0.2,9.7,75.5,0.0254,0.011,4.0
PS1961,C0109,2026-04-05,191026.58,0.3,0.5,0.2,0.367,0.433,0.2,6.7,81.9,0.1338,-0.0159,4.0
PS1962,C0109,2026-05-05,181665.34,0.3,0.5,0.2,0.4,0.4,0.2,10.0,76.5,-0.0581,0.0257,4.0
PS1963,C0110,2024-12-11,647553.89,0.55,0.35,0.1,0.567,0.333,0.1,1.7,46.4,-0.014,0.0358,4.5
PS1964,C0110,2025-01-10,648408.62,0.55,0.35,0.1,0.435,0.465,0.1,11.5,44.7,-0.0357,-0.0024,4.5
PS1965,C0110,2025-02-09,629752.19,0.55,0.35,0.1,0.621,0.279,0.1,7.1,51.2,-0.0121,0.0388,4.5
PS1966,C0110,2025-03-11,619541.08,0.55,0.35,0.1,0.591,0.309,0.1,4.1,50.6,0.0861,-0.0132,4.5
PS1967,C0110,2025-04-10,605651.26,0.55,0.35,0.1,0.544,0.356,0.1,0.6,50.6,0.0504,0.0281,4.5
PS1968,C0110,2025-05-10,605963.28,0.55,0.35,0.1,0.584,0.316,0.1,3.4,56.4,-0.0992,0.0121,4.5
PS1969,C0110,2025-06-09,634966.94,0.55,0.35,0.1,0.534,0.366,0.1,1.6,54.7,-0.0254,-0.0099,4.5
PS1970,C0110,2025-07-09,629441.31,0.55,0.35,0.1,0.503,0.397,0.1,4.7,53.4,0.0389,-0.0358,4.5
PS1971,C0110,2025-08-08,649850.77,0.55,0.35,0.1,0.641,0.259,0.1,9.1,58.2,0.1448,0.0154,4.5
PS1972,C0110,2025-09-07,652530.55,0.55,0.35,0.1,0.544,0.356,0.1,0.6,69.4,0.0328,0.014,4.5
PS1973,C0110,2025-10-07,609553.4,0.55,0.35,0.1,0.552,0.348,0.1,0.2,67.4,-0.0127,-0.0395,4.5
PS1974,C0110,2025-11-06,620466.32,0.55,0.35,0.1,0.608,0.292,0.1,5.8,62.1,-0.036,-0.0057,4.5
PS1975,C0110,2025-12-06,615762.06,0.55,0.35,0.1,0.572,0.328,0.1,2.2,71.0,0.0653,0.0054,4.5
PS1976,C0110,2026-01-05,642674.49,0.55,0.35,0.1,0.465,0.435,0.1,8.5,74.3,-0.0292,0.0086,4.5
PS1977,C0110,2026-02-04,654727.22,0.55,0.35,0.1,0.538,0.362,0.1,1.2,61.4,-0.018,0.012,4.5
PS1978,C0110,2026-03-06,661293.77,0.55,0.35,0.1,0.566,0.334,0.1,1.6,70.0,0.0947,-0.0012,4.5
PS1979,C0110,2026-04-05,659026.75,0.55,0.35,0.1,0.573,0.327,0.1,2.3,78.7,-0.0112,-0.0149,4.5
PS1980,C0110,2026-05-05,652171.1,0.55,0.35,0.1,0.44,0.46,0.1,11.0,77.1,0.0669,-0.015,4.5
PS1981,C0111,2024-12-11,574122.06,0.55,0.35,0.1,0.607,0.293,0.1,5.7,48.6,0.1286,0.0383,6.5
PS1982,C0111,2025-01-10,581119.72,0.55,0.35,0.1,0.478,0.422,0.1,7.2,63.8,0.1053,-0.0405,6.5
PS1983,C0111,2025-02-09,595086.41,0.55,0.35,0.1,0.475,0.425,0.1,7.5,47.5,0.1424,0.0098,6.5
PS1984,C0111,2025-03-11,577544.71,0.55,0.35,0.1,0.539,0.361,0.1,1.1,49.2,0.0001,-0.0333,6.5
PS1985,C0111,2025-04-10,585691.57,0.55,0.35,0.1,0.708,0.192,0.1,15.8,58.0,0.1972,-0.0021,6.5
PS1986,C0111,2025-05-10,595388.41,0.55,0.35,0.1,0.613,0.287,0.1,6.3,52.3,0.06,0.0121,6.5
PS1987,C0111,2025-06-09,600773.24,0.55,0.35,0.1,0.466,0.434,0.1,8.4,57.6,0.0294,0.0065,6.5
PS1988,C0111,2025-07-09,584965.93,0.55,0.35,0.1,0.587,0.313,0.1,3.7,57.8,0.0514,-0.0212,6.5
PS1989,C0111,2025-08-08,565700.97,0.55,0.35,0.1,0.629,0.271,0.1,7.9,66.9,-0.02,-0.0017,6.5
PS1990,C0111,2025-09-07,612577.51,0.55,0.35,0.1,0.553,0.347,0.1,0.3,64.0,0.0335,-0.042,6.5
PS1991,C0111,2025-10-07,616347.4,0.55,0.35,0.1,0.659,0.241,0.1,10.9,71.6,0.0818,0.0142,6.5
PS1992,C0111,2025-11-06,611878.09,0.55,0.35,0.1,0.623,0.277,0.1,7.3,74.9,-0.0817,0.0158,6.5
PS1993,C0111,2025-12-06,618046.84,0.55,0.35,0.1,0.551,0.349,0.1,0.1,65.5,0.0671,-0.0477,6.5
PS1994,C0111,2026-01-05,651316.87,0.55,0.35,0.1,0.603,0.297,0.1,5.3,71.5,-0.0698,0.0383,6.5
PS1995,C0111,2026-02-04,680986.6,0.55,0.35,0.1,0.495,0.405,0.1,5.5,68.3,0.0676,-0.0009,6.5
PS1996,C0111,2026-03-06,704315.79,0.55,0.35,0.1,0.544,0.356,0.1,0.6,80.3,0.1227,0.0776,6.5
PS1997,C0111,2026-04-05,680275.11,0.55,0.35,0.1,0.555,0.345,0.1,0.5,77.1,0.052,-0.0187,6.5
PS1998,C0111,2026-05-05,667615.63,0.55,0.35,0.1,0.569,0.331,0.1,1.9,85.0,-0.0387,0.0324,6.5
PS1999,C0112,2024-12-11,4511097.99,0.55,0.35,0.1,0.598,0.302,0.1,4.8,53.5,0.1878,0.0387,6.5
PS2000,C0112,2025-01-10,4222112.58,0.55,0.35,0.1,0.562,0.338,0.1,1.2,53.0,-0.0014,-0.0096,6.5
PS2001,C0112,2025-02-09,4504666.24,0.55,0.35,0.1,0.591,0.309,0.1,4.1,55.8,0.0056,-0.0495,6.5
PS2002,C0112,2025-03-11,4670112.84,0.55,0.35,0.1,0.629,0.271,0.1,7.9,62.7,-0.0214,0.0024,6.5
PS2003,C0112,2025-04-10,4896840.5,0.55,0.35,0.1,0.517,0.383,0.1,3.3,60.9,-0.1022,-0.0398,6.5
PS2004,C0112,2025-05-10,5279222.18,0.55,0.35,0.1,0.548,0.352,0.1,0.2,59.9,0.1024,0.0078,6.5
PS2005,C0112,2025-06-09,5119506.84,0.55,0.35,0.1,0.552,0.348,0.1,0.2,63.8,0.1218,0.0235,6.5
PS2006,C0112,2025-07-09,5059568.11,0.55,0.35,0.1,0.486,0.414,0.1,6.4,69.5,0.001,0.019,6.5
PS2007,C0112,2025-08-08,5065543.18,0.55,0.35,0.1,0.584,0.316,0.1,3.4,66.2,-0.0302,-0.0187,6.5
PS2008,C0112,2025-09-07,5179469.45,0.55,0.35,0.1,0.547,0.353,0.1,0.3,54.5,0.102,0.0112,6.5
PS2009,C0112,2025-10-07,5013724.26,0.55,0.35,0.1,0.594,0.306,0.1,4.4,74.7,-0.0375,0.0031,6.5
PS2010,C0112,2025-11-06,5429807.98,0.55,0.35,0.1,0.559,0.341,0.1,0.9,75.6,0.0963,-0.0031,6.5
PS2011,C0112,2025-12-06,5655024.31,0.55,0.35,0.1,0.473,0.427,0.1,7.7,69.3,-0.0845,0.0299,6.5
PS2012,C0112,2026-01-05,5699139.24,0.55,0.35,0.1,0.486,0.414,0.1,6.4,72.4,0.0642,0.0139,6.5
PS2013,C0112,2026-02-04,5469565.79,0.55,0.35,0.1,0.63,0.27,0.1,8.0,73.9,0.15,-0.0147,6.5
PS2014,C0112,2026-03-06,5489015.8,0.55,0.35,0.1,0.645,0.255,0.1,9.5,76.7,0.0482,0.0273,6.5
PS2015,C0112,2026-04-05,5519458.51,0.55,0.35,0.1,0.545,0.355,0.1,0.5,83.4,-0.0456,-0.032,6.5
PS2016,C0112,2026-05-05,5507211.17,0.55,0.35,0.1,0.419,0.481,0.1,13.1,67.7,0.0806,0.0331,6.5
PS2017,C0113,2024-12-11,989974.78,0.55,0.35,0.1,0.497,0.403,0.1,5.3,46.8,0.0707,0.0193,4.7
PS2018,C0113,2025-01-10,950152.34,0.55,0.35,0.1,0.551,0.349,0.1,0.1,41.9,0.0344,0.0067,4.7
PS2019,C0113,2025-02-09,937311.77,0.55,0.35,0.1,0.542,0.358,0.1,0.8,50.0,0.0643,-0.0212,4.7
PS2020,C0113,2025-03-11,919338.69,0.55,0.35,0.1,0.459,0.441,0.1,9.1,61.4,0.1696,0.01,4.7
PS2021,C0113,2025-04-10,870024.42,0.55,0.35,0.1,0.534,0.366,0.1,1.6,61.1,0.0197,0.0217,4.7
PS2022,C0113,2025-05-10,935212.45,0.55,0.35,0.1,0.596,0.304,0.1,4.6,57.0,0.0093,0.0221,4.7
PS2023,C0113,2025-06-09,957099.32,0.55,0.35,0.1,0.51,0.39,0.1,4.0,61.9,-0.0576,0.048,4.7
PS2024,C0113,2025-07-09,922759.46,0.55,0.35,0.1,0.575,0.325,0.1,2.5,63.0,0.1008,0.0105,4.7
PS2025,C0113,2025-08-08,900124.42,0.55,0.35,0.1,0.548,0.352,0.1,0.2,66.6,0.0077,0.0036,4.7
PS2026,C0113,2025-09-07,941416.58,0.55,0.35,0.1,0.475,0.425,0.1,7.5,67.0,-0.0706,-0.0051,4.7
PS2027,C0113,2025-10-07,922447.5,0.55,0.35,0.1,0.578,0.322,0.1,2.8,63.4,0.2726,-0.0066,4.7
PS2028,C0113,2025-11-06,952177.27,0.55,0.35,0.1,0.62,0.28,0.1,7.0,69.3,0.093,-0.0185,4.7
PS2029,C0113,2025-12-06,922103.22,0.55,0.35,0.1,0.476,0.424,0.1,7.4,71.1,0.0118,-0.0203,4.7
PS2030,C0113,2026-01-05,999073.35,0.55,0.35,0.1,0.557,0.343,0.1,0.7,71.0,0.0765,0.0047,4.7
PS2031,C0113,2026-02-04,962200.92,0.55,0.35,0.1,0.625,0.275,0.1,7.5,63.8,0.1092,0.0129,4.7
PS2032,C0113,2026-03-06,961769.06,0.55,0.35,0.1,0.625,0.275,0.1,7.5,69.0,0.1243,0.0006,4.7
PS2033,C0113,2026-04-05,933750.83,0.55,0.35,0.1,0.449,0.451,0.1,10.1,76.1,0.0872,0.0373,4.7
PS2034,C0113,2026-05-05,962094.94,0.55,0.35,0.1,0.511,0.389,0.1,3.9,82.5,-0.0416,-0.0296,4.7
PS2035,C0114,2024-12-11,3007235.77,0.55,0.35,0.1,0.471,0.429,0.1,7.9,57.7,0.1624,0.0194,3.7
PS2036,C0114,2025-01-10,2867794.54,0.55,0.35,0.1,0.618,0.282,0.1,6.8,58.0,0.075,0.0034,3.7
PS2037,C0114,2025-02-09,2955625.42,0.55,0.35,0.1,0.615,0.285,0.1,6.5,54.2,0.0637,0.0082,3.7
PS2038,C0114,2025-03-11,2899755.3,0.55,0.35,0.1,0.507,0.393,0.1,4.3,58.9,0.1462,-0.017,3.7
PS2039,C0114,2025-04-10,2824018.44,0.55,0.35,0.1,0.513,0.387,0.1,3.7,50.7,0.1771,-0.0391,3.7
PS2040,C0114,2025-05-10,2965342.24,0.55,0.35,0.1,0.471,0.429,0.1,7.9,56.9,-0.0678,0.0224,3.7
PS2041,C0114,2025-06-09,3035833.31,0.55,0.35,0.1,0.531,0.369,0.1,1.9,59.8,0.0694,0.0384,3.7
PS2042,C0114,2025-07-09,3198298.4,0.55,0.35,0.1,0.457,0.443,0.1,9.3,64.5,0.052,-0.0019,3.7
PS2043,C0114,2025-08-08,3522969.86,0.55,0.35,0.1,0.512,0.388,0.1,3.8,69.4,0.0926,0.0182,3.7
PS2044,C0114,2025-09-07,3594371.98,0.55,0.35,0.1,0.464,0.436,0.1,8.6,62.2,-0.1114,0.0017,3.7
PS2045,C0114,2025-10-07,3698073.53,0.55,0.35,0.1,0.562,0.338,0.1,1.2,55.6,-0.0028,0.016,3.7
PS2046,C0114,2025-11-06,3688283.01,0.55,0.35,0.1,0.459,0.441,0.1,9.1,75.0,-0.0334,-0.0076,3.7
PS2047,C0114,2025-12-06,3793544.44,0.55,0.35,0.1,0.505,0.395,0.1,4.5,68.6,-0.0172,0.0066,3.7
PS2048,C0114,2026-01-05,3909422.7,0.55,0.35,0.1,0.41,0.49,0.1,14.0,70.4,0.0099,-0.0107,3.7
PS2049,C0114,2026-02-04,4169984.33,0.55,0.35,0.1,0.625,0.275,0.1,7.5,72.7,0.11,0.0462,3.7
PS2050,C0114,2026-03-06,4075153.98,0.55,0.35,0.1,0.628,0.272,0.1,7.8,70.9,-0.1317,0.008,3.7
PS2051,C0114,2026-04-05,4123715.99,0.55,0.35,0.1,0.485,0.415,0.1,6.5,78.6,0.1546,0.0337,3.7
PS2052,C0114,2026-05-05,4229792.86,0.55,0.35,0.1,0.494,0.406,0.1,5.6,77.0,-0.0183,-0.0385,3.7
PS2053,C0115,2024-12-11,65608.07,0.55,0.35,0.1,0.496,0.404,0.1,5.4,50.9,0.0237,0.0137,7.4
PS2054,C0115,2025-01-10,65886.74,0.55,0.35,0.1,0.631,0.269,0.1,8.1,51.9,0.1275,0.0082,7.4
PS2055,C0115,2025-02-09,71584.47,0.55,0.35,0.1,0.558,0.342,0.1,0.8,51.9,-0.0191,-0.0288,7.4
PS2056,C0115,2025-03-11,75163.2,0.55,0.35,0.1,0.579,0.321,0.1,2.9,57.7,-0.0022,-0.0046,7.4
PS2057,C0115,2025-04-10,72900.71,0.55,0.35,0.1,0.589,0.311,0.1,3.9,49.3,0.1712,0.0334,7.4
PS2058,C0115,2025-05-10,74658.7,0.55,0.35,0.1,0.502,0.398,0.1,4.8,58.4,0.0166,0.0459,7.4
PS2059,C0115,2025-06-09,75101.63,0.55,0.35,0.1,0.598,0.302,0.1,4.8,62.6,-0.0634,0.0072,7.4
PS2060,C0115,2025-07-09,74404.97,0.55,0.35,0.1,0.58,0.32,0.1,3.0,67.8,-0.0402,-0.0037,7.4
PS2061,C0115,2025-08-08,73861.83,0.55,0.35,0.1,0.496,0.404,0.1,5.4,64.7,0.0167,0.0344,7.4
PS2062,C0115,2025-09-07,76519.33,0.55,0.35,0.1,0.505,0.395,0.1,4.5,66.8,0.0309,0.0544,7.4
PS2063,C0115,2025-10-07,75291.24,0.55,0.35,0.1,0.577,0.323,0.1,2.7,75.4,0.2064,-0.0238,7.4
PS2064,C0115,2025-11-06,76187.42,0.55,0.35,0.1,0.597,0.303,0.1,4.7,65.1,0.0961,0.0195,7.4
PS2065,C0115,2025-12-06,75642.28,0.55,0.35,0.1,0.593,0.307,0.1,4.3,69.9,0.1073,-0.0159,7.4
PS2066,C0115,2026-01-05,76101.82,0.55,0.35,0.1,0.551,0.349,0.1,0.1,74.3,0.021,-0.0341,7.4
PS2067,C0115,2026-02-04,75666.66,0.55,0.35,0.1,0.501,0.399,0.1,4.9,71.6,0.018,0.0064,7.4
PS2068,C0115,2026-03-06,76793.45,0.55,0.35,0.1,0.636,0.264,0.1,8.6,78.9,0.0862,0.0317,7.4
PS2069,C0115,2026-04-05,73836.39,0.55,0.35,0.1,0.482,0.418,0.1,6.8,81.4,0.027,-0.0028,7.4
PS2070,C0115,2026-05-05,75516.92,0.55,0.35,0.1,0.537,0.363,0.1,1.3,83.5,0.0271,-0.0271,7.4
PS2071,C0116,2024-12-11,163147.42,0.55,0.35,0.1,0.546,0.354,0.1,0.4,52.0,0.0806,-0.0115,7.3
PS2072,C0116,2025-01-10,174184.82,0.55,0.35,0.1,0.626,0.274,0.1,7.6,47.9,0.1768,-0.0008,7.3
PS2073,C0116,2025-02-09,170087.91,0.55,0.35,0.1,0.586,0.314,0.1,3.6,52.3,0.0738,0.0092,7.3
PS2074,C0116,2025-03-11,169294.29,0.55,0.35,0.1,0.636,0.264,0.1,8.6,52.7,-0.0752,-0.0078,7.3
PS2075,C0116,2025-04-10,172269.38,0.55,0.35,0.1,0.511,0.389,0.1,3.9,48.5,0.085,-0.0054,7.3
PS2076,C0116,2025-05-10,169862.77,0.55,0.35,0.1,0.497,0.403,0.1,5.3,54.8,0.0866,0.0426,7.3
PS2077,C0116,2025-06-09,163948.25,0.55,0.35,0.1,0.546,0.354,0.1,0.4,55.3,0.1599,0.0226,7.3
PS2078,C0116,2025-07-09,156271.77,0.55,0.35,0.1,0.544,0.356,0.1,0.6,56.9,0.2059,0.0324,7.3
PS2079,C0116,2025-08-08,158341.33,0.55,0.35,0.1,0.536,0.364,0.1,1.4,66.4,0.0483,-0.023,7.3
PS2080,C0116,2025-09-07,157249.89,0.55,0.35,0.1,0.466,0.434,0.1,8.4,71.0,-0.0333,0.0045,7.3
PS2081,C0116,2025-10-07,148449.0,0.55,0.35,0.1,0.598,0.302,0.1,4.8,60.6,0.0114,0.0147,7.3
PS2082,C0116,2025-11-06,151594.46,0.55,0.35,0.1,0.601,0.299,0.1,5.1,65.6,0.0041,-0.0152,7.3
PS2083,C0116,2025-12-06,160010.36,0.55,0.35,0.1,0.481,0.419,0.1,6.9,69.4,0.0327,0.0098,7.3
PS2084,C0116,2026-01-05,164572.33,0.55,0.35,0.1,0.55,0.35,0.1,0.0,77.4,0.0735,-0.0144,7.3
PS2085,C0116,2026-02-04,169669.26,0.55,0.35,0.1,0.478,0.422,0.1,7.2,68.5,0.2415,0.0121,7.3
PS2086,C0116,2026-03-06,169199.95,0.55,0.35,0.1,0.611,0.289,0.1,6.1,66.4,0.1078,-0.0295,7.3
PS2087,C0116,2026-04-05,178643.29,0.55,0.35,0.1,0.547,0.353,0.1,0.3,71.3,-0.1053,0.0061,7.3
PS2088,C0116,2026-05-05,176828.56,0.55,0.35,0.1,0.587,0.313,0.1,3.7,75.1,0.0431,0.0053,7.3
PS2089,C0117,2024-12-11,960245.0,0.75,0.2,0.05,0.816,0.134,0.05,6.6,47.5,-0.0036,0.045,5.5
PS2090,C0117,2025-01-10,962946.11,0.75,0.2,0.05,0.755,0.195,0.05,0.5,44.3,0.0158,0.035,5.5
PS2091,C0117,2025-02-09,970688.44,0.75,0.2,0.05,0.817,0.133,0.05,6.7,57.4,-0.0504,-0.0166,5.5
PS2092,C0117,2025-03-11,934158.0,0.75,0.2,0.05,0.708,0.242,0.05,4.2,56.5,0.0725,-0.0329,5.5
PS2093,C0117,2025-04-10,907240.72,0.75,0.2,0.05,0.64,0.31,0.05,11.0,52.4,0.0847,-0.0043,5.5
PS2094,C0117,2025-05-10,910676.87,0.75,0.2,0.05,0.752,0.198,0.05,0.2,52.9,0.0714,0.0022,5.5
PS2095,C0117,2025-06-09,918060.91,0.75,0.2,0.05,0.595,0.355,0.05,15.5,58.1,0.0269,-0.0319,5.5
PS2096,C0117,2025-07-09,916551.42,0.75,0.2,0.05,0.722,0.228,0.05,2.8,65.1,0.1342,0.0162,5.5
PS2097,C0117,2025-08-08,930759.25,0.75,0.2,0.05,0.793,0.157,0.05,4.3,61.6,0.2517,-0.0357,5.5
PS2098,C0117,2025-09-07,907647.11,0.75,0.2,0.05,0.787,0.163,0.05,3.7,57.7,0.0623,0.0142,5.5
PS2099,C0117,2025-10-07,919312.93,0.75,0.2,0.05,0.668,0.282,0.05,8.2,59.1,0.019,-0.0002,5.5
PS2100,C0117,2025-11-06,901413.44,0.75,0.2,0.05,0.666,0.284,0.05,8.4,64.1,-0.0205,0.0235,5.5
PS2101,C0117,2025-12-06,958512.27,0.75,0.2,0.05,0.725,0.225,0.05,2.5,71.1,-0.0131,0.0162,5.5
PS2102,C0117,2026-01-05,998125.93,0.75,0.2,0.05,0.79,0.16,0.05,4.0,65.9,0.176,-0.0333,5.5
PS2103,C0117,2026-02-04,1031851.0,0.75,0.2,0.05,0.782,0.168,0.05,3.2,73.2,-0.0315,0.0127,5.5
PS2104,C0117,2026-03-06,1041020.98,0.75,0.2,0.05,0.795,0.155,0.05,4.5,67.2,0.1062,0.0549,5.5
PS2105,C0117,2026-04-05,968345.38,0.75,0.2,0.05,0.74,0.21,0.05,1.0,76.4,0.1081,0.0075,5.5
PS2106,C0117,2026-05-05,930353.67,0.75,0.2,0.05,0.695,0.255,0.05,5.5,80.7,0.0507,-0.0146,5.5
PS2107,C0118,2024-12-11,3386857.63,0.3,0.5,0.2,0.277,0.523,0.2,2.3,53.8,-0.0076,0.0145,1
PS2108,C0118,2025-01-10,3369477.89,0.3,0.5,0.2,0.372,0.428,0.2,7.2,41.1,0.0389,0.0225,1
PS2109,C0118,2025-02-09,3386594.63,0.3,0.5,0.2,0.387,0.413,0.2,8.7,52.1,0.0637,-0.0479,1
PS2110,C0118,2025-03-11,3524276.03,0.3,0.5,0.2,0.26,0.54,0.2,4.0,58.4,0.0383,0.0471,1
PS2111,C0118,2025-04-10,3598704.44,0.3,0.5,0.2,0.204,0.596,0.2,9.6,59.1,0.1181,0.0137,1
PS2112,C0118,2025-05-10,3558523.63,0.3,0.5,0.2,0.25,0.55,0.2,5.0,55.2,0.1296,-0.0194,1
PS2113,C0118,2025-06-09,3529310.29,0.3,0.5,0.2,0.298,0.502,0.2,0.2,52.7,0.0105,0.0551,1
PS2114,C0118,2025-07-09,3643926.23,0.3,0.5,0.2,0.324,0.476,0.2,2.4,58.5,0.105,0.0202,1
PS2115,C0118,2025-08-08,3435994.86,0.3,0.5,0.2,0.392,0.408,0.2,9.2,57.9,0.0421,0.052,1
PS2116,C0118,2025-09-07,3570467.16,0.3,0.5,0.2,0.291,0.509,0.2,0.9,64.8,0.0168,-0.0035,1
PS2117,C0118,2025-10-07,3250326.32,0.3,0.5,0.2,0.253,0.547,0.2,4.7,61.3,-0.036,0.0366,1
PS2118,C0118,2025-11-06,3455948.76,0.3,0.5,0.2,0.268,0.532,0.2,3.2,69.4,-0.0479,0.0404,1
PS2119,C0118,2025-12-06,3287417.61,0.3,0.5,0.2,0.282,0.518,0.2,1.8,81.8,0.1116,-0.0178,1
PS2120,C0118,2026-01-05,3298848.68,0.3,0.5,0.2,0.416,0.384,0.2,11.6,76.4,-0.0745,-0.0027,1
PS2121,C0118,2026-02-04,3238194.88,0.3,0.5,0.2,0.411,0.389,0.2,11.1,65.5,-0.1774,-0.0041,1
PS2122,C0118,2026-03-06,3274362.72,0.3,0.5,0.2,0.297,0.503,0.2,0.3,80.5,0.0836,-0.0164,1
PS2123,C0118,2026-04-05,3459320.22,0.3,0.5,0.2,0.34,0.46,0.2,4.0,81.5,0.1357,-0.009,1
PS2124,C0118,2026-05-05,3375669.68,0.3,0.5,0.2,0.425,0.375,0.2,12.5,77.3,0.1697,-0.0181,1
PS2125,C0119,2024-12-11,646357.21,0.75,0.2,0.05,0.826,0.124,0.05,7.6,45.5,0.1069,-0.0197,7.1
PS2126,C0119,2025-01-10,647396.79,0.75,0.2,0.05,0.679,0.271,0.05,7.1,50.0,-0.0572,-0.0259,7.1
PS2127,C0119,2025-02-09,657168.15,0.75,0.2,0.05,0.694,0.256,0.05,5.6,52.7,-0.0655,-0.03,7.1
PS2128,C0119,2025-03-11,631494.53,0.75,0.2,0.05,0.767,0.183,0.05,1.7,62.8,0.1498,0.0528,7.1
PS2129,C0119,2025-04-10,660835.75,0.75,0.2,0.05,0.79,0.16,0.05,4.0,53.5,-0.0112,-0.0225,7.1
PS2130,C0119,2025-05-10,692789.12,0.75,0.2,0.05,0.784,0.166,0.05,3.4,59.7,-0.0536,-0.0161,7.1
PS2131,C0119,2025-06-09,687150.93,0.75,0.2,0.05,0.868,0.082,0.05,11.8,60.3,0.1834,-0.0085,7.1
PS2132,C0119,2025-07-09,661830.73,0.75,0.2,0.05,0.615,0.335,0.05,13.5,55.3,0.0443,0.075,7.1
PS2133,C0119,2025-08-08,653928.4,0.75,0.2,0.05,0.796,0.154,0.05,4.6,60.2,0.1061,0.0071,7.1
PS2134,C0119,2025-09-07,626504.64,0.75,0.2,0.05,0.822,0.128,0.05,7.2,53.0,-0.1516,0.0451,7.1
PS2135,C0119,2025-10-07,596472.01,0.75,0.2,0.05,0.752,0.198,0.05,0.2,67.2,0.1389,0.0116,7.1
PS2136,C0119,2025-11-06,566490.35,0.75,0.2,0.05,0.814,0.136,0.05,6.4,67.2,0.1039,-0.0262,7.1
PS2137,C0119,2025-12-06,559560.39,0.75,0.2,0.05,0.73,0.22,0.05,2.0,68.2,0.0749,-0.0023,7.1
PS2138,C0119,2026-01-05,578190.86,0.75,0.2,0.05,0.759,0.191,0.05,0.9,69.7,-0.0519,0.0456,7.1
PS2139,C0119,2026-02-04,593200.44,0.75,0.2,0.05,0.709,0.241,0.05,4.1,83.1,0.0192,0.0133,7.1
PS2140,C0119,2026-03-06,596909.14,0.75,0.2,0.05,0.685,0.265,0.05,6.5,23.7,0.1411,0.0283,7.1
PS2141,C0119,2026-04-05,612285.61,0.75,0.2,0.05,0.708,0.242,0.05,4.2,24.3,0.1141,0.0134,7.1
PS2142,C0119,2026-05-05,622061.89,0.75,0.2,0.05,0.634,0.316,0.05,11.6,32.0,0.2182,-0.0173,7.1
PS2143,C0120,2024-12-11,600714.71,0.75,0.2,0.05,0.685,0.265,0.05,6.5,41.1,0.0005,-0.0245,6.4
PS2144,C0120,2025-01-10,591426.07,0.75,0.2,0.05,0.78,0.17,0.05,3.0,48.7,0.1558,0.0701,6.4
PS2145,C0120,2025-02-09,618794.59,0.75,0.2,0.05,0.727,0.223,0.05,2.3,51.7,0.044,0.0465,6.4
PS2146,C0120,2025-03-11,633620.52,0.75,0.2,0.05,0.717,0.233,0.05,3.3,51.5,0.1348,0.0101,6.4
PS2147,C0120,2025-04-10,636979.79,0.75,0.2,0.05,0.625,0.325,0.05,12.5,55.4,-0.0002,0.018,6.4
PS2148,C0120,2025-05-10,680241.74,0.75,0.2,0.05,0.737,0.213,0.05,1.3,58.9,0.1233,0.026,6.4
PS2149,C0120,2025-06-09,723064.12,0.75,0.2,0.05,0.678,0.272,0.05,7.2,60.0,0.0819,-0.0463,6.4
PS2150,C0120,2025-07-09,733858.7,0.75,0.2,0.05,0.642,0.308,0.05,10.8,53.5,0.0263,-0.0583,6.4
PS2151,C0120,2025-08-08,728161.7,0.75,0.2,0.05,0.779,0.171,0.05,2.9,64.3,-0.0307,-0.0147,6.4
PS2152,C0120,2025-09-07,733070.25,0.75,0.2,0.05,0.747,0.203,0.05,0.3,61.5,0.1904,-0.0285,6.4
PS2153,C0120,2025-10-07,745197.02,0.75,0.2,0.05,0.578,0.372,0.05,17.2,62.9,-0.0216,0.0172,6.4
PS2154,C0120,2025-11-06,756683.23,0.75,0.2,0.05,0.716,0.234,0.05,3.4,59.7,-0.071,-0.0189,6.4
PS2155,C0120,2025-12-06,741358.0,0.75,0.2,0.05,0.706,0.244,0.05,4.4,72.2,0.0989,0.0102,6.4
PS2156,C0120,2026-01-05,755848.61,0.75,0.2,0.05,0.738,0.212,0.05,1.2,70.8,0.0054,0.04,6.4
PS2157,C0120,2026-02-04,783379.84,0.75,0.2,0.05,0.713,0.237,0.05,3.7,75.5,0.1722,0.0205,6.4
PS2158,C0120,2026-03-06,763876.46,0.75,0.2,0.05,0.681,0.269,0.05,6.9,78.5,0.1915,0.0346,6.4
PS2159,C0120,2026-04-05,752170.89,0.75,0.2,0.05,0.759,0.191,0.05,0.9,78.4,-0.0376,-0.0034,6.4
PS2160,C0120,2026-05-05,749822.11,0.75,0.2,0.05,0.822,0.128,0.05,7.2,81.2,-0.0124,-0.0311,6.4
PS2161,C0121,2024-12-11,573420.07,0.3,0.5,0.2,0.301,0.499,0.2,0.1,52.6,0.1307,0.0329,1.0
PS2162,C0121,2025-01-10,550408.72,0.3,0.5,0.2,0.304,0.496,0.2,0.4,47.2,-0.1731,0.032,1.0
PS2163,C0121,2025-02-09,550529.95,0.3,0.5,0.2,0.338,0.462,0.2,3.8,54.2,0.1536,-0.0369,1.0
PS2164,C0121,2025-03-11,553688.68,0.3,0.5,0.2,0.208,0.592,0.2,9.2,58.7,-0.1196,0.0334,1.0
PS2165,C0121,2025-04-10,565332.11,0.3,0.5,0.2,0.345,0.455,0.2,4.5,50.7,-0.0771,-0.0259,1.0
PS2166,C0121,2025-05-10,583290.33,0.3,0.5,0.2,0.277,0.523,0.2,2.3,53.7,0.0195,-0.0271,1.0
PS2167,C0121,2025-06-09,591245.6,0.3,0.5,0.2,0.335,0.465,0.2,3.5,58.5,0.0116,-0.0307,1.0
PS2168,C0121,2025-07-09,623188.17,0.3,0.5,0.2,0.355,0.445,0.2,5.5,63.7,-0.0209,0.0095,1.0
PS2169,C0121,2025-08-08,665507.36,0.3,0.5,0.2,0.292,0.508,0.2,0.8,62.9,-0.0091,-0.0333,1.0
PS2170,C0121,2025-09-07,673071.29,0.3,0.5,0.2,0.34,0.46,0.2,4.0,66.4,0.0005,-0.0044,1.0
PS2171,C0121,2025-10-07,695692.2,0.3,0.5,0.2,0.314,0.486,0.2,1.4,67.1,0.0344,0.0156,1.0
PS2172,C0121,2025-11-06,710750.2,0.3,0.5,0.2,0.243,0.557,0.2,5.7,65.9,0.0975,0.0119,1.0
PS2173,C0121,2025-12-06,682452.97,0.3,0.5,0.2,0.238,0.562,0.2,6.2,68.0,0.0488,-0.0056,1.0
PS2174,C0121,2026-01-05,737488.24,0.3,0.5,0.2,0.233,0.567,0.2,6.7,75.5,0.0622,0.0254,1.0
PS2175,C0121,2026-02-04,707641.37,0.3,0.5,0.2,0.262,0.538,0.2,3.8,68.5,0.0761,-0.0109,1.0
PS2176,C0121,2026-03-06,687799.93,0.3,0.5,0.2,0.336,0.464,0.2,3.6,74.0,0.1263,-0.0563,1.0
PS2177,C0121,2026-04-05,749208.26,0.3,0.5,0.2,0.356,0.444,0.2,5.6,77.7,0.0736,-0.0427,1.0
PS2178,C0121,2026-05-05,745581.99,0.3,0.5,0.2,0.201,0.599,0.2,9.9,74.0,0.1223,0.0231,1.0
PS2179,C0122,2024-12-11,916475.27,0.55,0.35,0.1,0.508,0.392,0.1,4.2,44.8,-0.0157,-0.018,6.1
PS2180,C0122,2025-01-10,876788.95,0.55,0.35,0.1,0.56,0.34,0.1,1.0,48.0,0.0564,0.0215,6.1
PS2181,C0122,2025-02-09,893167.73,0.55,0.35,0.1,0.489,0.411,0.1,6.1,49.8,0.0367,0.0002,6.1
PS2182,C0122,2025-03-11,867572.37,0.55,0.35,0.1,0.486,0.414,0.1,6.4,51.5,-0.147,-0.0001,6.1
PS2183,C0122,2025-04-10,887900.61,0.55,0.35,0.1,0.432,0.468,0.1,11.8,58.3,0.0473,0.0281,6.1
PS2184,C0122,2025-05-10,892842.15,0.55,0.35,0.1,0.552,0.348,0.1,0.2,53.7,-0.0949,0.0076,6.1
PS2185,C0122,2025-06-09,858965.29,0.55,0.35,0.1,0.607,0.293,0.1,5.7,45.5,0.0823,0.0088,6.1
PS2186,C0122,2025-07-09,906370.69,0.55,0.35,0.1,0.603,0.297,0.1,5.3,65.4,-0.014,0.0261,6.1
PS2187,C0122,2025-08-08,949732.89,0.55,0.35,0.1,0.587,0.313,0.1,3.7,56.3,-0.1047,0.0191,6.1
PS2188,C0122,2025-09-07,946512.44,0.55,0.35,0.1,0.462,0.438,0.1,8.8,58.8,0.13,0.0139,6.1
PS2189,C0122,2025-10-07,982169.39,0.55,0.35,0.1,0.471,0.429,0.1,7.9,62.2,-0.0178,-0.0472,6.1
PS2190,C0122,2025-11-06,972208.02,0.55,0.35,0.1,0.489,0.411,0.1,6.1,68.2,0.0896,-0.0241,6.1
PS2191,C0122,2025-12-06,946549.34,0.55,0.35,0.1,0.584,0.316,0.1,3.4,66.3,-0.0325,-0.0042,6.1
PS2192,C0122,2026-01-05,949693.91,0.55,0.35,0.1,0.506,0.394,0.1,4.4,66.5,0.0471,0.0314,6.1
PS2193,C0122,2026-02-04,996666.89,0.55,0.35,0.1,0.574,0.326,0.1,2.4,72.0,0.1292,-0.0022,6.1
PS2194,C0122,2026-03-06,976183.98,0.55,0.35,0.1,0.533,0.367,0.1,1.7,69.9,0.0804,0.0146,6.1
PS2195,C0122,2026-04-05,975595.93,0.55,0.35,0.1,0.507,0.393,0.1,4.3,81.6,0.0426,-0.0198,6.1
PS2196,C0122,2026-05-05,981854.96,0.55,0.35,0.1,0.608,0.292,0.1,5.8,79.4,-0.0574,-0.0256,6.1
PS2197,C0123,2024-12-11,209328.74,0.75,0.2,0.05,0.775,0.175,0.05,2.5,49.1,0.0469,0.0068,5.9
PS2198,C0123,2025-01-10,217539.85,0.75,0.2,0.05,0.704,0.246,0.05,4.6,52.2,0.1178,-0.0225,5.9
PS2199,C0123,2025-02-09,211339.78,0.75,0.2,0.05,0.667,0.283,0.05,8.3,49.8,-0.0274,0.0323,5.9
PS2200,C0123,2025-03-11,214388.43,0.75,0.2,0.05,0.665,0.285,0.05,8.5,52.1,0.1078,-0.0198,5.9
PS2201,C0123,2025-04-10,214015.27,0.75,0.2,0.05,0.805,0.145,0.05,5.5,62.9,0.0738,-0.0204,5.9
PS2202,C0123,2025-05-10,210555.79,0.75,0.2,0.05,0.834,0.116,0.05,8.4,60.6,0.1015,-0.0617,5.9
PS2203,C0123,2025-06-09,202571.64,0.75,0.2,0.05,0.653,0.297,0.05,9.7,54.8,-0.1165,0.0231,5.9
PS2204,C0123,2025-07-09,206001.2,0.75,0.2,0.05,0.68,0.27,0.05,7.0,61.6,0.0539,-0.018,5.9
PS2205,C0123,2025-08-08,201780.54,0.75,0.2,0.05,0.786,0.164,0.05,3.6,68.3,-0.1134,-0.0285,5.9
PS2206,C0123,2025-09-07,222605.28,0.75,0.2,0.05,0.705,0.245,0.05,4.5,57.7,0.078,0.0103,5.9
PS2207,C0123,2025-10-07,206513.66,0.75,0.2,0.05,0.75,0.2,0.05,0.0,62.3,0.0673,0.0217,5.9
PS2208,C0123,2025-11-06,213693.45,0.75,0.2,0.05,0.79,0.16,0.05,4.0,62.9,0.0578,-0.0171,5.9
PS2209,C0123,2025-12-06,215899.56,0.75,0.2,0.05,0.897,0.053,0.05,14.7,68.4,0.0646,-0.018,5.9
PS2210,C0123,2026-01-05,218971.31,0.75,0.2,0.05,0.642,0.308,0.05,10.8,73.1,0.1326,-0.0625,5.9
PS2211,C0123,2026-02-04,210328.92,0.75,0.2,0.05,0.684,0.266,0.05,6.6,69.7,-0.001,-0.0018,5.9
PS2212,C0123,2026-03-06,211107.77,0.75,0.2,0.05,0.769,0.181,0.05,1.9,76.0,0.1086,-0.0127,5.9
PS2213,C0123,2026-04-05,211515.68,0.75,0.2,0.05,0.745,0.205,0.05,0.5,63.9,0.039,0.0402,5.9
PS2214,C0123,2026-05-05,228117.11,0.75,0.2,0.05,0.803,0.147,0.05,5.3,76.6,0.1315,0.0135,5.9
PS2215,C0124,2024-12-11,3637013.81,0.55,0.35,0.1,0.651,0.249,0.1,10.1,54.5,0.0318,0.0223,7.3
PS2216,C0124,2025-01-10,3580991.86,0.55,0.35,0.1,0.659,0.241,0.1,10.9,47.3,0.1612,-0.0327,7.3
PS2217,C0124,2025-02-09,3597945.21,0.55,0.35,0.1,0.494,0.406,0.1,5.6,51.2,0.1019,0.0198,7.3
PS2218,C0124,2025-03-11,3696323.28,0.55,0.35,0.1,0.378,0.522,0.1,17.2,52.0,0.0488,0.0153,7.3
PS2219,C0124,2025-04-10,3557781.18,0.55,0.35,0.1,0.478,0.422,0.1,7.2,49.9,-0.0908,-0.0226,7.3
PS2220,C0124,2025-05-10,3676425.92,0.55,0.35,0.1,0.555,0.345,0.1,0.5,59.1,0.0118,0.0352,7.3
PS2221,C0124,2025-06-09,3666474.75,0.55,0.35,0.1,0.559,0.341,0.1,0.9,54.7,0.1503,0.0079,7.3
PS2222,C0124,2025-07-09,3515947.53,0.55,0.35,0.1,0.547,0.353,0.1,0.3,59.7,0.079,-0.0104,7.3
PS2223,C0124,2025-08-08,3683697.08,0.55,0.35,0.1,0.6,0.3,0.1,5.0,64.1,-0.0355,-0.0022,7.3
PS2224,C0124,2025-09-07,3709385.92,0.55,0.35,0.1,0.58,0.32,0.1,3.0,56.7,0.0052,0.0097,7.3
PS2225,C0124,2025-10-07,3856142.41,0.55,0.35,0.1,0.559,0.341,0.1,0.9,66.4,0.0161,0.0029,7.3
PS2226,C0124,2025-11-06,3950278.27,0.55,0.35,0.1,0.339,0.561,0.1,21.1,73.4,0.1244,0.0296,7.3
PS2227,C0124,2025-12-06,3989663.25,0.55,0.35,0.1,0.553,0.347,0.1,0.3,66.4,0.0462,0.0232,7.3
PS2228,C0124,2026-01-05,4143659.79,0.55,0.35,0.1,0.606,0.294,0.1,5.6,70.9,0.0067,-0.0009,7.3
PS2229,C0124,2026-02-04,4219528.13,0.55,0.35,0.1,0.533,0.367,0.1,1.7,78.3,0.096,-0.0346,7.3
PS2230,C0124,2026-03-06,4174885.38,0.55,0.35,0.1,0.488,0.412,0.1,6.2,71.6,-0.0217,-0.0157,7.3
PS2231,C0124,2026-04-05,4088786.41,0.55,0.35,0.1,0.564,0.336,0.1,1.4,70.9,0.0218,0.0492,7.3
PS2232,C0124,2026-05-05,4020099.38,0.55,0.35,0.1,0.581,0.319,0.1,3.1,78.9,0.018,-0.0062,7.3
PS2233,C0125,2024-12-11,75078.41,0.55,0.35,0.1,0.55,0.35,0.1,0.0,48.1,-0.0164,-0.0163,7.0
PS2234,C0125,2025-01-10,75382.93,0.55,0.35,0.1,0.497,0.403,0.1,5.3,52.3,0.0658,0.0098,7.0
PS2235,C0125,2025-02-09,76784.97,0.55,0.35,0.1,0.456,0.444,0.1,9.4,52.5,0.0608,-0.0078,7.0
PS2236,C0125,2025-03-11,75388.23,0.55,0.35,0.1,0.465,0.435,0.1,8.5,47.3,0.0911,0.0057,7.0
PS2237,C0125,2025-04-10,78929.62,0.55,0.35,0.1,0.661,0.239,0.1,11.1,57.4,0.0419,-0.0141,7.0
PS2238,C0125,2025-05-10,81048.28,0.55,0.35,0.1,0.469,0.431,0.1,8.1,64.2,0.1279,0.0092,7.0
PS2239,C0125,2025-06-09,84900.26,0.55,0.35,0.1,0.541,0.359,0.1,0.9,54.2,-0.0421,-0.0209,7.0
PS2240,C0125,2025-07-09,86901.52,0.55,0.35,0.1,0.518,0.382,0.1,3.2,58.3,-0.1327,-0.0239,7.0
PS2241,C0125,2025-08-08,81407.05,0.55,0.35,0.1,0.481,0.419,0.1,6.9,58.4,0.0595,0.0237,7.0
PS2242,C0125,2025-09-07,84904.24,0.55,0.35,0.1,0.472,0.428,0.1,7.8,59.2,0.0777,-0.0026,7.0
PS2243,C0125,2025-10-07,86715.27,0.55,0.35,0.1,0.45,0.45,0.1,10.0,65.3,0.0406,0.0147,7.0
PS2244,C0125,2025-11-06,88403.68,0.55,0.35,0.1,0.457,0.443,0.1,9.3,70.6,0.1776,0.0234,7.0
PS2245,C0125,2025-12-06,90295.03,0.55,0.35,0.1,0.578,0.322,0.1,2.8,69.1,0.0871,0.0178,7.0
PS2246,C0125,2026-01-05,86995.38,0.55,0.35,0.1,0.609,0.291,0.1,5.9,74.8,0.0635,0.0322,7.0
PS2247,C0125,2026-02-04,94564.89,0.55,0.35,0.1,0.557,0.343,0.1,0.7,73.5,-0.1357,0.0057,7.0
PS2248,C0125,2026-03-06,94739.9,0.55,0.35,0.1,0.612,0.288,0.1,6.2,69.1,0.1319,0.0045,7.0
PS2249,C0125,2026-04-05,97321.56,0.55,0.35,0.1,0.609,0.291,0.1,5.9,75.3,0.1312,0.0177,7.0
PS2250,C0125,2026-05-05,92606.97,0.55,0.35,0.1,0.577,0.323,0.1,2.7,80.4,0.0822,-0.0195,7.0
PS2251,C0126,2024-12-11,21504242.85,0.55,0.35,0.1,0.477,0.423,0.1,7.3,44.7,0.1057,0.0042,6.3
PS2252,C0126,2025-01-10,19735154.23,0.55,0.35,0.1,0.565,0.335,0.1,1.5,50.8,0.0175,-0.0483,6.3
PS2253,C0126,2025-02-09,19284048.78,0.55,0.35,0.1,0.576,0.324,0.1,2.6,48.7,0.0353,0.0297,6.3
PS2254,C0126,2025-03-11,18224758.92,0.55,0.35,0.1,0.525,0.375,0.1,2.5,55.2,0.0401,0.0427,6.3
PS2255,C0126,2025-04-10,19387366.42,0.55,0.35,0.1,0.542,0.358,0.1,0.8,53.7,0.0658,-0.037,6.3
PS2256,C0126,2025-05-10,18200156.01,0.55,0.35,0.1,0.4,0.5,0.1,15.0,61.2,-0.039,-0.0223,6.3
PS2257,C0126,2025-06-09,18715832.21,0.55,0.35,0.1,0.58,0.32,0.1,3.0,54.2,0.1652,-0.0242,6.3
PS2258,C0126,2025-07-09,17965747.47,0.55,0.35,0.1,0.512,0.388,0.1,3.8,63.2,-0.0844,0.0341,6.3
PS2259,C0126,2025-08-08,17759140.69,0.55,0.35,0.1,0.596,0.304,0.1,4.6,60.7,0.0611,0.0222,6.3
PS2260,C0126,2025-09-07,17396430.07,0.55,0.35,0.1,0.474,0.426,0.1,7.6,70.8,-0.0218,0.0246,6.3
PS2261,C0126,2025-10-07,16724036.28,0.55,0.35,0.1,0.46,0.44,0.1,9.0,63.2,0.0042,0.0317,6.3
PS2262,C0126,2025-11-06,16190448.93,0.55,0.35,0.1,0.524,0.376,0.1,2.6,77.9,-0.0125,0.0157,6.3
PS2263,C0126,2025-12-06,15904302.66,0.55,0.35,0.1,0.588,0.312,0.1,3.8,69.8,0.1053,-0.0035,6.3
PS2264,C0126,2026-01-05,16940784.18,0.55,0.35,0.1,0.635,0.265,0.1,8.5,77.3,0.0807,-0.0086,6.3
PS2265,C0126,2026-02-04,15875589.87,0.55,0.35,0.1,0.441,0.459,0.1,10.9,69.2,0.0299,-0.0017,6.3
PS2266,C0126,2026-03-06,15769858.46,0.55,0.35,0.1,0.577,0.323,0.1,2.7,74.5,-0.049,0.0274,6.3
PS2267,C0126,2026-04-05,15675994.03,0.55,0.35,0.1,0.545,0.355,0.1,0.5,74.0,0.0014,-0.0006,6.3
PS2268,C0126,2026-05-05,15579683.98,0.55,0.35,0.1,0.578,0.322,0.1,2.8,82.6,0.0328,0.0151,6.3
PS2269,C0127,2024-12-11,144947.88,0.55,0.35,0.1,0.591,0.309,0.1,4.1,53.1,0.1365,-0.0157,3.2
PS2270,C0127,2025-01-10,146488.69,0.55,0.35,0.1,0.659,0.241,0.1,10.9,54.1,-0.0702,0.0189,3.2
PS2271,C0127,2025-02-09,148410.56,0.55,0.35,0.1,0.633,0.267,0.1,8.3,48.1,0.0635,-0.0465,3.2
PS2272,C0127,2025-03-11,140434.9,0.55,0.35,0.1,0.58,0.32,0.1,3.0,56.1,-0.0022,0.0309,3.2
PS2273,C0127,2025-04-10,138276.06,0.55,0.35,0.1,0.487,0.413,0.1,6.3,54.7,0.0206,-0.0227,3.2
PS2274,C0127,2025-05-10,133063.53,0.55,0.35,0.1,0.52,0.38,0.1,3.0,50.4,0.1417,0.0076,3.2
PS2275,C0127,2025-06-09,132820.42,0.55,0.35,0.1,0.545,0.355,0.1,0.5,60.9,0.1407,-0.0183,3.2
PS2276,C0127,2025-07-09,131422.93,0.55,0.35,0.1,0.549,0.351,0.1,0.1,55.9,-0.0441,0.0174,3.2
PS2277,C0127,2025-08-08,132784.18,0.55,0.35,0.1,0.569,0.331,0.1,1.9,58.3,0.0525,0.0015,3.2
PS2278,C0127,2025-09-07,136144.44,0.55,0.35,0.1,0.499,0.401,0.1,5.1,67.7,0.0503,0.0266,3.2
PS2279,C0127,2025-10-07,126952.72,0.55,0.35,0.1,0.625,0.275,0.1,7.5,63.8,0.1294,0.0483,3.2
PS2280,C0127,2025-11-06,135845.42,0.55,0.35,0.1,0.556,0.344,0.1,0.6,72.8,0.132,0.0157,3.2
PS2281,C0127,2025-12-06,137694.7,0.55,0.35,0.1,0.638,0.262,0.1,8.8,73.6,-0.0185,-0.02,3.2
PS2282,C0127,2026-01-05,143009.55,0.55,0.35,0.1,0.588,0.312,0.1,3.8,72.4,0.1481,0.0049,3.2
PS2283,C0127,2026-02-04,153204.68,0.55,0.35,0.1,0.578,0.322,0.1,2.8,74.9,0.098,-0.0102,3.2
PS2284,C0127,2026-03-06,151313.8,0.55,0.35,0.1,0.523,0.377,0.1,2.7,71.6,0.1293,0.0041,3.2
PS2285,C0127,2026-04-05,148851.27,0.55,0.35,0.1,0.544,0.356,0.1,0.6,78.8,-0.0039,0.0397,3.2
PS2286,C0127,2026-05-05,150071.98,0.55,0.35,0.1,0.543,0.357,0.1,0.7,77.3,0.0408,0.0048,3.2
PS2287,C0128,2024-12-11,2463358.72,0.55,0.35,0.1,0.549,0.351,0.1,0.1,47.7,0.0592,0.0571,6.3
PS2288,C0128,2025-01-10,2428425.74,0.55,0.35,0.1,0.614,0.286,0.1,6.4,55.4,0.0256,0.0535,6.3
PS2289,C0128,2025-02-09,2399125.59,0.55,0.35,0.1,0.593,0.307,0.1,4.3,43.5,0.0132,-0.0001,6.3
PS2290,C0128,2025-03-11,2428760.96,0.55,0.35,0.1,0.524,0.376,0.1,2.6,52.3,0.0262,0.0095,6.3
PS2291,C0128,2025-04-10,2461765.94,0.55,0.35,0.1,0.536,0.364,0.1,1.4,56.3,0.1518,0.0234,6.3
PS2292,C0128,2025-05-10,2420538.78,0.55,0.35,0.1,0.479,0.421,0.1,7.1,55.9,0.0045,-0.0627,6.3
PS2293,C0128,2025-06-09,2424473.84,0.55,0.35,0.1,0.561,0.339,0.1,1.1,58.1,0.0591,-0.0172,6.3
PS2294,C0128,2025-07-09,2623753.36,0.55,0.35,0.1,0.559,0.341,0.1,0.9,65.0,0.0643,0.0054,6.3
PS2295,C0128,2025-08-08,2605651.29,0.55,0.35,0.1,0.591,0.309,0.1,4.1,58.8,-0.0431,-0.0426,6.3
PS2296,C0128,2025-09-07,2608572.01,0.55,0.35,0.1,0.591,0.309,0.1,4.1,63.9,0.1053,0.037,6.3
PS2297,C0128,2025-10-07,2520338.24,0.55,0.35,0.1,0.616,0.284,0.1,6.6,67.0,-0.0276,0.0269,6.3
PS2298,C0128,2025-11-06,2668669.39,0.55,0.35,0.1,0.539,0.361,0.1,1.1,71.7,0.1956,0.0222,6.3
PS2299,C0128,2025-12-06,2766751.78,0.55,0.35,0.1,0.619,0.281,0.1,6.9,67.2,0.0769,-0.0179,6.3
PS2300,C0128,2026-01-05,2803567.29,0.55,0.35,0.1,0.535,0.365,0.1,1.5,71.9,0.0606,-0.0315,6.3
PS2301,C0128,2026-02-04,2733122.72,0.55,0.35,0.1,0.61,0.29,0.1,6.0,80.0,0.0232,-0.0045,6.3
PS2302,C0128,2026-03-06,2803966.69,0.55,0.35,0.1,0.615,0.285,0.1,6.5,71.0,0.0732,-0.0428,6.3
PS2303,C0128,2026-04-05,2942013.84,0.55,0.35,0.1,0.499,0.401,0.1,5.1,76.4,-0.0441,-0.0024,6.3
PS2304,C0128,2026-05-05,3062821.58,0.55,0.35,0.1,0.625,0.275,0.1,7.5,68.6,-0.031,-0.0172,6.3
PS2305,C0129,2024-12-11,3428895.79,0.75,0.2,0.05,0.767,0.183,0.05,1.7,49.3,0.022,-0.0055,6.8
PS2306,C0129,2025-01-10,3375604.22,0.75,0.2,0.05,0.801,0.149,0.05,5.1,49.0,0.083,-0.0281,6.8
PS2307,C0129,2025-02-09,3508066.79,0.75,0.2,0.05,0.676,0.274,0.05,7.4,50.1,0.1061,0.0391,6.8
PS2308,C0129,2025-03-11,3582768.48,0.75,0.2,0.05,0.743,0.207,0.05,0.7,46.8,0.0921,-0.0052,6.8
PS2309,C0129,2025-04-10,3729435.19,0.75,0.2,0.05,0.766,0.184,0.05,1.6,59.0,0.1392,0.019,6.8
PS2310,C0129,2025-05-10,3995762.82,0.75,0.2,0.05,0.686,0.264,0.05,6.4,53.1,0.115,-0.0047,6.8
PS2311,C0129,2025-06-09,4147658.76,0.75,0.2,0.05,0.804,0.146,0.05,5.4,60.0,0.0791,-0.0449,6.8
PS2312,C0129,2025-07-09,4204395.46,0.75,0.2,0.05,0.715,0.235,0.05,3.5,66.6,-0.0229,0.0115,6.8
PS2313,C0129,2025-08-08,4194989.24,0.75,0.2,0.05,0.717,0.233,0.05,3.3,65.4,0.0534,0.016,6.8
PS2314,C0129,2025-09-07,4377938.63,0.75,0.2,0.05,0.842,0.108,0.05,9.2,67.5,0.0873,0.0445,6.8
PS2315,C0129,2025-10-07,4474785.25,0.75,0.2,0.05,0.765,0.185,0.05,1.5,65.2,0.1699,0.0642,6.8
PS2316,C0129,2025-11-06,4334977.78,0.75,0.2,0.05,0.645,0.305,0.05,10.5,66.9,0.0844,0.0241,6.8
PS2317,C0129,2025-12-06,4352447.48,0.75,0.2,0.05,0.708,0.242,0.05,4.2,65.9,0.1893,-0.0165,6.8
PS2318,C0129,2026-01-05,4611065.21,0.75,0.2,0.05,0.767,0.183,0.05,1.7,75.3,-0.0675,-0.0303,6.8
PS2319,C0129,2026-02-04,4842552.43,0.75,0.2,0.05,0.764,0.186,0.05,1.4,67.9,0.1138,0.0035,6.8
PS2320,C0129,2026-03-06,4916260.02,0.75,0.2,0.05,0.838,0.112,0.05,8.8,63.3,0.1213,-0.0044,6.8
PS2321,C0129,2026-04-05,5102058.61,0.75,0.2,0.05,0.738,0.212,0.05,1.2,78.8,0.2735,0.0114,6.8
PS2322,C0129,2026-05-05,4952073.7,0.75,0.2,0.05,0.666,0.284,0.05,8.4,65.9,0.1777,-0.0067,6.8
PS2323,C0130,2024-12-11,301233.38,0.55,0.35,0.1,0.634,0.266,0.1,8.4,53.8,0.0443,0.0239,3.1
PS2324,C0130,2025-01-10,308975.2,0.55,0.35,0.1,0.561,0.339,0.1,1.1,46.4,0.0795,0.0058,3.1
PS2325,C0130,2025-02-09,313401.05,0.55,0.35,0.1,0.559,0.341,0.1,0.9,54.3,0.0118,0.0356,3.1
PS2326,C0130,2025-03-11,304204.54,0.55,0.35,0.1,0.536,0.364,0.1,1.4,58.9,0.0833,0.012,3.1
PS2327,C0130,2025-04-10,311570.59,0.55,0.35,0.1,0.625,0.275,0.1,7.5,57.9,0.0899,-0.0069,3.1
PS2328,C0130,2025-05-10,320114.23,0.55,0.35,0.1,0.552,0.348,0.1,0.2,60.1,0.0062,0.0148,3.1
PS2329,C0130,2025-06-09,334431.37,0.55,0.35,0.1,0.623,0.277,0.1,7.3,62.0,0.0961,0.0133,3.1
PS2330,C0130,2025-07-09,349144.77,0.55,0.35,0.1,0.542,0.358,0.1,0.8,61.7,0.1336,0.0295,3.1
PS2331,C0130,2025-08-08,326988.06,0.55,0.35,0.1,0.541,0.359,0.1,0.9,53.3,0.0096,0.0113,3.1
PS2332,C0130,2025-09-07,300053.71,0.55,0.35,0.1,0.587,0.313,0.1,3.7,57.1,0.0768,0.0303,3.1
PS2333,C0130,2025-10-07,299773.96,0.55,0.35,0.1,0.588,0.312,0.1,3.8,63.6,-0.022,-0.0182,3.1
PS2334,C0130,2025-11-06,317440.85,0.55,0.35,0.1,0.628,0.272,0.1,7.8,70.4,0.0831,0.0281,3.1
PS2335,C0130,2025-12-06,317829.49,0.55,0.35,0.1,0.643,0.257,0.1,9.3,78.0,0.0909,-0.0006,3.1
PS2336,C0130,2026-01-05,323623.84,0.55,0.35,0.1,0.586,0.314,0.1,3.6,70.4,0.0106,0.0231,3.1
PS2337,C0130,2026-02-04,344761.12,0.55,0.35,0.1,0.431,0.469,0.1,11.9,63.0,0.1085,0.003,3.1
PS2338,C0130,2026-03-06,345817.63,0.55,0.35,0.1,0.533,0.367,0.1,1.7,75.7,0.0045,0.0773,3.1
PS2339,C0130,2026-04-05,346097.96,0.55,0.35,0.1,0.545,0.355,0.1,0.5,60.2,0.0427,-0.0146,3.1
PS2340,C0130,2026-05-05,341311.36,0.55,0.35,0.1,0.474,0.426,0.1,7.6,76.2,0.2827,-0.0242,3.1
PS2341,C0131,2024-12-11,954970.6,0.55,0.35,0.1,0.585,0.315,0.1,3.5,43.9,-0.1157,0.0938,3.3
PS2342,C0131,2025-01-10,959640.45,0.55,0.35,0.1,0.459,0.441,0.1,9.1,58.9,-0.0816,-0.0125,3.3
PS2343,C0131,2025-02-09,954285.73,0.55,0.35,0.1,0.594,0.306,0.1,4.4,59.0,0.2372,0.0384,3.3
PS2344,C0131,2025-03-11,985819.21,0.55,0.35,0.1,0.583,0.317,0.1,3.3,54.7,0.0296,0.0143,3.3
PS2345,C0131,2025-04-10,1009478.8,0.55,0.35,0.1,0.506,0.394,0.1,4.4,64.9,-0.0403,0.0201,3.3
PS2346,C0131,2025-05-10,1004004.35,0.55,0.35,0.1,0.54,0.36,0.1,1.0,60.4,0.1476,0.0113,3.3
PS2347,C0131,2025-06-09,1029021.11,0.55,0.35,0.1,0.475,0.425,0.1,7.5,64.7,0.0331,0.0263,3.3
PS2348,C0131,2025-07-09,956713.64,0.55,0.35,0.1,0.499,0.401,0.1,5.1,65.1,0.0631,0.0155,3.3
PS2349,C0131,2025-08-08,969033.5,0.55,0.35,0.1,0.531,0.369,0.1,1.9,56.1,0.178,0.0385,3.3
PS2350,C0131,2025-09-07,1001447.22,0.55,0.35,0.1,0.549,0.351,0.1,0.1,69.1,0.0429,-0.0328,3.3
PS2351,C0131,2025-10-07,1001591.5,0.55,0.35,0.1,0.589,0.311,0.1,3.9,62.1,0.1276,0.012,3.3
PS2352,C0131,2025-11-06,1011920.5,0.55,0.35,0.1,0.556,0.344,0.1,0.6,68.1,-0.0463,0.0129,3.3
PS2353,C0131,2025-12-06,1095031.64,0.55,0.35,0.1,0.515,0.385,0.1,3.5,61.4,0.0224,-0.0533,3.3
PS2354,C0131,2026-01-05,1029652.45,0.55,0.35,0.1,0.516,0.384,0.1,3.4,66.4,0.0971,-0.0044,3.3
PS2355,C0131,2026-02-04,1033692.6,0.55,0.35,0.1,0.502,0.398,0.1,4.8,72.2,0.0871,-0.0235,3.3
PS2356,C0131,2026-03-06,1100159.78,0.55,0.35,0.1,0.492,0.408,0.1,5.8,70.3,0.1904,0.0555,3.3
PS2357,C0131,2026-04-05,1160634.56,0.55,0.35,0.1,0.553,0.347,0.1,0.3,66.8,0.0164,0.0362,3.3
PS2358,C0131,2026-05-05,1183287.88,0.55,0.35,0.1,0.616,0.284,0.1,6.6,69.6,-0.0035,0.0458,3.3
PS2359,C0132,2024-12-11,213158.02,0.75,0.2,0.05,0.777,0.173,0.05,2.7,48.9,0.0768,-0.0165,7.1
PS2360,C0132,2025-01-10,223420.61,0.75,0.2,0.05,0.724,0.226,0.05,2.6,44.3,-0.0322,-0.0238,7.1
PS2361,C0132,2025-02-09,236489.4,0.75,0.2,0.05,0.767,0.183,0.05,1.7,53.8,-0.005,0.0168,7.1
PS2362,C0132,2025-03-11,234645.01,0.75,0.2,0.05,0.694,0.256,0.05,5.6,57.4,0.0115,-0.0307,7.1
PS2363,C0132,2025-04-10,231837.1,0.75,0.2,0.05,0.844,0.106,0.05,9.4,55.2,0.1088,0.0277,7.1
PS2364,C0132,2025-05-10,229664.34,0.75,0.2,0.05,0.768,0.182,0.05,1.8,55.4,0.0225,0.0026,7.1
PS2365,C0132,2025-06-09,228699.49,0.75,0.2,0.05,0.833,0.117,0.05,8.3,56.5,0.0986,-0.0301,7.1
PS2366,C0132,2025-07-09,224685.19,0.75,0.2,0.05,0.737,0.213,0.05,1.3,50.8,0.0555,-0.011,7.1
PS2367,C0132,2025-08-08,231178.38,0.75,0.2,0.05,0.61,0.34,0.05,14.0,58.9,0.054,-0.0236,7.1
PS2368,C0132,2025-09-07,228316.92,0.75,0.2,0.05,0.716,0.234,0.05,3.4,62.6,0.0835,-0.0369,7.1
PS2369,C0132,2025-10-07,215274.96,0.75,0.2,0.05,0.84,0.11,0.05,9.0,66.1,-0.0426,-0.0178,7.1
PS2370,C0132,2025-11-06,211202.27,0.75,0.2,0.05,0.707,0.243,0.05,4.3,72.3,0.043,0.0027,7.1
PS2371,C0132,2025-12-06,207356.86,0.75,0.2,0.05,0.768,0.182,0.05,1.8,71.7,-0.0514,-0.0021,7.1
PS2372,C0132,2026-01-05,206606.22,0.75,0.2,0.05,0.773,0.177,0.05,2.3,72.4,0.0149,0.01,7.1
PS2373,C0132,2026-02-04,216527.52,0.75,0.2,0.05,0.855,0.095,0.05,10.5,65.3,0.0557,-0.003,7.1
PS2374,C0132,2026-03-06,217344.2,0.75,0.2,0.05,0.715,0.235,0.05,3.5,70.3,0.1439,-0.01,7.1
PS2375,C0132,2026-04-05,221747.07,0.75,0.2,0.05,0.698,0.252,0.05,5.2,76.3,0.0776,-0.0038,7.1
PS2376,C0132,2026-05-05,216788.2,0.75,0.2,0.05,0.751,0.199,0.05,0.1,76.6,0.1008,-0.0023,7.1
PS2377,C0133,2024-12-11,4037001.03,0.55,0.35,0.1,0.526,0.374,0.1,2.4,48.9,0.1896,0.0131,4.4
PS2378,C0133,2025-01-10,4034748.43,0.55,0.35,0.1,0.589,0.311,0.1,3.9,49.8,-0.0119,0.0313,4.4
PS2379,C0133,2025-02-09,3865153.78,0.55,0.35,0.1,0.548,0.352,0.1,0.2,55.8,0.124,-0.0047,4.4
PS2380,C0133,2025-03-11,3912131.23,0.55,0.35,0.1,0.563,0.337,0.1,1.3,57.8,0.1696,0.0043,4.4
PS2381,C0133,2025-04-10,3868011.93,0.55,0.35,0.1,0.593,0.307,0.1,4.3,56.1,0.13,-0.0118,4.4
PS2382,C0133,2025-05-10,3975546.76,0.55,0.35,0.1,0.49,0.41,0.1,6.0,51.4,0.0005,0.0054,4.4
PS2383,C0133,2025-06-09,3900116.27,0.55,0.35,0.1,0.666,0.234,0.1,11.6,55.1,0.1717,0.0002,4.4
PS2384,C0133,2025-07-09,4002209.42,0.55,0.35,0.1,0.635,0.265,0.1,8.5,59.8,0.1005,0.022,4.4
PS2385,C0133,2025-08-08,4051497.05,0.55,0.35,0.1,0.5,0.4,0.1,5.0,60.6,-0.0923,-0.03,4.4
PS2386,C0133,2025-09-07,3939973.85,0.55,0.35,0.1,0.464,0.436,0.1,8.6,60.2,0.0022,0.0262,4.4
PS2387,C0133,2025-10-07,3922881.64,0.55,0.35,0.1,0.591,0.309,0.1,4.1,63.6,0.0881,0.0047,4.4
PS2388,C0133,2025-11-06,3945071.52,0.55,0.35,0.1,0.53,0.37,0.1,2.0,62.7,0.0443,0.0185,4.4
PS2389,C0133,2025-12-06,4269564.8,0.55,0.35,0.1,0.612,0.288,0.1,6.2,67.4,0.0757,-0.02,4.4
PS2390,C0133,2026-01-05,4685461.95,0.55,0.35,0.1,0.542,0.358,0.1,0.8,69.5,0.0655,0.0023,4.4
PS2391,C0133,2026-02-04,4640261.4,0.55,0.35,0.1,0.57,0.33,0.1,2.0,78.0,0.0252,-0.0122,4.4
PS2392,C0133,2026-03-06,4614533.4,0.55,0.35,0.1,0.61,0.29,0.1,6.0,66.9,-0.0247,0.0283,4.4
PS2393,C0133,2026-04-05,4403312.92,0.55,0.35,0.1,0.483,0.417,0.1,6.7,76.8,0.0356,0.0419,4.4
PS2394,C0133,2026-05-05,4327139.86,0.55,0.35,0.1,0.503,0.397,0.1,4.7,84.9,-0.0215,-0.0495,4.4
PS2395,C0134,2024-12-11,222905.39,0.75,0.2,0.05,0.684,0.266,0.05,6.6,45.9,0.0001,-0.0084,7.7
PS2396,C0134,2025-01-10,217717.95,0.75,0.2,0.05,0.656,0.294,0.05,9.4,43.2,-0.0125,-0.0095,7.7
PS2397,C0134,2025-02-09,224522.86,0.75,0.2,0.05,0.869,0.081,0.05,11.9,51.8,0.0043,0.0282,7.7
PS2398,C0134,2025-03-11,233905.36,0.75,0.2,0.05,0.85,0.1,0.05,10.0,51.1,0.112,-0.0386,7.7
PS2399,C0134,2025-04-10,247026.49,0.75,0.2,0.05,0.749,0.201,0.05,0.1,53.1,-0.0246,-0.0147,7.7
PS2400,C0134,2025-05-10,243369.06,0.75,0.2,0.05,0.774,0.176,0.05,2.4,64.0,0.1014,-0.0132,7.7
PS2401,C0134,2025-06-09,241449.96,0.75,0.2,0.05,0.688,0.262,0.05,6.2,71.9,-0.0109,0.0019,7.7
PS2402,C0134,2025-07-09,227861.36,0.75,0.2,0.05,0.674,0.276,0.05,7.6,58.7,0.1001,0.0027,7.7
PS2403,C0134,2025-08-08,237396.13,0.75,0.2,0.05,0.761,0.189,0.05,1.1,69.2,-0.124,-0.0159,7.7
PS2404,C0134,2025-09-07,240681.56,0.75,0.2,0.05,0.792,0.158,0.05,4.2,65.9,0.0572,-0.0273,7.7
PS2405,C0134,2025-10-07,239782.32,0.75,0.2,0.05,0.734,0.216,0.05,1.6,59.8,-0.0187,0.0199,7.7
PS2406,C0134,2025-11-06,253878.55,0.75,0.2,0.05,0.813,0.137,0.05,6.3,64.9,0.1354,-0.0107,7.7
PS2407,C0134,2025-12-06,256168.86,0.75,0.2,0.05,0.767,0.183,0.05,1.7,71.3,0.1918,0.0178,7.7
PS2408,C0134,2026-01-05,253305.73,0.75,0.2,0.05,0.763,0.187,0.05,1.3,57.1,0.0774,0.0088,7.7
PS2409,C0134,2026-02-04,252888.15,0.75,0.2,0.05,0.753,0.197,0.05,0.3,79.4,-0.0373,-0.0397,7.7
PS2410,C0134,2026-03-06,238515.74,0.75,0.2,0.05,0.823,0.127,0.05,7.3,65.3,0.04,-0.0079,7.7
PS2411,C0134,2026-04-05,223384.42,0.75,0.2,0.05,0.871,0.079,0.05,12.1,71.2,0.0649,0.0212,7.7
PS2412,C0134,2026-05-05,226223.49,0.75,0.2,0.05,0.803,0.147,0.05,5.3,80.1,0.071,0.0358,7.7
PS2413,C0135,2024-12-11,20656247.37,0.75,0.2,0.05,0.77,0.18,0.05,2.0,56.8,0.0252,0.038,4.4
PS2414,C0135,2025-01-10,20731455.18,0.75,0.2,0.05,0.756,0.194,0.05,0.6,45.9,-0.0588,-0.0044,4.4
PS2415,C0135,2025-02-09,20229348.0,0.75,0.2,0.05,0.712,0.238,0.05,3.8,48.9,0.1097,-0.0093,4.4
PS2416,C0135,2025-03-11,20264586.46,0.75,0.2,0.05,0.684,0.266,0.05,6.6,59.0,0.0992,0.0355,4.4
PS2417,C0135,2025-04-10,19317155.22,0.75,0.2,0.05,0.668,0.282,0.05,8.2,54.0,0.115,-0.0124,4.4
PS2418,C0135,2025-05-10,18322392.16,0.75,0.2,0.05,0.798,0.152,0.05,4.8,61.4,0.1354,0.0088,4.4
PS2419,C0135,2025-06-09,18700494.28,0.75,0.2,0.05,0.803,0.147,0.05,5.3,56.3,0.1669,0.0249,4.4
PS2420,C0135,2025-07-09,18041039.24,0.75,0.2,0.05,0.78,0.17,0.05,3.0,54.1,-0.0512,-0.0154,4.4
PS2421,C0135,2025-08-08,18395190.14,0.75,0.2,0.05,0.779,0.171,0.05,2.9,62.7,0.0594,0.0249,4.4
PS2422,C0135,2025-09-07,18520722.59,0.75,0.2,0.05,0.787,0.163,0.05,3.7,61.8,0.2261,0.0049,4.4
PS2423,C0135,2025-10-07,17912312.02,0.75,0.2,0.05,0.786,0.164,0.05,3.6,62.8,-0.0529,-0.0109,4.4
PS2424,C0135,2025-11-06,17763243.17,0.75,0.2,0.05,0.778,0.172,0.05,2.8,73.1,0.1888,0.0047,4.4
PS2425,C0135,2025-12-06,17579064.45,0.75,0.2,0.05,0.899,0.051,0.05,14.9,70.8,0.0069,0.0138,4.4
PS2426,C0135,2026-01-05,17375638.58,0.75,0.2,0.05,0.844,0.106,0.05,9.4,75.0,-0.0959,-0.0173,4.4
PS2427,C0135,2026-02-04,17808345.96,0.75,0.2,0.05,0.743,0.207,0.05,0.7,78.2,0.0379,0.0059,4.4
PS2428,C0135,2026-03-06,17613042.31,0.75,0.2,0.05,0.745,0.205,0.05,0.5,70.4,-0.1313,-0.0329,4.4
PS2429,C0135,2026-04-05,18807721.39,0.75,0.2,0.05,0.724,0.226,0.05,2.6,76.9,-0.0296,-0.0171,4.4
PS2430,C0135,2026-05-05,18823825.57,0.75,0.2,0.05,0.655,0.295,0.05,9.5,66.4,0.0615,0.0234,4.4
PS2431,C0136,2024-12-11,3636077.31,0.75,0.2,0.05,0.708,0.242,0.05,4.2,42.7,0.0678,0.0215,4.0
PS2432,C0136,2025-01-10,3701767.82,0.75,0.2,0.05,0.72,0.23,0.05,3.0,53.1,0.0985,-0.013,4.0
PS2433,C0136,2025-02-09,3701009.42,0.75,0.2,0.05,0.845,0.105,0.05,9.5,46.5,0.1811,-0.0249,4.0
PS2434,C0136,2025-03-11,3689579.85,0.75,0.2,0.05,0.695,0.255,0.05,5.5,57.2,0.0238,0.0054,4.0
PS2435,C0136,2025-04-10,3751966.51,0.75,0.2,0.05,0.691,0.259,0.05,5.9,54.9,-0.0252,-0.0403,4.0
PS2436,C0136,2025-05-10,3773832.89,0.75,0.2,0.05,0.781,0.169,0.05,3.1,59.5,0.0647,-0.0061,4.0
PS2437,C0136,2025-06-09,3873529.56,0.75,0.2,0.05,0.764,0.186,0.05,1.4,64.6,0.0192,0.0362,4.0
PS2438,C0136,2025-07-09,3689774.54,0.75,0.2,0.05,0.809,0.141,0.05,5.9,54.7,-0.0377,-0.0046,4.0
PS2439,C0136,2025-08-08,3920552.07,0.75,0.2,0.05,0.807,0.143,0.05,5.7,66.1,0.0988,0.0338,4.0
PS2440,C0136,2025-09-07,4116180.6,0.75,0.2,0.05,0.663,0.287,0.05,8.7,71.1,-0.0404,0.0032,4.0
PS2441,C0136,2025-10-07,4392237.39,0.75,0.2,0.05,0.76,0.19,0.05,1.0,55.5,0.0183,-0.0029,4.0
PS2442,C0136,2025-11-06,4288080.97,0.75,0.2,0.05,0.747,0.203,0.05,0.3,68.5,0.0878,-0.0179,4.0
PS2443,C0136,2025-12-06,4355637.69,0.75,0.2,0.05,0.771,0.179,0.05,2.1,57.6,0.0941,-0.0139,4.0
PS2444,C0136,2026-01-05,4340568.66,0.75,0.2,0.05,0.649,0.301,0.05,10.1,71.2,0.152,-0.0031,4.0
PS2445,C0136,2026-02-04,4427977.16,0.75,0.2,0.05,0.782,0.168,0.05,3.2,68.4,0.1664,-0.0022,4.0
PS2446,C0136,2026-03-06,4470986.99,0.75,0.2,0.05,0.741,0.209,0.05,0.9,72.4,-0.1885,0.0174,4.0
PS2447,C0136,2026-04-05,4696473.24,0.75,0.2,0.05,0.755,0.195,0.05,0.5,77.0,0.0544,0.0152,4.0
PS2448,C0136,2026-05-05,4769788.21,0.75,0.2,0.05,0.794,0.156,0.05,4.4,77.5,-0.0074,0.0533,4.0
PS2449,C0137,2024-12-11,2668742.92,0.55,0.35,0.1,0.604,0.296,0.1,5.4,58.4,0.0727,-0.0067,6.8
PS2450,C0137,2025-01-10,2797375.25,0.55,0.35,0.1,0.628,0.272,0.1,7.8,50.1,0.0846,-0.0258,6.8
PS2451,C0137,2025-02-09,2837465.31,0.55,0.35,0.1,0.628,0.272,0.1,7.8,53.8,-0.129,-0.017,6.8
PS2452,C0137,2025-03-11,2798556.72,0.55,0.35,0.1,0.565,0.335,0.1,1.5,47.8,0.0534,0.008,6.8
PS2453,C0137,2025-04-10,2808243.28,0.55,0.35,0.1,0.633,0.267,0.1,8.3,54.3,0.009,0.0106,6.8
PS2454,C0137,2025-05-10,2831260.38,0.55,0.35,0.1,0.569,0.331,0.1,1.9,47.7,-0.0233,0.0086,6.8
PS2455,C0137,2025-06-09,2937013.43,0.55,0.35,0.1,0.525,0.375,0.1,2.5,55.3,0.0331,-0.0332,6.8
PS2456,C0137,2025-07-09,3049187.35,0.55,0.35,0.1,0.678,0.222,0.1,12.8,57.9,0.1433,-0.0077,6.8
PS2457,C0137,2025-08-08,3131825.11,0.55,0.35,0.1,0.587,0.313,0.1,3.7,55.8,0.0476,-0.0254,6.8
PS2458,C0137,2025-09-07,3083605.95,0.55,0.35,0.1,0.543,0.357,0.1,0.7,67.5,0.1272,0.0132,6.8
PS2459,C0137,2025-10-07,3255646.83,0.55,0.35,0.1,0.444,0.456,0.1,10.6,65.1,0.006,0.0161,6.8
PS2460,C0137,2025-11-06,3083245.21,0.55,0.35,0.1,0.517,0.383,0.1,3.3,68.3,0.127,0.0371,6.8
PS2461,C0137,2025-12-06,3005875.86,0.55,0.35,0.1,0.519,0.381,0.1,3.1,58.3,-0.0361,0.0322,6.8
PS2462,C0137,2026-01-05,2988422.07,0.55,0.35,0.1,0.586,0.314,0.1,3.6,60.0,0.0702,0.0013,6.8
PS2463,C0137,2026-02-04,2856127.5,0.55,0.35,0.1,0.515,0.385,0.1,3.5,62.7,0.1239,0.0214,6.8
PS2464,C0137,2026-03-06,2838036.39,0.55,0.35,0.1,0.525,0.375,0.1,2.5,73.4,0.0789,-0.0269,6.8
PS2465,C0137,2026-04-05,2920417.07,0.55,0.35,0.1,0.49,0.41,0.1,6.0,72.3,-0.1241,-0.0204,6.8
PS2466,C0137,2026-05-05,2784531.93,0.55,0.35,0.1,0.544,0.356,0.1,0.6,76.8,0.0431,-0.0051,6.8
PS2467,C0138,2024-12-11,176869.22,0.75,0.2,0.05,0.729,0.221,0.05,2.1,44.7,0.241,-0.0357,4.3
PS2468,C0138,2025-01-10,186906.96,0.75,0.2,0.05,0.734,0.216,0.05,1.6,58.9,-0.011,0.021,4.3
PS2469,C0138,2025-02-09,194016.95,0.75,0.2,0.05,0.787,0.163,0.05,3.7,62.1,0.0282,0.0424,4.3
PS2470,C0138,2025-03-11,207513.53,0.75,0.2,0.05,0.822,0.128,0.05,7.2,55.2,0.0154,-0.0278,4.3
PS2471,C0138,2025-04-10,209294.32,0.75,0.2,0.05,0.711,0.239,0.05,3.9,50.7,0.0156,-0.0085,4.3
PS2472,C0138,2025-05-10,208041.58,0.75,0.2,0.05,0.692,0.258,0.05,5.8,55.9,0.042,-0.0174,4.3
PS2473,C0138,2025-06-09,205003.23,0.75,0.2,0.05,0.698,0.252,0.05,5.2,66.8,0.0773,0.0342,4.3
PS2474,C0138,2025-07-09,194170.21,0.75,0.2,0.05,0.703,0.247,0.05,4.7,69.9,-0.0945,-0.0056,4.3
PS2475,C0138,2025-08-08,188337.52,0.75,0.2,0.05,0.785,0.165,0.05,3.5,62.1,-0.0929,0.0226,4.3
PS2476,C0138,2025-09-07,205137.19,0.75,0.2,0.05,0.707,0.243,0.05,4.3,69.3,0.0008,0.0006,4.3
PS2477,C0138,2025-10-07,208068.82,0.75,0.2,0.05,0.777,0.173,0.05,2.7,68.4,0.0784,0.0305,4.3
PS2478,C0138,2025-11-06,203999.54,0.75,0.2,0.05,0.754,0.196,0.05,0.4,65.9,0.0502,0.0127,4.3
PS2479,C0138,2025-12-06,192169.71,0.75,0.2,0.05,0.743,0.207,0.05,0.7,65.6,0.112,0.0001,4.3
PS2480,C0138,2026-01-05,179149.78,0.75,0.2,0.05,0.854,0.096,0.05,10.4,65.6,0.0733,0.0004,4.3
PS2481,C0138,2026-02-04,177227.65,0.75,0.2,0.05,0.796,0.154,0.05,4.6,73.8,0.1147,-0.0016,4.3
PS2482,C0138,2026-03-06,177780.4,0.75,0.2,0.05,0.757,0.193,0.05,0.7,63.5,-0.0294,-0.017,4.3
PS2483,C0138,2026-04-05,187493.3,0.75,0.2,0.05,0.855,0.095,0.05,10.5,73.6,0.1069,-0.0024,4.3
PS2484,C0138,2026-05-05,187113.28,0.75,0.2,0.05,0.815,0.135,0.05,6.5,71.8,0.0029,0.0033,4.3
PS2485,C0139,2024-12-11,3203358.2,0.55,0.35,0.1,0.567,0.333,0.1,1.7,46.3,0.111,0.0268,6.2
PS2486,C0139,2025-01-10,3160026.57,0.55,0.35,0.1,0.516,0.384,0.1,3.4,53.2,0.0121,-0.02,6.2
PS2487,C0139,2025-02-09,3404634.89,0.55,0.35,0.1,0.496,0.404,0.1,5.4,50.2,0.1532,-0.003,6.2
PS2488,C0139,2025-03-11,3249037.9,0.55,0.35,0.1,0.588,0.312,0.1,3.8,43.3,0.0132,-0.0274,6.2
PS2489,C0139,2025-04-10,3211863.93,0.55,0.35,0.1,0.513,0.387,0.1,3.7,61.6,0.0095,0.0353,6.2
PS2490,C0139,2025-05-10,3315068.7,0.55,0.35,0.1,0.523,0.377,0.1,2.7,59.1,0.1255,-0.0337,6.2
PS2491,C0139,2025-06-09,3336808.4,0.55,0.35,0.1,0.482,0.418,0.1,6.8,65.0,0.0785,0.0274,6.2
PS2492,C0139,2025-07-09,3339909.55,0.55,0.35,0.1,0.578,0.322,0.1,2.8,64.3,0.04,0.0528,6.2
PS2493,C0139,2025-08-08,3216942.41,0.55,0.35,0.1,0.534,0.366,0.1,1.6,50.1,0.1277,-0.0057,6.2
PS2494,C0139,2025-09-07,3016581.42,0.55,0.35,0.1,0.651,0.249,0.1,10.1,69.7,0.102,-0.0031,6.2
PS2495,C0139,2025-10-07,2924629.06,0.55,0.35,0.1,0.534,0.366,0.1,1.6,66.1,0.0271,0.0087,6.2
PS2496,C0139,2025-11-06,2926991.08,0.55,0.35,0.1,0.543,0.357,0.1,0.7,76.0,0.1101,0.0753,6.2
PS2497,C0139,2025-12-06,2942245.29,0.55,0.35,0.1,0.625,0.275,0.1,7.5,72.0,0.0278,0.0008,6.2
PS2498,C0139,2026-01-05,3021828.87,0.55,0.35,0.1,0.614,0.286,0.1,6.4,70.3,0.0982,-0.041,6.2
PS2499,C0139,2026-02-04,3100609.29,0.55,0.35,0.1,0.533,0.367,0.1,1.7,68.0,-0.0234,0.0061,6.2
PS2500,C0139,2026-03-06,3152696.03,0.55,0.35,0.1,0.545,0.355,0.1,0.5,71.9,0.027,0.0241,6.2
PS2501,C0139,2026-04-05,3068075.01,0.55,0.35,0.1,0.593,0.307,0.1,4.3,77.1,0.0438,0.0433,6.2
PS2502,C0139,2026-05-05,3155000.85,0.55,0.35,0.1,0.43,0.47,0.1,12.0,74.6,0.0241,0.0375,6.2
PS2503,C0140,2024-12-11,755147.71,0.55,0.35,0.1,0.539,0.361,0.1,1.1,52.4,-0.0571,0.0555,1.6
PS2504,C0140,2025-01-10,779754.33,0.55,0.35,0.1,0.554,0.346,0.1,0.4,51.3,0.0118,-0.0326,1.6
PS2505,C0140,2025-02-09,736451.11,0.55,0.35,0.1,0.462,0.438,0.1,8.8,48.8,0.1054,-0.0279,1.6
PS2506,C0140,2025-03-11,748368.15,0.55,0.35,0.1,0.568,0.332,0.1,1.8,56.1,0.088,0.0517,1.6
PS2507,C0140,2025-04-10,695866.3,0.55,0.35,0.1,0.46,0.44,0.1,9.0,51.0,0.0639,0.0682,1.6
PS2508,C0140,2025-05-10,728518.35,0.55,0.35,0.1,0.562,0.338,0.1,1.2,50.9,-0.0178,0.0012,1.6
PS2509,C0140,2025-06-09,735467.14,0.55,0.35,0.1,0.431,0.469,0.1,11.9,58.2,0.0676,0.0231,1.6
PS2510,C0140,2025-07-09,746575.54,0.55,0.35,0.1,0.542,0.358,0.1,0.8,65.0,0.0451,-0.0016,1.6
PS2511,C0140,2025-08-08,786258.56,0.55,0.35,0.1,0.603,0.297,0.1,5.3,56.7,0.0567,0.0224,1.6
PS2512,C0140,2025-09-07,734403.54,0.55,0.35,0.1,0.536,0.364,0.1,1.4,66.3,0.0113,0.0344,1.6
PS2513,C0140,2025-10-07,753304.82,0.55,0.35,0.1,0.619,0.281,0.1,6.9,62.6,0.1352,0.0183,1.6
PS2514,C0140,2025-11-06,770555.08,0.55,0.35,0.1,0.609,0.291,0.1,5.9,67.2,0.1707,-0.0027,1.6
PS2515,C0140,2025-12-06,791227.36,0.55,0.35,0.1,0.632,0.268,0.1,8.2,72.7,0.1613,-0.029,1.6
PS2516,C0140,2026-01-05,791364.24,0.55,0.35,0.1,0.534,0.366,0.1,1.6,67.1,0.1261,-0.0131,1.6
PS2517,C0140,2026-02-04,774708.62,0.55,0.35,0.1,0.498,0.402,0.1,5.2,75.6,0.0238,-0.0112,1.6
PS2518,C0140,2026-03-06,774207.5,0.55,0.35,0.1,0.538,0.362,0.1,1.2,74.8,0.0084,0.0045,1.6
PS2519,C0140,2026-04-05,758317.9,0.55,0.35,0.1,0.612,0.288,0.1,6.2,78.1,-0.0011,-0.03,1.6
PS2520,C0140,2026-05-05,768457.95,0.55,0.35,0.1,0.526,0.374,0.1,2.4,84.2,0.0168,-0.0191,1.6
PS2521,C0141,2024-12-11,350767.61,0.9,0.08,0.02,0.82,0.16,0.02,8.0,56.6,0.1196,0.0108,10
PS2522,C0141,2025-01-10,358906.09,0.9,0.08,0.02,0.943,0.037,0.02,4.3,49.9,0.1187,-0.0233,10
PS2523,C0141,2025-02-09,349949.23,0.9,0.08,0.02,0.879,0.101,0.02,2.1,51.2,0.097,-0.0624,10
PS2524,C0141,2025-03-11,347586.18,0.9,0.08,0.02,0.892,0.088,0.02,0.8,56.8,-0.0244,0.008,10
PS2525,C0141,2025-04-10,348642.99,0.9,0.08,0.02,0.816,0.164,0.02,8.4,53.7,0.2235,-0.0087,10
PS2526,C0141,2025-05-10,339395.51,0.9,0.08,0.02,0.958,0.022,0.02,5.8,59.2,-0.0463,-0.0135,10
PS2527,C0141,2025-06-09,369108.95,0.9,0.08,0.02,0.974,0.006,0.02,7.4,61.1,0.1463,-0.0351,10
PS2528,C0141,2025-07-09,379701.65,0.9,0.08,0.02,0.789,0.191,0.02,11.1,60.5,-0.0483,0.0078,10
PS2529,C0141,2025-08-08,378096.02,0.9,0.08,0.02,0.89,0.09,0.02,1.0,59.1,-0.0274,-0.0193,10
PS2530,C0141,2025-09-07,378580.85,0.9,0.08,0.02,0.952,0.028,0.02,5.2,55.9,0.1234,-0.0017,10
PS2531,C0141,2025-10-07,375140.35,0.9,0.08,0.02,0.815,0.165,0.02,8.5,52.1,0.0935,-0.0065,10
PS2532,C0141,2025-11-06,381569.63,0.9,0.08,0.02,0.863,0.117,0.02,3.7,68.0,0.0073,0.0319,10
PS2533,C0141,2025-12-06,374208.13,0.9,0.08,0.02,0.93,0.05,0.02,3.0,66.8,0.0829,0.0536,10
PS2534,C0141,2026-01-05,387220.75,0.9,0.08,0.02,0.919,0.061,0.02,1.9,66.2,-0.0102,-0.0163,10
PS2535,C0141,2026-02-04,399870.33,0.9,0.08,0.02,0.83,0.15,0.02,7.0,68.2,-0.0166,0.0183,10
PS2536,C0141,2026-03-06,371643.87,0.9,0.08,0.02,0.902,0.078,0.02,0.2,82.0,0.0627,-0.0064,10
PS2537,C0141,2026-04-05,395964.92,0.9,0.08,0.02,0.891,0.089,0.02,0.9,67.7,0.0101,-0.0066,10
PS2538,C0141,2026-05-05,399855.3,0.9,0.08,0.02,0.827,0.153,0.02,7.3,70.9,0.0379,-0.009,10
PS2539,C0142,2024-12-11,479723.03,0.55,0.35,0.1,0.566,0.334,0.1,1.6,49.6,0.1337,0.0233,5.7
PS2540,C0142,2025-01-10,473731.87,0.55,0.35,0.1,0.497,0.403,0.1,5.3,40.7,0.0347,-0.0265,5.7
PS2541,C0142,2025-02-09,519106.06,0.55,0.35,0.1,0.583,0.317,0.1,3.3,55.2,0.0359,-0.0082,5.7
PS2542,C0142,2025-03-11,519561.89,0.55,0.35,0.1,0.515,0.385,0.1,3.5,53.4,0.0481,-0.0051,5.7
PS2543,C0142,2025-04-10,510360.38,0.55,0.35,0.1,0.608,0.292,0.1,5.8,61.2,0.1588,-0.0016,5.7
PS2544,C0142,2025-05-10,509986.04,0.55,0.35,0.1,0.519,0.381,0.1,3.1,44.1,-0.059,0.0184,5.7
PS2545,C0142,2025-06-09,519474.2,0.55,0.35,0.1,0.501,0.399,0.1,4.9,57.5,-0.0002,-0.0018,5.7
PS2546,C0142,2025-07-09,510880.35,0.55,0.35,0.1,0.59,0.31,0.1,4.0,59.2,0.1522,0.0793,5.7
PS2547,C0142,2025-08-08,512143.11,0.55,0.35,0.1,0.571,0.329,0.1,2.1,56.3,0.1081,0.0021,5.7
PS2548,C0142,2025-09-07,501377.15,0.55,0.35,0.1,0.606,0.294,0.1,5.6,63.0,-0.0236,0.0012,5.7
PS2549,C0142,2025-10-07,475148.53,0.55,0.35,0.1,0.56,0.34,0.1,1.0,74.1,0.2264,-0.0158,5.7
PS2550,C0142,2025-11-06,482201.22,0.55,0.35,0.1,0.558,0.342,0.1,0.8,71.0,-0.1147,0.0137,5.7
PS2551,C0142,2025-12-06,487165.78,0.55,0.35,0.1,0.568,0.332,0.1,1.8,67.8,0.1223,0.0228,5.7
PS2552,C0142,2026-01-05,473199.53,0.55,0.35,0.1,0.593,0.307,0.1,4.3,74.6,-0.0077,-0.0096,5.7
PS2553,C0142,2026-02-04,479616.38,0.55,0.35,0.1,0.544,0.356,0.1,0.6,67.7,0.0658,0.0294,5.7
PS2554,C0142,2026-03-06,488362.6,0.55,0.35,0.1,0.494,0.406,0.1,5.6,70.0,0.0418,-0.0171,5.7
PS2555,C0142,2026-04-05,521904.63,0.55,0.35,0.1,0.467,0.433,0.1,8.3,75.7,0.1117,0.0064,5.7
PS2556,C0142,2026-05-05,506938.74,0.55,0.35,0.1,0.593,0.307,0.1,4.3,74.5,0.0382,-0.0326,5.7
PS2557,C0143,2024-12-11,584260.0,0.75,0.2,0.05,0.838,0.112,0.05,8.8,47.3,0.0315,-0.0014,7.3
PS2558,C0143,2025-01-10,602189.37,0.75,0.2,0.05,0.766,0.184,0.05,1.6,50.9,0.0374,-0.0078,7.3
PS2559,C0143,2025-02-09,657278.56,0.75,0.2,0.05,0.786,0.164,0.05,3.6,51.8,0.0853,0.0295,7.3
PS2560,C0143,2025-03-11,687941.94,0.75,0.2,0.05,0.725,0.225,0.05,2.5,57.2,0.12,0.0091,7.3
PS2561,C0143,2025-04-10,710618.88,0.75,0.2,0.05,0.713,0.237,0.05,3.7,57.8,0.1048,0.0476,7.3
PS2562,C0143,2025-05-10,716974.0,0.75,0.2,0.05,0.708,0.242,0.05,4.2,53.3,-0.0215,0.0299,7.3
PS2563,C0143,2025-06-09,721372.47,0.75,0.2,0.05,0.791,0.159,0.05,4.1,64.2,0.0359,-0.0153,7.3
PS2564,C0143,2025-07-09,728844.53,0.75,0.2,0.05,0.7,0.25,0.05,5.0,56.2,0.0604,0.0313,7.3
PS2565,C0143,2025-08-08,783739.74,0.75,0.2,0.05,0.716,0.234,0.05,3.4,47.1,0.1815,0.0133,7.3
PS2566,C0143,2025-09-07,835039.66,0.75,0.2,0.05,0.824,0.126,0.05,7.4,49.8,0.0665,0.0228,7.3
PS2567,C0143,2025-10-07,888333.89,0.75,0.2,0.05,0.705,0.245,0.05,4.5,65.4,0.1817,0.0327,7.3
PS2568,C0143,2025-11-06,884494.06,0.75,0.2,0.05,0.697,0.253,0.05,5.3,68.1,0.0239,0.0026,7.3
PS2569,C0143,2025-12-06,844611.2,0.75,0.2,0.05,0.704,0.246,0.05,4.6,62.5,-0.0112,-0.0081,7.3
PS2570,C0143,2026-01-05,845122.44,0.75,0.2,0.05,0.786,0.164,0.05,3.6,80.1,0.1719,0.0548,7.3
PS2571,C0143,2026-02-04,827001.71,0.75,0.2,0.05,0.803,0.147,0.05,5.3,70.7,0.0066,0.0128,7.3
PS2572,C0143,2026-03-06,863677.2,0.75,0.2,0.05,0.729,0.221,0.05,2.1,74.2,-0.0605,0.0125,7.3
PS2573,C0143,2026-04-05,858866.71,0.75,0.2,0.05,0.744,0.206,0.05,0.6,77.8,-0.0537,0.0001,7.3
PS2574,C0143,2026-05-05,816439.49,0.75,0.2,0.05,0.734,0.216,0.05,1.6,72.6,0.0521,0.0445,7.3
PS2575,C0144,2024-12-11,96457.67,0.55,0.35,0.1,0.468,0.432,0.1,8.2,46.9,0.1515,-0.0058,7.1
PS2576,C0144,2025-01-10,97633.54,0.55,0.35,0.1,0.519,0.381,0.1,3.1,47.4,0.1022,-0.04,7.1
PS2577,C0144,2025-02-09,99463.6,0.55,0.35,0.1,0.637,0.263,0.1,8.7,51.5,0.1305,-0.0046,7.1
PS2578,C0144,2025-03-11,104588.84,0.55,0.35,0.1,0.51,0.39,0.1,4.0,44.6,0.1509,-0.0014,7.1
PS2579,C0144,2025-04-10,103464.94,0.55,0.35,0.1,0.58,0.32,0.1,3.0,59.2,-0.0793,0.0541,7.1
PS2580,C0144,2025-05-10,104738.2,0.55,0.35,0.1,0.498,0.402,0.1,5.2,55.9,0.0893,0.0172,7.1
PS2581,C0144,2025-06-09,107896.92,0.55,0.35,0.1,0.45,0.45,0.1,10.0,62.1,0.0661,-0.0177,7.1
PS2582,C0144,2025-07-09,104703.23,0.55,0.35,0.1,0.579,0.321,0.1,2.9,62.6,0.102,0.033,7.1
PS2583,C0144,2025-08-08,103308.94,0.55,0.35,0.1,0.563,0.337,0.1,1.3,56.7,0.0611,-0.0301,7.1
PS2584,C0144,2025-09-07,106964.81,0.55,0.35,0.1,0.536,0.364,0.1,1.4,56.5,0.1667,0.0144,7.1
PS2585,C0144,2025-10-07,109823.14,0.55,0.35,0.1,0.62,0.28,0.1,7.0,64.0,-0.0652,0.0394,7.1
PS2586,C0144,2025-11-06,115269.25,0.55,0.35,0.1,0.607,0.293,0.1,5.7,58.6,0.047,-0.0764,7.1
PS2587,C0144,2025-12-06,116231.09,0.55,0.35,0.1,0.612,0.288,0.1,6.2,60.3,-0.0138,0.0297,7.1
PS2588,C0144,2026-01-05,124469.31,0.55,0.35,0.1,0.47,0.43,0.1,8.0,61.6,0.079,0.0053,7.1
PS2589,C0144,2026-02-04,130625.01,0.55,0.35,0.1,0.552,0.348,0.1,0.2,77.4,0.2698,-0.0034,7.1
PS2590,C0144,2026-03-06,133287.71,0.55,0.35,0.1,0.587,0.313,0.1,3.7,77.9,-0.0121,-0.0058,7.1
PS2591,C0144,2026-04-05,135564.99,0.55,0.35,0.1,0.552,0.348,0.1,0.2,72.7,0.131,0.0123,7.1
PS2592,C0144,2026-05-05,134461.33,0.55,0.35,0.1,0.48,0.42,0.1,7.0,67.4,-0.0425,0.0108,7.1
PS2593,C0145,2024-12-11,86229.16,0.9,0.08,0.02,0.833,0.147,0.02,6.7,55.5,-0.0116,0.0153,5.9
PS2594,C0145,2025-01-10,87647.61,0.9,0.08,0.02,0.823,0.157,0.02,7.7,52.0,0.0308,0.0092,5.9
PS2595,C0145,2025-02-09,85080.32,0.9,0.08,0.02,0.858,0.122,0.02,4.2,47.9,0.075,0.0321,5.9
PS2596,C0145,2025-03-11,86393.14,0.9,0.08,0.02,0.927,0.053,0.02,2.7,53.3,0.0719,0.0787,5.9
PS2597,C0145,2025-04-10,91275.44,0.9,0.08,0.02,0.87,0.11,0.02,3.0,65.2,0.0696,0.0174,5.9
PS2598,C0145,2025-05-10,91329.63,0.9,0.08,0.02,1,0,0,11.1,59.7,0.1676,-0.0107,5.9
PS2599,C0145,2025-06-09,88270.43,0.9,0.08,0.02,0.806,0.174,0.02,9.4,65.3,-0.005,0.0371,5.9
PS2600,C0145,2025-07-09,87335.26,0.9,0.08,0.02,0.895,0.085,0.02,0.5,69.0,-0.0063,0.0138,5.9
PS2601,C0145,2025-08-08,84955.64,0.9,0.08,0.02,0.887,0.093,0.02,1.3,63.7,-0.1287,0.0028,5.9
PS2602,C0145,2025-09-07,83201.79,0.9,0.08,0.02,0.793,0.187,0.02,10.7,55.8,0.1029,0.0306,5.9
PS2603,C0145,2025-10-07,83993.54,0.9,0.08,0.02,0.9,0.08,0.02,0.0,66.3,0.022,0.0091,5.9
PS2604,C0145,2025-11-06,76956.4,0.9,0.08,0.02,0.895,0.085,0.02,0.5,71.9,0.0188,0.0058,5.9
PS2605,C0145,2025-12-06,77517.53,0.9,0.08,0.02,0.944,0.036,0.02,4.4,69.2,0.102,-0.0132,5.9
PS2606,C0145,2026-01-05,81857.56,0.9,0.08,0.02,0.939,0.041,0.02,3.9,64.2,0.0692,0.031,5.9
PS2607,C0145,2026-02-04,82570.43,0.9,0.08,0.02,0.936,0.044,0.02,3.6,73.4,0.0153,0.0071,5.9
PS2608,C0145,2026-03-06,85638.86,0.9,0.08,0.02,0.864,0.116,0.02,3.6,75.2,-0.0217,0.0059,5.9
PS2609,C0145,2026-04-05,83110.21,0.9,0.08,0.02,0.885,0.095,0.02,1.5,80.8,0.1136,0.0097,5.9
PS2610,C0145,2026-05-05,83786.5,0.9,0.08,0.02,0.915,0.065,0.02,1.5,77.2,-0.022,0.0005,5.9
PS2611,C0146,2024-12-11,247232.48,0.75,0.2,0.05,0.787,0.163,0.05,3.7,45.0,-0.0234,0.0108,8.3
PS2612,C0146,2025-01-10,255767.65,0.75,0.2,0.05,0.763,0.187,0.05,1.3,49.7,0.2019,0.0529,8.3
PS2613,C0146,2025-02-09,251731.82,0.75,0.2,0.05,0.796,0.154,0.05,4.6,56.8,0.0912,-0.0061,8.3
PS2614,C0146,2025-03-11,241388.65,0.75,0.2,0.05,0.758,0.192,0.05,0.8,53.1,-0.022,0.0045,8.3
PS2615,C0146,2025-04-10,244150.04,0.75,0.2,0.05,0.816,0.134,0.05,6.6,59.3,0.0369,-0.0373,8.3
PS2616,C0146,2025-05-10,244799.27,0.75,0.2,0.05,0.757,0.193,0.05,0.7,51.2,-0.0632,0.007,8.3
PS2617,C0146,2025-06-09,239592.14,0.75,0.2,0.05,0.739,0.211,0.05,1.1,52.1,0.0294,0.0419,8.3
PS2618,C0146,2025-07-09,242319.95,0.75,0.2,0.05,0.733,0.217,0.05,1.7,58.9,0.017,-0.048,8.3
PS2619,C0146,2025-08-08,242554.45,0.75,0.2,0.05,0.722,0.228,0.05,2.8,63.6,0.1063,0.0441,8.3
PS2620,C0146,2025-09-07,239796.3,0.75,0.2,0.05,0.816,0.134,0.05,6.6,63.2,-0.0882,0.0136,8.3
PS2621,C0146,2025-10-07,250130.85,0.75,0.2,0.05,0.766,0.184,0.05,1.6,68.1,-0.0228,0.0126,8.3
PS2622,C0146,2025-11-06,252275.89,0.75,0.2,0.05,0.711,0.239,0.05,3.9,70.4,0.0195,0.0436,8.3
PS2623,C0146,2025-12-06,250417.63,0.75,0.2,0.05,0.74,0.21,0.05,1.0,66.2,0.0398,0.0191,8.3
PS2624,C0146,2026-01-05,253128.55,0.75,0.2,0.05,0.684,0.266,0.05,6.6,74.2,-0.0266,0.0102,8.3
PS2625,C0146,2026-02-04,256845.01,0.75,0.2,0.05,0.846,0.104,0.05,9.6,70.0,0.0618,0.0249,8.3
PS2626,C0146,2026-03-06,264762.81,0.75,0.2,0.05,0.746,0.204,0.05,0.4,71.8,-0.0643,0.0382,8.3
PS2627,C0146,2026-04-05,280210.96,0.75,0.2,0.05,0.815,0.135,0.05,6.5,71.5,0.0418,0.009,8.3
PS2628,C0146,2026-05-05,282847.03,0.75,0.2,0.05,0.68,0.27,0.05,7.0,76.2,0.0747,0.0365,8.3
PS2629,C0147,2024-12-11,297848.72,0.3,0.5,0.2,0.221,0.579,0.2,7.9,50.6,0.1074,-0.0038,4.1
PS2630,C0147,2025-01-10,303188.41,0.3,0.5,0.2,0.309,0.491,0.2,0.9,61.5,-0.0521,0.0047,4.1
PS2631,C0147,2025-02-09,309722.01,0.3,0.5,0.2,0.298,0.502,0.2,0.2,57.1,0.1172,-0.014,4.1
PS2632,C0147,2025-03-11,300730.94,0.3,0.5,0.2,0.274,0.526,0.2,2.6,65.0,0.1159,-0.0554,4.1
PS2633,C0147,2025-04-10,316920.46,0.3,0.5,0.2,0.335,0.465,0.2,3.5,58.4,0.1283,0.0201,4.1
PS2634,C0147,2025-05-10,306117.89,0.3,0.5,0.2,0.294,0.506,0.2,0.6,50.1,0.0696,-0.0253,4.1
PS2635,C0147,2025-06-09,308047.96,0.3,0.5,0.2,0.291,0.509,0.2,0.9,51.8,0.0294,-0.0063,4.1
PS2636,C0147,2025-07-09,291863.19,0.3,0.5,0.2,0.357,0.443,0.2,5.7,65.7,0.0534,0.0257,4.1
PS2637,C0147,2025-08-08,310135.92,0.3,0.5,0.2,0.368,0.432,0.2,6.8,57.4,0.0518,0.0127,4.1
PS2638,C0147,2025-09-07,342375.6,0.3,0.5,0.2,0.338,0.462,0.2,3.8,61.6,0.174,-0.0243,4.1
PS2639,C0147,2025-10-07,355025.63,0.3,0.5,0.2,0.337,0.463,0.2,3.7,73.9,-0.0057,0.015,4.1
PS2640,C0147,2025-11-06,344670.44,0.3,0.5,0.2,0.29,0.51,0.2,1.0,62.5,-0.0505,-0.0139,4.1
PS2641,C0147,2025-12-06,349155.35,0.3,0.5,0.2,0.33,0.47,0.2,3.0,70.0,0.0421,-0.0006,4.1
PS2642,C0147,2026-01-05,346836.74,0.3,0.5,0.2,0.365,0.435,0.2,6.5,68.6,0.0969,0.0172,4.1
PS2643,C0147,2026-02-04,352785.6,0.3,0.5,0.2,0.295,0.505,0.2,0.5,74.7,-0.0068,-0.0169,4.1
PS2644,C0147,2026-03-06,355031.21,0.3,0.5,0.2,0.298,0.502,0.2,0.2,68.6,0.0343,-0.0016,4.1
PS2645,C0147,2026-04-05,355062.43,0.3,0.5,0.2,0.373,0.427,0.2,7.3,74.3,0.0365,0.0515,4.1
PS2646,C0147,2026-05-05,359433.12,0.3,0.5,0.2,0.303,0.497,0.2,0.3,77.2,0.0435,-0.0148,4.1
PS2647,C0148,2024-12-11,2043075.66,0.75,0.2,0.05,0.753,0.197,0.05,0.3,57.1,0.1169,0.0429,7.9
PS2648,C0148,2025-01-10,1973699.27,0.75,0.2,0.05,0.76,0.19,0.05,1.0,45.1,-0.0149,0.0331,7.9
PS2649,C0148,2025-02-09,2079186.52,0.75,0.2,0.05,0.843,0.107,0.05,9.3,47.3,0.0747,0.0174,7.9
PS2650,C0148,2025-03-11,2139630.03,0.75,0.2,0.05,0.692,0.258,0.05,5.8,48.3,0.0411,0.0139,7.9
PS2651,C0148,2025-04-10,2138126.03,0.75,0.2,0.05,0.652,0.298,0.05,9.8,50.2,0.1017,0.049,7.9
PS2652,C0148,2025-05-10,2245038.87,0.75,0.2,0.05,0.815,0.135,0.05,6.5,51.3,0.0768,0.0292,7.9
PS2653,C0148,2025-06-09,2195789.27,0.75,0.2,0.05,0.661,0.289,0.05,8.9,57.5,0.0569,0.0691,7.9
PS2654,C0148,2025-07-09,2206187.03,0.75,0.2,0.05,0.807,0.143,0.05,5.7,64.2,-0.0436,-0.0184,7.9
PS2655,C0148,2025-08-08,2209047.89,0.75,0.2,0.05,0.757,0.193,0.05,0.7,63.0,0.1508,0.0331,7.9
PS2656,C0148,2025-09-07,2316309.15,0.75,0.2,0.05,0.732,0.218,0.05,1.8,65.6,-0.0859,-0.0047,7.9
PS2657,C0148,2025-10-07,2241444.28,0.75,0.2,0.05,0.786,0.164,0.05,3.6,68.3,0.1162,-0.0084,7.9
PS2658,C0148,2025-11-06,2160410.96,0.75,0.2,0.05,0.837,0.113,0.05,8.7,72.9,0.0255,-0.0635,7.9
PS2659,C0148,2025-12-06,2250511.18,0.75,0.2,0.05,0.684,0.266,0.05,6.6,66.4,-0.0184,-0.0472,7.9
PS2660,C0148,2026-01-05,2310726.12,0.75,0.2,0.05,0.729,0.221,0.05,2.1,75.5,-0.0194,0.0294,7.9
PS2661,C0148,2026-02-04,2137261.35,0.75,0.2,0.05,0.697,0.253,0.05,5.3,65.3,0.0605,-0.0108,7.9
PS2662,C0148,2026-03-06,2026212.32,0.75,0.2,0.05,0.743,0.207,0.05,0.7,71.9,0.0011,0.0419,7.9
PS2663,C0148,2026-04-05,2006178.55,0.75,0.2,0.05,0.767,0.183,0.05,1.7,74.7,-0.0025,0.0312,7.9
PS2664,C0148,2026-05-05,1965301.71,0.75,0.2,0.05,0.769,0.181,0.05,1.9,84.0,0.1691,-0.0127,7.9
PS2665,C0149,2024-12-11,798867.93,0.9,0.08,0.02,0.869,0.111,0.02,3.1,52.2,-0.0249,-0.029,6.0
PS2666,C0149,2025-01-10,816869.29,0.9,0.08,0.02,0.763,0.217,0.02,13.7,48.2,0.0583,0.0034,6.0
PS2667,C0149,2025-02-09,820656.73,0.9,0.08,0.02,0.957,0.023,0.02,5.7,69.0,0.0111,0.0175,6.0
PS2668,C0149,2025-03-11,819775.68,0.9,0.08,0.02,0.9,0.08,0.02,0.0,54.9,-0.0307,0.0026,6.0
PS2669,C0149,2025-04-10,808561.86,0.9,0.08,0.02,0.913,0.067,0.02,1.3,70.2,0.0308,0.0146,6.0
PS2670,C0149,2025-05-10,746674.15,0.9,0.08,0.02,0.806,0.174,0.02,9.4,52.6,0.0825,-0.0448,6.0
PS2671,C0149,2025-06-09,714873.9,0.9,0.08,0.02,0.9,0.08,0.02,0.0,64.7,0.088,0.0149,6.0
PS2672,C0149,2025-07-09,763981.59,0.9,0.08,0.02,0.979,0.001,0.02,7.9,61.8,0.1142,-0.0274,6.0
PS2673,C0149,2025-08-08,769368.41,0.9,0.08,0.02,0.908,0.072,0.02,0.8,64.8,0.1642,0.0406,6.0
PS2674,C0149,2025-09-07,796057.45,0.9,0.08,0.02,0.908,0.072,0.02,0.8,67.7,-0.0309,-0.0062,6.0
PS2675,C0149,2025-10-07,824809.47,0.9,0.08,0.02,0.859,0.121,0.02,4.1,60.1,0.0344,0.0327,6.0
PS2676,C0149,2025-11-06,861386.39,0.9,0.08,0.02,0.899,0.081,0.02,0.1,63.6,0.092,-0.0164,6.0
PS2677,C0149,2025-12-06,865344.27,0.9,0.08,0.02,0.963,0.017,0.02,6.3,71.7,0.0436,-0.007,6.0
PS2678,C0149,2026-01-05,878813.86,0.9,0.08,0.02,0.869,0.111,0.02,3.1,62.2,0.1039,0.0015,6.0
PS2679,C0149,2026-02-04,926018.97,0.9,0.08,0.02,0.906,0.074,0.02,0.6,65.6,0.0209,0.0392,6.0
PS2680,C0149,2026-03-06,957202.93,0.9,0.08,0.02,0.883,0.097,0.02,1.7,74.3,0.0296,0.0091,6.0
PS2681,C0149,2026-04-05,942298.17,0.9,0.08,0.02,0.825,0.155,0.02,7.5,75.8,0.0814,0.0025,6.0
PS2682,C0149,2026-05-05,977481.8,0.9,0.08,0.02,0.983,0,0.017,8.3,69.8,0.0499,-0.0024,6.0
PS2683,C0150,2024-12-11,15627761.49,0.55,0.35,0.1,0.672,0.228,0.1,12.2,51.2,0.0812,0.0302,4.3
PS2684,C0150,2025-01-10,16147025.35,0.55,0.35,0.1,0.559,0.341,0.1,0.9,50.5,0.0802,0.0252,4.3
PS2685,C0150,2025-02-09,17236359.32,0.55,0.35,0.1,0.636,0.264,0.1,8.6,48.9,0.066,0.0316,4.3
PS2686,C0150,2025-03-11,17077917.37,0.55,0.35,0.1,0.515,0.385,0.1,3.5,43.9,-0.1056,0.0379,4.3
PS2687,C0150,2025-04-10,16830139.65,0.55,0.35,0.1,0.59,0.31,0.1,4.0,65.6,0.014,0.0258,4.3
PS2688,C0150,2025-05-10,16713440.22,0.55,0.35,0.1,0.497,0.403,0.1,5.3,54.8,0.0541,-0.0057,4.3
PS2689,C0150,2025-06-09,16480767.42,0.55,0.35,0.1,0.601,0.299,0.1,5.1,57.2,-0.018,0.0078,4.3
PS2690,C0150,2025-07-09,17170662.27,0.55,0.35,0.1,0.572,0.328,0.1,2.2,65.2,0.2323,0.0248,4.3
PS2691,C0150,2025-08-08,17233807.03,0.55,0.35,0.1,0.497,0.403,0.1,5.3,62.2,0.0515,0.0156,4.3
PS2692,C0150,2025-09-07,17309051.6,0.55,0.35,0.1,0.51,0.39,0.1,4.0,67.3,0.1343,0.0081,4.3
PS2693,C0150,2025-10-07,16825888.02,0.55,0.35,0.1,0.525,0.375,0.1,2.5,58.0,0.0652,0.0125,4.3
PS2694,C0150,2025-11-06,16565442.36,0.55,0.35,0.1,0.648,0.252,0.1,9.8,70.0,0.0313,0.0537,4.3
PS2695,C0150,2025-12-06,16074388.93,0.55,0.35,0.1,0.569,0.331,0.1,1.9,66.3,-0.009,0.0018,4.3
PS2696,C0150,2026-01-05,16274001.02,0.55,0.35,0.1,0.503,0.397,0.1,4.7,69.9,0.052,-0.0049,4.3
PS2697,C0150,2026-02-04,16211768.72,0.55,0.35,0.1,0.548,0.352,0.1,0.2,77.3,0.0141,-0.0105,4.3
PS2698,C0150,2026-03-06,16049347.85,0.55,0.35,0.1,0.557,0.343,0.1,0.7,67.8,0.1092,0.0268,4.3
PS2699,C0150,2026-04-05,16596922.03,0.55,0.35,0.1,0.565,0.335,0.1,1.5,77.5,-0.0083,0.0569,4.3
PS2700,C0150,2026-05-05,16334761.4,0.55,0.35,0.1,0.531,0.369,0.1,1.9,83.7,0.06,-0.0344,4.3
